WorkerThreadPool: 12 threads, 3 max low-priority.
Godot Engine v4.6.stable.official.89cea1439 - https://godotengine.org
TextServer: Added interface "Dummy"
TextServer: Added interface "ICU / HarfBuzz / Graphite (Built-in)"
Unrecognized output string "misc2" in mapping:
030000000d0f00000202000000000000,Horipad O Nintendo Switch 2 Controller,a:b1,b:b0,back:b8,dpdown:h0.4,dpleft:h0.8,dpright:h0.2,dpup:h0.1,guide:b12,leftshoulder:b4,leftstick:b10,lefttrigger:b6,leftx:a0,lefty:a1,misc1:b13,misc2:b14,rightshoulder:b5,rightstick:b11,righttrigger:b7,rightx:a2,righty:a3,start:b9,x:b3,y:b2,platform:Windows,
Unrecognized output string "misc2" in mapping:
030000000d0f00009601000000000000,Horipad Steam,a:b0,b:b1,back:b10,dpdown:h0.4,dpleft:h0.8,dpright:h0.2,dpup:h0.1,guide:b12,leftshoulder:b6,leftstick:b13,lefttrigger:b8,leftx:a0,lefty:a1,misc2:b2,paddle1:b5,paddle2:b15,paddle3:b18,paddle4:b19,rightshoulder:b7,rightstick:b14,righttrigger:b9,rightx:a3,righty:a4,start:b11,x:b3,y:b4,platform:Windows,
Unrecognized output string "misc2" in mapping:
030000007e0500006920000000000000,Nintendo Switch 2 Pro Controller,a:b0,b:b1,back:b14,dpdown:b8,dpleft:b10,dpright:b9,dpup:b11,guide:b16,leftshoulder:b12,leftstick:b15,lefttrigger:b13,leftx:a0,lefty:a1~,misc1:b17,misc2:b20,paddle1:b18,paddle2:b19,rightshoulder:b4,rightstick:b7,righttrigger:b5,rightx:a2,righty:a3~,start:b6,x:b2,y:b3,platform:Windows,
Native OpenGL API detected: 3.3: NVIDIA - NVIDIA GeForce RTX 5060 Laptop GPU
NVAPI: Init OK!
NVAPI: Profile not found, creating...
NVAPI: Application not found in profile, creating...
NVAPI: Error creating application: NVAPI_EXECUTABLE_ALREADY_IN_USE(code -167)
SDL: Gamepad XInput Controller connected
SDL: Init OK!
Using "winink" pen tablet driver...
Shader 'CanvasSdfShaderGLES3' SHA256: b9718faec1782e5139496d2dae083d936043d0ecabeda65c5b92a07a17cecd33
Shader 'SkeletonShaderGLES3' SHA256: fb9cbf15b48ee6c34a0db09b1896bee95a3a97aa97bdb1f282d72d6c694e2598
Shader 'ParticlesShaderGLES3' SHA256: 7f716ee166e21861b8520b9f89a20de535771da43208854a301cf9abef9d7976
Shader 'ParticlesCopyShaderGLES3' SHA256: 600cbaed1622baa5605373f4ec7000f6d5408861f0e6c60ae661a72984253aaa
Shader 'CopyShaderGLES3' SHA256: ed8e55364f14bb9ab8eefb454c7bdade67784e645da98fc16e505c129cca684c
Shader 'CubemapFilterShaderGLES3' SHA256: 41c0d056700d50be72cdd7db1582bfe81ad8d3fa0f5880fe9f23ea3d65ba9ef2
Shader 'GlowShaderGLES3' SHA256: ba54af943a5836ab39fe344ac11dc58a0ccb0e583ebab014f25afd3d47ccca1b
Shader 'PostShaderGLES3' SHA256: ea6892c99544cb86fd31c8c3d9f620c09c101bd2d39cdf770c020dfa4592bc60
Shader 'FeedShaderGLES3' SHA256: a3fc826c42d91c276958c4e2f002e2e17eaf9d57d2cd66096fdc4c8469300a23
Shader 'CanvasShaderGLES3' SHA256: 8b38bf424986f92785129212b0f265252240ac5ec2f61539412bf72938914d1f
Shader 'CanvasOcclusionShaderGLES3' SHA256: b111f488b3881a5dc9091f30be4555c19fc88ab4efa80b3b8b990ff2efeb00b8
Shader 'SceneShaderGLES3' SHA256: ebd945223a7f218efd2f3fbbd1e74a9065db379ed973b36de7de688ab0cc74ee
Shader 'SkyShaderGLES3' SHA256: 1b23e2e8fd7716c22bf0bc433327281beec7b3812d64872a9bd0d5ba2cb984eb
OpenGL API 3.3.0 NVIDIA 617.14 - Compatibility - Using Device: NVIDIA - NVIDIA GeForce RTX 5060 Laptop GPU

TextServer: Primary interface set to: "ICU / HarfBuzz / Graphite (Built-in)".
CORE API HASH: 3663110324
EDITOR API HASH: 835956462
SceneTreeFTI: traversal method DEFAULT
Loading resource: res://scripts/core/StudioRuntimeBridge.gd
Loading resource: res://scripts/core/GameManager.gd
Loading resource: res://scripts/core/DialogueManager.gd
Loading resource: res://scripts/core/ShopManager.gd
Loading resource: res://scripts/core/QualityPresentation.gd
MbedTLS: Some X509 certificates could not be parsed (1 certificates skipped).
Loaded system CA certificates
Loading resource: res://scenes/test/CastleBacktrackingValidation.tscn
Loading resource: res://scripts/test/CastleBacktrackingValidation.gd
Loading resource: res://assets/vfx/hit_spark.png
Loading resource: res://.godot/imported/hit_spark.png-b5856c705e2806b5c32dda31e1022359.ctex
Loading resource: res://assets/vfx/death_puff.png
Loading resource: res://.godot/imported/death_puff.png-eaf796bf7957cf9b0ee482dcd63f611b.ctex
Loading resource: res://assets/vfx/dash_trail.png
Loading resource: res://.godot/imported/dash_trail.png-ce20a167c7418a8d94e0d4e148f9ffa4.ctex
Loading resource: res://assets/vfx/pickup_spark.png
Loading resource: res://.godot/imported/pickup_spark.png-dd9b20db8cdebb35e61d0034e0a2aa5b.ctex
Loading resource: res://assets/vfx/ability_unlock.png
Loading resource: res://.godot/imported/ability_unlock.png-343e87f205cd55b185f45c42603d3a5b.ctex
Loading resource: res://assets/vfx/boss_phase_shift.png
Loading resource: res://.godot/imported/boss_phase_shift.png-a8af2af2accd860801926283ec6dc434.ctex
Loading resource: res://assets/vfx/area_burst.png
Loading resource: res://.godot/imported/area_burst.png-6397c336594483b5ba8cf7cbf30ca9f3.ctex
Loading resource: res://assets/vfx/slam_shock.png
Loading resource: res://.godot/imported/slam_shock.png-950e009079a8c838f42e5d3e32bd2140.ctex
Loading resource: res://assets/vfx/landing_dust.png
Loading resource: res://.godot/imported/landing_dust.png-9b9d5126a1271146aab4be248493225c.ctex
Loading resource: res://scenes/world/World.tscn
Loading resource: res://scripts/world/WorldManager.gd
Loading resource: res://scripts/UI/GameHUD.gd
Loading resource: res://scenes/world/PauseMenu.tscn
Loading resource: res://scripts/UI/PauseMenu.gd
Loading resource: res://scripts/UI/WorldMapPanel.gd
Loading resource: res://scripts/UI/InventoryPanel.gd
Loading resource: res://scripts/UI/QuestPanel.gd
Loading resource: res://scenes/world/ShopOverlay.tscn
Loading resource: res://scripts/UI/ShopOverlay.gd
Loading resource: res://scenes/world/DialogueOverlay.tscn
Loading resource: res://scripts/UI/DialogueOverlay.gd
Loading resource: res://scripts/UI/MinimapPanel.gd
Loading resource: res://scripts/UI/QuestTrackerPanel.gd
Loading resource: res://scripts/world/TransitionFader.gd
Loading resource: res://assets/ui/menu_panel.png
Loading resource: res://.godot/imported/menu_panel.png-1393021852b7260100c0276fa6376346.ctex
Loading resource: res://assets/ui/menu_button.png
Loading resource: res://.godot/imported/menu_button.png-52f6d44214399ad22f5069c113bc42b3.ctex
Loading resource: res://assets/ui/dialogue_ornament.png
Loading resource: res://.godot/imported/dialogue_ornament.png-8f1c12d3a54979bec571e7b3a379cb83.ctex
Loading resource: res://assets/ui/hud_frame.png
Loading resource: res://.godot/imported/hud_frame.png-45678590d6970cc2f82e42ea90e4ada2.ctex
Loading resource: res://assets/ui/health_meter.png
Loading resource: res://.godot/imported/health_meter.png-125cded0a1323ef3405b0f10827cd84b.ctex
load_threaded_get_status(): No threaded load for resource path 'res://scenes/rooms/room_000.tscn' has been initiated or its result has already been collected.
Loading resource: res://scenes/rooms/room_000.tscn
Loading resource: res://scenes/player/Player.tscn
Loading resource: res://scripts/player/PlayerController.gd
Loading resource: res://scripts/core/AnimatedAssetSprite.gd
Loading resource: res://scripts/player/CameraDirector.gd
Loading resource: res://scripts/core/ActorSockets.gd
Loading resource: res://scenes/enemies/Enemy.tscn
Loading resource: res://scripts/AI/EnemyController.gd
Loading resource: res://scenes/bosses/Boss.tscn
Loading resource: res://scripts/AI/BossController.gd
Loading resource: res://scenes/world/AbilityPickup.tscn
Loading resource: res://scripts/world/AbilityPickup.gd
Loading resource: res://scripts/core/WorldPropSprite.gd
Loading resource: res://scenes/world/RoomTransition.tscn
Loading resource: res://scripts/world/RoomTransition.gd
Loading resource: res://scripts/world/RoomTileMap.gd
Loading resource: res://assets/tilesets/biome_0/source.png
Loading resource: res://.godot/imported/source.png-06030092214da38ab31b18538e54d209.ctex
Loading resource: res://assets/characters/player_walk.png
Loading resource: res://.godot/imported/player_walk.png-d859f324b180e620b35176465490dc5b.ctex
Loading resource: res://assets/characters/player_run.png
Loading resource: res://.godot/imported/player_run.png-5e1ce216cbd5012d226154b2ece4de96.ctex
Loading resource: res://assets/characters/player_attack.png
Loading resource: res://.godot/imported/player_attack.png-4863c0bf2c0460d3acf05ba44fde6f12.ctex
Loading resource: res://assets/characters/player_hurt.png
Loading resource: res://.godot/imported/player_hurt.png-c4194612d851672462e70be083dfc07f.ctex
Loading resource: res://assets/characters/player_death.png
Loading resource: res://.godot/imported/player_death.png-c449be6e42ed0b63a564aca0303227d9.ctex
Loading resource: res://assets/characters/player_idle.png
Loading resource: res://.godot/imported/player_idle.png-57ac0c2f07b9c78d58884a3ea75b7817.ctex
Loading resource: res://assets/characters/player_walk.png
Loading resource: res://.godot/imported/player_walk.png-d859f324b180e620b35176465490dc5b.ctex
Loading resource: res://assets/characters/player_jump_start.png
Loading resource: res://.godot/imported/player_jump_start.png-31b8f78669a8f177025dfe4f1c97a7c8.ctex
Loading resource: res://assets/characters/player_jump.png
Loading resource: res://.godot/imported/player_jump.png-9a86ba95e37eabc7f640245357b986c1.ctex
Loading resource: res://assets/characters/player_fall.png
Loading resource: res://.godot/imported/player_fall.png-94cc22ab1c11bd32466bca9f5ab527db.ctex
Loading resource: res://assets/characters/player_land.png
Loading resource: res://.godot/imported/player_land.png-bf586b100a0da4f0aa95acb11fbc1f7d.ctex
Loading resource: res://assets/characters/player_dash.png
Loading resource: res://.godot/imported/player_dash.png-7ae88d1d170590815fc6d555ac1c1b62.ctex
Loading resource: res://assets/characters/player_air_dash.png
Loading resource: res://.godot/imported/player_air_dash.png-a17aeeea7ab8931b27ac07da8a9a7ff2.ctex
Loading resource: res://assets/characters/player_double_jump.png
Loading resource: res://.godot/imported/player_double_jump.png-2618f84677f00029c0b113f21f999b50.ctex
Loading resource: res://assets/characters/player_wall_slide.png
Loading resource: res://.godot/imported/player_wall_slide.png-5768614b71e9b3e0872f45ce5135734d.ctex
Loading resource: res://assets/characters/player_wall_jump.png
Loading resource: res://.godot/imported/player_wall_jump.png-30d156fc0d137391c640850602e5d41b.ctex
Loading resource: res://assets/characters/player_swim.png
Loading resource: res://.godot/imported/player_swim.png-183785111f8e5e270807e4b8d3b4c206.ctex
Loading resource: res://assets/characters/player_swim_idle.png
Loading resource: res://.godot/imported/player_swim_idle.png-5e9711526bd3abf4e7493d936b3c405c.ctex
Loading resource: res://assets/characters/player_attack_2.png
Loading resource: res://.godot/imported/player_attack_2.png-1c3f75e251b4adc983f5963fc1194ace.ctex
Loading resource: res://assets/characters/player_attack_3.png
Loading resource: res://.godot/imported/player_attack_3.png-a90ac90177309dd41c23d7a196b1ecc5.ctex
Loading resource: res://assets/characters/player_ground_slam_start.png
Loading resource: res://.godot/imported/player_ground_slam_start.png-35670b6c1cb5778bb4084d6cda5fca78.ctex
Loading resource: res://assets/characters/player_ground_slam_fall.png
Loading resource: res://.godot/imported/player_ground_slam_fall.png-1ad4ff118b2f4c88029b7f2bd3933c92.ctex
Loading resource: res://assets/characters/player_ground_slam_impact.png
Loading resource: res://.godot/imported/player_ground_slam_impact.png-df1883c04ae51799d954a523995e2d38.ctex
Loading resource: res://assets/characters/player_grapple.png
Loading resource: res://.godot/imported/player_grapple.png-c9312f27489134016e09b62924ccfc54.ctex
Loading resource: res://assets/characters/player_phase.png
Loading resource: res://.godot/imported/player_phase.png-3f765db36d4f954395040195c665afcc.ctex
Loading resource: res://assets/characters/player_respawn.png
Loading resource: res://.godot/imported/player_respawn.png-6711506d9e2421b29e0cf23ea3d836b5.ctex
Loading resource: res://assets/characters/player_interact.png
Loading resource: res://.godot/imported/player_interact.png-321dc2368f547749c59501183d04f4c3.ctex
Loading resource: res://assets/characters/player_ability_acquire.png
Loading resource: res://.godot/imported/player_ability_acquire.png-4b16c2516cf783e3158a3cf5318c7b80.ctex
Loading resource: res://assets/characters/player_idle.png
Loading resource: res://.godot/imported/player_idle.png-57ac0c2f07b9c78d58884a3ea75b7817.ctex
Loading resource: res://assets/characters/player_attack_2.png
Loading resource: res://.godot/imported/player_attack_2.png-1c3f75e251b4adc983f5963fc1194ace.ctex
Loading resource: res://assets/characters/player_attack_3.png
Loading resource: res://.godot/imported/player_attack_3.png-a90ac90177309dd41c23d7a196b1ecc5.ctex
Loading resource: res://scripts/shaders/sprite_foot_clean.gdshader
Loading resource: res://scripts/shaders/water_surface.gdshader
Loading resource: res://audio/music/biome_0.wav
Loading resource: res://.godot/imported/biome_0.wav-dec2867ebdec0d665572c802462d1119.sample
load_threaded_get_status(): No threaded load for resource path 'res://scenes/rooms/room_001.tscn' has been initiated or its result has already been collected.
Loading resource: res://scenes/rooms/room_001.tscn
Loading resource: res://scenes/enemies/Enemy.tscn
Loading resource: res://scenes/bosses/Boss.tscn
Loading resource: res://scenes/world/AbilityPickup.tscn
Loading resource: res://scripts/world/StormglassDecor.gd
Loading resource: res://assets/generated/pixel_art_gothic_castle_hall_vaulted_arc_a1d1376f-0bb2-4f17-8b52-a51400c129ae.png
Loading resource: res://.godot/imported/pixel_art_gothic_castle_hall_vaulted_arc_a1d1376f-0bb2-4f17-8b52-a51400c129ae.png-ff55d985adab6fecc661b70e8635e4a4.ctex
Loading resource: res://assets/architecture/stormglass/grand_arch.png
Loading resource: res://.godot/imported/grand_arch.png-bbb331e701178580510abba54df8b711.ctex
Loading resource: res://assets/architecture/stormglass/lancet_window.png
Loading resource: res://.godot/imported/lancet_window.png-3642fd83cc2a6e3acfe8ce957ed723e4.ctex
Loading resource: res://assets/architecture/stormglass/platform.png
Loading resource: res://.godot/imported/platform.png-f1f7065b9e15933c1a5d1e0e91e52a28.ctex
Loading resource: res://assets/architecture/stormglass/floor_strip.png
Loading resource: res://.godot/imported/floor_strip.png-3127571388846079ee6d000228c9a69d.ctex
Loading resource: res://assets/architecture/stormglass/masonry-fill-v1.png
Loading resource: res://.godot/imported/masonry-fill-v1.png-b0bc6873819f98ede79f29241bbc08d0.ctex
Loading resource: res://assets/props/biome_0/biome_0_prop_0.png
Loading resource: res://.godot/imported/biome_0_prop_0.png-73e40292eac12b3c1912a289dc9715a2.ctex
Loading resource: res://assets/props/biome_0/biome_0_prop_5.png
Loading resource: res://.godot/imported/biome_0_prop_5.png-bfec1b2adaa6e97f9e107371a92144db.ctex
Loading resource: res://assets/architecture/stormglass/conditions/intact_altar.png
Loading resource: res://.godot/imported/intact_altar.png-6ca4c844dc7363eabcb769b898816701.ctex
Loading resource: res://assets/architecture/stormglass/conditions/intact_sconce.png
Loading resource: res://.godot/imported/intact_sconce.png-0f16d2700ed93c13f6b96399cfaf19ac.ctex
Loading resource: res://assets/architecture/stormglass/conditions/intact_banner.png
Loading resource: res://.godot/imported/intact_banner.png-957bc4f953d63ff3ad3e1b8e2937c018.ctex
load_threaded_get_status(): No threaded load for resource path 'res://scenes/rooms/room_008.tscn' has been initiated or its result has already been collected.
Loading resource: res://scenes/rooms/room_008.tscn
Loading resource: res://scenes/bosses/Boss.tscn
Loading resource: res://scenes/world/AbilityPickup.tscn
Loading resource: res://assets/characters/player_walk.png
Loading resource: res://.godot/imported/player_walk.png-d859f324b180e620b35176465490dc5b.ctex
Loading resource: res://assets/characters/player_run.png
Loading resource: res://.godot/imported/player_run.png-5e1ce216cbd5012d226154b2ece4de96.ctex
Loading resource: res://assets/characters/player_attack.png
Loading resource: res://.godot/imported/player_attack.png-4863c0bf2c0460d3acf05ba44fde6f12.ctex
Loading resource: res://assets/characters/player_hurt.png
Loading resource: res://.godot/imported/player_hurt.png-c4194612d851672462e70be083dfc07f.ctex
Loading resource: res://assets/characters/player_death.png
Loading resource: res://.godot/imported/player_death.png-c449be6e42ed0b63a564aca0303227d9.ctex
Loading resource: res://assets/characters/player_idle.png
Loading resource: res://.godot/imported/player_idle.png-57ac0c2f07b9c78d58884a3ea75b7817.ctex
Loading resource: res://assets/characters/player_walk.png
Loading resource: res://.godot/imported/player_walk.png-d859f324b180e620b35176465490dc5b.ctex
Loading resource: res://assets/characters/player_jump_start.png
Loading resource: res://.godot/imported/player_jump_start.png-31b8f78669a8f177025dfe4f1c97a7c8.ctex
Loading resource: res://assets/characters/player_jump.png
Loading resource: res://.godot/imported/player_jump.png-9a86ba95e37eabc7f640245357b986c1.ctex
Loading resource: res://assets/characters/player_fall.png
Loading resource: res://.godot/imported/player_fall.png-94cc22ab1c11bd32466bca9f5ab527db.ctex
Loading resource: res://assets/characters/player_land.png
Loading resource: res://.godot/imported/player_land.png-bf586b100a0da4f0aa95acb11fbc1f7d.ctex
Loading resource: res://assets/characters/player_dash.png
Loading resource: res://.godot/imported/player_dash.png-7ae88d1d170590815fc6d555ac1c1b62.ctex
Loading resource: res://assets/characters/player_air_dash.png
Loading resource: res://.godot/imported/player_air_dash.png-a17aeeea7ab8931b27ac07da8a9a7ff2.ctex
Loading resource: res://assets/characters/player_double_jump.png
Loading resource: res://.godot/imported/player_double_jump.png-2618f84677f00029c0b113f21f999b50.ctex
Loading resource: res://assets/characters/player_wall_slide.png
Loading resource: res://.godot/imported/player_wall_slide.png-5768614b71e9b3e0872f45ce5135734d.ctex
Loading resource: res://assets/characters/player_wall_jump.png
Loading resource: res://.godot/imported/player_wall_jump.png-30d156fc0d137391c640850602e5d41b.ctex
Loading resource: res://assets/characters/player_swim.png
Loading resource: res://.godot/imported/player_swim.png-183785111f8e5e270807e4b8d3b4c206.ctex
Loading resource: res://assets/characters/player_swim_idle.png
Loading resource: res://.godot/imported/player_swim_idle.png-5e9711526bd3abf4e7493d936b3c405c.ctex
Loading resource: res://assets/characters/player_attack_2.png
Loading resource: res://.godot/imported/player_attack_2.png-1c3f75e251b4adc983f5963fc1194ace.ctex
Loading resource: res://assets/characters/player_attack_3.png
Loading resource: res://.godot/imported/player_attack_3.png-a90ac90177309dd41c23d7a196b1ecc5.ctex
Loading resource: res://assets/characters/player_ground_slam_start.png
Loading resource: res://.godot/imported/player_ground_slam_start.png-35670b6c1cb5778bb4084d6cda5fca78.ctex
Loading resource: res://assets/characters/player_ground_slam_fall.png
Loading resource: res://.godot/imported/player_ground_slam_fall.png-1ad4ff118b2f4c88029b7f2bd3933c92.ctex
Loading resource: res://assets/characters/player_ground_slam_impact.png
Loading resource: res://.godot/imported/player_ground_slam_impact.png-df1883c04ae51799d954a523995e2d38.ctex
Loading resource: res://assets/characters/player_grapple.png
Loading resource: res://.godot/imported/player_grapple.png-c9312f27489134016e09b62924ccfc54.ctex
Loading resource: res://assets/characters/player_phase.png
Loading resource: res://.godot/imported/player_phase.png-3f765db36d4f954395040195c665afcc.ctex
Loading resource: res://assets/characters/player_respawn.png
Loading resource: res://.godot/imported/player_respawn.png-6711506d9e2421b29e0cf23ea3d836b5.ctex
Loading resource: res://assets/characters/player_interact.png
Loading resource: res://.godot/imported/player_interact.png-321dc2368f547749c59501183d04f4c3.ctex
Loading resource: res://assets/characters/player_ability_acquire.png
Loading resource: res://.godot/imported/player_ability_acquire.png-4b16c2516cf783e3158a3cf5318c7b80.ctex
Loading resource: res://assets/characters/player_idle.png
Loading resource: res://.godot/imported/player_idle.png-57ac0c2f07b9c78d58884a3ea75b7817.ctex
Loading resource: res://assets/characters/player_attack_2.png
Loading resource: res://.godot/imported/player_attack_2.png-1c3f75e251b4adc983f5963fc1194ace.ctex
Loading resource: res://assets/characters/player_attack_3.png
Loading resource: res://.godot/imported/player_attack_3.png-a90ac90177309dd41c23d7a196b1ecc5.ctex
Loading resource: res://assets/bosses/boss_000_walk.png
Loading resource: res://.godot/imported/boss_000_walk.png-13eb18860d4185437eb2098ff0cd0724.ctex
Loading resource: res://assets/bosses/boss_000_run.png
Loading resource: res://.godot/imported/boss_000_run.png-0da0a816680cd6dd75de87dd3e99e0e5.ctex
Loading resource: res://assets/bosses/boss_000_attack.png
Loading resource: res://.godot/imported/boss_000_attack.png-cbb861cc508ebe7c82e68b05677c0d91.ctex
Loading resource: res://assets/bosses/boss_000_hurt.png
Loading resource: res://.godot/imported/boss_000_hurt.png-3ffc4461a5bb77b2dd48cf8949f00370.ctex
Loading resource: res://assets/bosses/boss_000_death.png
Loading resource: res://.godot/imported/boss_000_death.png-95785cb69c5f61df54673d8a5dcc97e5.ctex
Loading resource: res://assets/bosses/boss_000_idle.png
Loading resource: res://.godot/imported/boss_000_idle.png-673fdb58dc574a0f7c1458b8a5f147b3.ctex
Loading resource: res://scripts/shaders/water_surface.gdshader
Loading resource: res://audio/music/boss.wav
Loading resource: res://.godot/imported/boss.wav-394a0e64a4290d255e56b5ef22f0f495.sample
load_threaded_get_status(): No threaded load for resource path 'res://scenes/rooms/room_006.tscn' has been initiated or its result has already been collected.
Loading resource: res://scenes/rooms/room_006.tscn
load_threaded_get_status(): No threaded load for resource path 'res://scenes/rooms/room_009.tscn' has been initiated or its result has already been collected.
load_threaded_get_status(): No threaded load for resource path 'res://scenes/rooms/room_007.tscn' has been initiated or its result has already been collected.
Loading resource: res://scenes/world/AbilityPickup.tscn
Loading resource: res://scenes/rooms/room_009.tscn
Loading resource: res://scenes/rooms/room_007.tscn
Loading resource: res://scenes/world/SavePoint.tscn
Loading resource: res://assets/characters/player_walk.png
Loading resource: res://scripts/world/SavePoint.gd
Loading resource: res://.godot/imported/player_walk.png-d859f324b180e620b35176465490dc5b.ctex
Loading resource: res://scenes/world/ItemPickup.tscn
Loading resource: res://scripts/world/ItemPickup.gd
Loading resource: res://assets/characters/player_run.png
Loading resource: res://.godot/imported/player_run.png-5e1ce216cbd5012d226154b2ece4de96.ctex
Loading resource: res://assets/characters/player_attack.png
Loading resource: res://.godot/imported/player_attack.png-4863c0bf2c0460d3acf05ba44fde6f12.ctex
Loading resource: res://assets/characters/player_hurt.png
Loading resource: res://.godot/imported/player_hurt.png-c4194612d851672462e70be083dfc07f.ctex
Loading resource: res://assets/characters/player_death.png
Loading resource: res://.godot/imported/player_death.png-c449be6e42ed0b63a564aca0303227d9.ctex
Loading resource: res://assets/characters/player_idle.png
Loading resource: res://.godot/imported/player_idle.png-57ac0c2f07b9c78d58884a3ea75b7817.ctex
Loading resource: res://assets/characters/player_walk.png
Loading resource: res://.godot/imported/player_walk.png-d859f324b180e620b35176465490dc5b.ctex
Loading resource: res://assets/characters/player_jump_start.png
Loading resource: res://.godot/imported/player_jump_start.png-31b8f78669a8f177025dfe4f1c97a7c8.ctex
Loading resource: res://scenes/world/NPC.tscn
Loading resource: res://assets/characters/player_jump.png
Loading resource: res://scripts/world/NPC.gd
Loading resource: res://.godot/imported/player_jump.png-9a86ba95e37eabc7f640245357b986c1.ctex
Loading resource: res://assets/characters/player_fall.png
Loading resource: res://.godot/imported/player_fall.png-94cc22ab1c11bd32466bca9f5ab527db.ctex
Loading resource: res://assets/characters/player_land.png
Loading resource: res://.godot/imported/player_land.png-bf586b100a0da4f0aa95acb11fbc1f7d.ctex
Loading resource: res://assets/characters/player_dash.png
Loading resource: res://.godot/imported/player_dash.png-7ae88d1d170590815fc6d555ac1c1b62.ctex
Loading resource: res://assets/characters/player_air_dash.png
Loading resource: res://.godot/imported/player_air_dash.png-a17aeeea7ab8931b27ac07da8a9a7ff2.ctex
Loading resource: res://assets/characters/player_double_jump.png
Loading resource: res://.godot/imported/player_double_jump.png-2618f84677f00029c0b113f21f999b50.ctex
Loading resource: res://assets/characters/player_wall_slide.png
Loading resource: res://.godot/imported/player_wall_slide.png-5768614b71e9b3e0872f45ce5135734d.ctex
Loading resource: res://assets/characters/player_wall_jump.png
Loading resource: res://.godot/imported/player_wall_jump.png-30d156fc0d137391c640850602e5d41b.ctex
Loading resource: res://assets/characters/player_swim.png
Loading resource: res://.godot/imported/player_swim.png-183785111f8e5e270807e4b8d3b4c206.ctex
Loading resource: res://assets/characters/player_swim_idle.png
Loading resource: res://.godot/imported/player_swim_idle.png-5e9711526bd3abf4e7493d936b3c405c.ctex
Loading resource: res://assets/characters/player_attack_2.png
Loading resource: res://.godot/imported/player_attack_2.png-1c3f75e251b4adc983f5963fc1194ace.ctex
Loading resource: res://assets/characters/player_attack_3.png
Loading resource: res://.godot/imported/player_attack_3.png-a90ac90177309dd41c23d7a196b1ecc5.ctex
Loading resource: res://assets/characters/player_ground_slam_start.png
Loading resource: res://.godot/imported/player_ground_slam_start.png-35670b6c1cb5778bb4084d6cda5fca78.ctex
Loading resource: res://assets/characters/player_ground_slam_fall.png
Loading resource: res://.godot/imported/player_ground_slam_fall.png-1ad4ff118b2f4c88029b7f2bd3933c92.ctex
Loading resource: res://assets/characters/player_ground_slam_impact.png
Loading resource: res://.godot/imported/player_ground_slam_impact.png-df1883c04ae51799d954a523995e2d38.ctex
Loading resource: res://assets/characters/player_grapple.png
Loading resource: res://.godot/imported/player_grapple.png-c9312f27489134016e09b62924ccfc54.ctex
Loading resource: res://assets/characters/player_phase.png
Loading resource: res://.godot/imported/player_phase.png-3f765db36d4f954395040195c665afcc.ctex
Loading resource: res://assets/characters/player_respawn.png
Loading resource: res://.godot/imported/player_respawn.png-6711506d9e2421b29e0cf23ea3d836b5.ctex
Loading resource: res://assets/characters/player_interact.png
Loading resource: res://.godot/imported/player_interact.png-321dc2368f547749c59501183d04f4c3.ctex
Loading resource: res://assets/characters/player_ability_acquire.png
Loading resource: res://.godot/imported/player_ability_acquire.png-4b16c2516cf783e3158a3cf5318c7b80.ctex
Loading resource: res://assets/characters/player_idle.png
Loading resource: res://.godot/imported/player_idle.png-57ac0c2f07b9c78d58884a3ea75b7817.ctex
Loading resource: res://assets/characters/player_attack_2.png
Loading resource: res://.godot/imported/player_attack_2.png-1c3f75e251b4adc983f5963fc1194ace.ctex
Loading resource: res://assets/characters/player_attack_3.png
Loading resource: res://.godot/imported/player_attack_3.png-a90ac90177309dd41c23d7a196b1ecc5.ctex
Loading resource: res://scripts/shaders/water_surface.gdshader
Loading resource: res://assets/characters/player_walk.png
Loading resource: res://.godot/imported/player_walk.png-d859f324b180e620b35176465490dc5b.ctex
Loading resource: res://assets/characters/player_run.png
Loading resource: res://.godot/imported/player_run.png-5e1ce216cbd5012d226154b2ece4de96.ctex
Loading resource: res://assets/characters/player_attack.png
Loading resource: res://.godot/imported/player_attack.png-4863c0bf2c0460d3acf05ba44fde6f12.ctex
Loading resource: res://assets/characters/player_hurt.png
Loading resource: res://.godot/imported/player_hurt.png-c4194612d851672462e70be083dfc07f.ctex
Loading resource: res://assets/characters/player_death.png
Loading resource: res://.godot/imported/player_death.png-c449be6e42ed0b63a564aca0303227d9.ctex
Loading resource: res://assets/characters/player_idle.png
Loading resource: res://.godot/imported/player_idle.png-57ac0c2f07b9c78d58884a3ea75b7817.ctex
Loading resource: res://assets/characters/player_walk.png
Loading resource: res://.godot/imported/player_walk.png-d859f324b180e620b35176465490dc5b.ctex
Loading resource: res://assets/characters/player_jump_start.png
Loading resource: res://.godot/imported/player_jump_start.png-31b8f78669a8f177025dfe4f1c97a7c8.ctex
Loading resource: res://assets/characters/player_jump.png
Loading resource: res://.godot/imported/player_jump.png-9a86ba95e37eabc7f640245357b986c1.ctex
Loading resource: res://assets/characters/player_fall.png
Loading resource: res://.godot/imported/player_fall.png-94cc22ab1c11bd32466bca9f5ab527db.ctex
Loading resource: res://assets/characters/player_land.png
Loading resource: res://.godot/imported/player_land.png-bf586b100a0da4f0aa95acb11fbc1f7d.ctex
Loading resource: res://assets/characters/player_dash.png
Loading resource: res://.godot/imported/player_dash.png-7ae88d1d170590815fc6d555ac1c1b62.ctex
Loading resource: res://assets/characters/player_air_dash.png
Loading resource: res://.godot/imported/player_air_dash.png-a17aeeea7ab8931b27ac07da8a9a7ff2.ctex
Loading resource: res://assets/characters/player_double_jump.png
Loading resource: res://.godot/imported/player_double_jump.png-2618f84677f00029c0b113f21f999b50.ctex
Loading resource: res://assets/characters/player_wall_slide.png
Loading resource: res://.godot/imported/player_wall_slide.png-5768614b71e9b3e0872f45ce5135734d.ctex
Loading resource: res://assets/characters/player_wall_jump.png
Loading resource: res://.godot/imported/player_wall_jump.png-30d156fc0d137391c640850602e5d41b.ctex
Loading resource: res://assets/characters/player_swim.png
Loading resource: res://.godot/imported/player_swim.png-183785111f8e5e270807e4b8d3b4c206.ctex
Loading resource: res://assets/characters/player_swim_idle.png
Loading resource: res://.godot/imported/player_swim_idle.png-5e9711526bd3abf4e7493d936b3c405c.ctex
Loading resource: res://assets/characters/player_attack_2.png
Loading resource: res://.godot/imported/player_attack_2.png-1c3f75e251b4adc983f5963fc1194ace.ctex
Loading resource: res://assets/characters/player_attack_3.png
Loading resource: res://.godot/imported/player_attack_3.png-a90ac90177309dd41c23d7a196b1ecc5.ctex
Loading resource: res://assets/characters/player_ground_slam_start.png
Loading resource: res://.godot/imported/player_ground_slam_start.png-35670b6c1cb5778bb4084d6cda5fca78.ctex
Loading resource: res://assets/characters/player_ground_slam_fall.png
Loading resource: res://.godot/imported/player_ground_slam_fall.png-1ad4ff118b2f4c88029b7f2bd3933c92.ctex
Loading resource: res://assets/characters/player_ground_slam_impact.png
Loading resource: res://.godot/imported/player_ground_slam_impact.png-df1883c04ae51799d954a523995e2d38.ctex
Loading resource: res://assets/characters/player_grapple.png
Loading resource: res://.godot/imported/player_grapple.png-c9312f27489134016e09b62924ccfc54.ctex
Loading resource: res://assets/characters/player_phase.png
Loading resource: res://.godot/imported/player_phase.png-3f765db36d4f954395040195c665afcc.ctex
Loading resource: res://assets/characters/player_respawn.png
Loading resource: res://.godot/imported/player_respawn.png-6711506d9e2421b29e0cf23ea3d836b5.ctex
Loading resource: res://assets/characters/player_interact.png
Loading resource: res://.godot/imported/player_interact.png-321dc2368f547749c59501183d04f4c3.ctex
Loading resource: res://assets/characters/player_ability_acquire.png
Loading resource: res://.godot/imported/player_ability_acquire.png-4b16c2516cf783e3158a3cf5318c7b80.ctex
Loading resource: res://assets/characters/player_idle.png
Loading resource: res://.godot/imported/player_idle.png-57ac0c2f07b9c78d58884a3ea75b7817.ctex
Loading resource: res://assets/characters/player_attack_2.png
Loading resource: res://.godot/imported/player_attack_2.png-1c3f75e251b4adc983f5963fc1194ace.ctex
Loading resource: res://assets/characters/player_attack_3.png
Loading resource: res://.godot/imported/player_attack_3.png-a90ac90177309dd41c23d7a196b1ecc5.ctex
Loading resource: res://scripts/shaders/water_surface.gdshader
Loading resource: res://assets/props/biome_0/biome_0_prop_8.png
Loading resource: res://.godot/imported/biome_0_prop_8.png-b15de6f6b4655c20288f53adf905da33.ctex
Loading resource: res://assets/props/biome_0/biome_0_prop_4.png
Loading resource: res://.godot/imported/biome_0_prop_4.png-3e477cd9fd333a2f7bb1206d873841a1.ctex
Loading resource: res://assets/architecture/stormglass/conditions/intact_altar.png
Loading resource: res://.godot/imported/intact_altar.png-6ca4c844dc7363eabcb769b898816701.ctex
Loading resource: res://assets/architecture/stormglass/conditions/intact_sconce.png
Loading resource: res://.godot/imported/intact_sconce.png-0f16d2700ed93c13f6b96399cfaf19ac.ctex
load_threaded_get_status(): No threaded load for resource path 'res://scenes/rooms/room_018.tscn' has been initiated or its result has already been collected.
Loading resource: res://scenes/rooms/room_018.tscn
Loading resource: res://scenes/world/AbilityPickup.tscn
Loading resource: res://assets/characters/player_walk.png
Loading resource: res://.godot/imported/player_walk.png-d859f324b180e620b35176465490dc5b.ctex
Loading resource: res://assets/characters/player_run.png
Loading resource: res://.godot/imported/player_run.png-5e1ce216cbd5012d226154b2ece4de96.ctex
Loading resource: res://assets/characters/player_attack.png
Loading resource: res://.godot/imported/player_attack.png-4863c0bf2c0460d3acf05ba44fde6f12.ctex
Loading resource: res://assets/characters/player_hurt.png
Loading resource: res://.godot/imported/player_hurt.png-c4194612d851672462e70be083dfc07f.ctex
Loading resource: res://assets/characters/player_death.png
Loading resource: res://.godot/imported/player_death.png-c449be6e42ed0b63a564aca0303227d9.ctex
Loading resource: res://assets/characters/player_idle.png
Loading resource: res://.godot/imported/player_idle.png-57ac0c2f07b9c78d58884a3ea75b7817.ctex
Loading resource: res://assets/characters/player_walk.png
Loading resource: res://.godot/imported/player_walk.png-d859f324b180e620b35176465490dc5b.ctex
Loading resource: res://assets/characters/player_jump_start.png
Loading resource: res://.godot/imported/player_jump_start.png-31b8f78669a8f177025dfe4f1c97a7c8.ctex
Loading resource: res://assets/characters/player_jump.png
Loading resource: res://.godot/imported/player_jump.png-9a86ba95e37eabc7f640245357b986c1.ctex
Loading resource: res://assets/characters/player_fall.png
Loading resource: res://.godot/imported/player_fall.png-94cc22ab1c11bd32466bca9f5ab527db.ctex
Loading resource: res://assets/characters/player_land.png
Loading resource: res://.godot/imported/player_land.png-bf586b100a0da4f0aa95acb11fbc1f7d.ctex
Loading resource: res://assets/characters/player_dash.png
Loading resource: res://.godot/imported/player_dash.png-7ae88d1d170590815fc6d555ac1c1b62.ctex
Loading resource: res://assets/characters/player_air_dash.png
Loading resource: res://.godot/imported/player_air_dash.png-a17aeeea7ab8931b27ac07da8a9a7ff2.ctex
Loading resource: res://assets/characters/player_double_jump.png
Loading resource: res://.godot/imported/player_double_jump.png-2618f84677f00029c0b113f21f999b50.ctex
Loading resource: res://assets/characters/player_wall_slide.png
Loading resource: res://.godot/imported/player_wall_slide.png-5768614b71e9b3e0872f45ce5135734d.ctex
Loading resource: res://assets/characters/player_wall_jump.png
Loading resource: res://.godot/imported/player_wall_jump.png-30d156fc0d137391c640850602e5d41b.ctex
Loading resource: res://assets/characters/player_swim.png
Loading resource: res://.godot/imported/player_swim.png-183785111f8e5e270807e4b8d3b4c206.ctex
Loading resource: res://assets/characters/player_swim_idle.png
Loading resource: res://.godot/imported/player_swim_idle.png-5e9711526bd3abf4e7493d936b3c405c.ctex
Loading resource: res://assets/characters/player_attack_2.png
Loading resource: res://.godot/imported/player_attack_2.png-1c3f75e251b4adc983f5963fc1194ace.ctex
Loading resource: res://assets/characters/player_attack_3.png
Loading resource: res://.godot/imported/player_attack_3.png-a90ac90177309dd41c23d7a196b1ecc5.ctex
Loading resource: res://assets/characters/player_ground_slam_start.png
Loading resource: res://.godot/imported/player_ground_slam_start.png-35670b6c1cb5778bb4084d6cda5fca78.ctex
Loading resource: res://assets/characters/player_ground_slam_fall.png
Loading resource: res://.godot/imported/player_ground_slam_fall.png-1ad4ff118b2f4c88029b7f2bd3933c92.ctex
Loading resource: res://assets/characters/player_ground_slam_impact.png
Loading resource: res://.godot/imported/player_ground_slam_impact.png-df1883c04ae51799d954a523995e2d38.ctex
Loading resource: res://assets/characters/player_grapple.png
Loading resource: res://.godot/imported/player_grapple.png-c9312f27489134016e09b62924ccfc54.ctex
Loading resource: res://assets/characters/player_phase.png
Loading resource: res://.godot/imported/player_phase.png-3f765db36d4f954395040195c665afcc.ctex
Loading resource: res://assets/characters/player_respawn.png
Loading resource: res://.godot/imported/player_respawn.png-6711506d9e2421b29e0cf23ea3d836b5.ctex
Loading resource: res://assets/characters/player_interact.png
Loading resource: res://.godot/imported/player_interact.png-321dc2368f547749c59501183d04f4c3.ctex
Loading resource: res://assets/characters/player_ability_acquire.png
Loading resource: res://.godot/imported/player_ability_acquire.png-4b16c2516cf783e3158a3cf5318c7b80.ctex
Loading resource: res://assets/characters/player_idle.png
Loading resource: res://.godot/imported/player_idle.png-57ac0c2f07b9c78d58884a3ea75b7817.ctex
Loading resource: res://assets/characters/player_attack_2.png
Loading resource: res://.godot/imported/player_attack_2.png-1c3f75e251b4adc983f5963fc1194ace.ctex
Loading resource: res://assets/characters/player_attack_3.png
Loading resource: res://.godot/imported/player_attack_3.png-a90ac90177309dd41c23d7a196b1ecc5.ctex
Loading resource: res://assets/bosses/boss_001_walk.png
Loading resource: res://.godot/imported/boss_001_walk.png-07e0a1ebaa4e9312bd4d7cc5f498dc4f.ctex
Loading resource: res://assets/bosses/boss_001_run.png
Loading resource: res://.godot/imported/boss_001_run.png-633ffc0a4d250faa495eaaff23374da5.ctex
Loading resource: res://assets/bosses/boss_001_attack.png
Loading resource: res://.godot/imported/boss_001_attack.png-854df17ec2b97e37f9cea3dc47981146.ctex
Loading resource: res://assets/bosses/boss_001_hurt.png
Loading resource: res://.godot/imported/boss_001_hurt.png-89d0aa73d2010ee2ed091fcfbcabddc3.ctex
Loading resource: res://assets/bosses/boss_001_death.png
Loading resource: res://.godot/imported/boss_001_death.png-1f2b40341f017c77a79e14b20aca991c.ctex
Loading resource: res://assets/bosses/boss_001_idle.png
Loading resource: res://.godot/imported/boss_001_idle.png-12aba94463d4808a0b73d25bdafac727.ctex
Loading resource: res://assets/props/biome_0/biome_0_prop_8.png
Loading resource: res://.godot/imported/biome_0_prop_8.png-b15de6f6b4655c20288f53adf905da33.ctex
Loading resource: res://assets/props/biome_0/biome_0_prop_4.png
Loading resource: res://.godot/imported/biome_0_prop_4.png-3e477cd9fd333a2f7bb1206d873841a1.ctex
Loading resource: res://assets/architecture/stormglass/conditions/flooded_roots.png
Loading resource: res://.godot/imported/flooded_roots.png-9007b0578f6c76a2f48d894c1556b5f5.ctex
Loading resource: res://assets/architecture/stormglass/conditions/flooded_waterline.png
Loading resource: res://.godot/imported/flooded_waterline.png-92dcba9013d524c992e4480d7f10a47a.ctex
Loading resource: res://scripts/shaders/water_surface.gdshader
Loading resource: res://audio/music/boss.wav
Loading resource: res://.godot/imported/boss.wav-394a0e64a4290d255e56b5ef22f0f495.sample
load_threaded_get_status(): No threaded load for resource path 'res://scenes/rooms/room_016.tscn' has been initiated or its result has already been collected.
Loading resource: res://scenes/rooms/room_016.tscn
load_threaded_get_status(): No threaded load for resource path 'res://scenes/rooms/room_019.tscn' has been initiated or its result has already been collected.
load_threaded_get_status(): No threaded load for resource path 'res://scenes/rooms/room_017.tscn' has been initiated or its result has already been collected.
Loading resource: res://scenes/world/AbilityPickup.tscn
Loading resource: res://scenes/rooms/room_019.tscn
Loading resource: res://scenes/world/AbilityPickup.tscn
Loading resource: res://assets/characters/player_walk.png
Loading resource: res://scenes/rooms/room_017.tscn
Loading resource: res://.godot/imported/player_walk.png-d859f324b180e620b35176465490dc5b.ctex
Loading resource: res://scenes/world/AbilityPickup.tscn
Loading resource: res://assets/characters/player_run.png
Loading resource: res://.godot/imported/player_run.png-5e1ce216cbd5012d226154b2ece4de96.ctex
Loading resource: res://assets/characters/player_attack.png
Loading resource: res://.godot/imported/player_attack.png-4863c0bf2c0460d3acf05ba44fde6f12.ctex
Loading resource: res://assets/characters/player_hurt.png
Loading resource: res://.godot/imported/player_hurt.png-c4194612d851672462e70be083dfc07f.ctex
Loading resource: res://assets/characters/player_death.png
Loading resource: res://.godot/imported/player_death.png-c449be6e42ed0b63a564aca0303227d9.ctex
Loading resource: res://assets/characters/player_idle.png
Loading resource: res://.godot/imported/player_idle.png-57ac0c2f07b9c78d58884a3ea75b7817.ctex
Loading resource: res://assets/characters/player_walk.png
Loading resource: res://.godot/imported/player_walk.png-d859f324b180e620b35176465490dc5b.ctex
Loading resource: res://assets/characters/player_jump_start.png
Loading resource: res://.godot/imported/player_jump_start.png-31b8f78669a8f177025dfe4f1c97a7c8.ctex
Loading resource: res://assets/characters/player_jump.png
Loading resource: res://.godot/imported/player_jump.png-9a86ba95e37eabc7f640245357b986c1.ctex
Loading resource: res://assets/characters/player_fall.png
Loading resource: res://.godot/imported/player_fall.png-94cc22ab1c11bd32466bca9f5ab527db.ctex
Loading resource: res://assets/characters/player_land.png
Loading resource: res://.godot/imported/player_land.png-bf586b100a0da4f0aa95acb11fbc1f7d.ctex
Loading resource: res://assets/characters/player_dash.png
Loading resource: res://.godot/imported/player_dash.png-7ae88d1d170590815fc6d555ac1c1b62.ctex
Loading resource: res://assets/characters/player_air_dash.png
Loading resource: res://.godot/imported/player_air_dash.png-a17aeeea7ab8931b27ac07da8a9a7ff2.ctex
Loading resource: res://assets/characters/player_double_jump.png
Loading resource: res://.godot/imported/player_double_jump.png-2618f84677f00029c0b113f21f999b50.ctex
Loading resource: res://assets/characters/player_wall_slide.png
Loading resource: res://.godot/imported/player_wall_slide.png-5768614b71e9b3e0872f45ce5135734d.ctex
Loading resource: res://assets/characters/player_wall_jump.png
Loading resource: res://.godot/imported/player_wall_jump.png-30d156fc0d137391c640850602e5d41b.ctex
Loading resource: res://assets/characters/player_swim.png
Loading resource: res://.godot/imported/player_swim.png-183785111f8e5e270807e4b8d3b4c206.ctex
Loading resource: res://assets/characters/player_swim_idle.png
Loading resource: res://.godot/imported/player_swim_idle.png-5e9711526bd3abf4e7493d936b3c405c.ctex
Loading resource: res://assets/characters/player_attack_2.png
Loading resource: res://.godot/imported/player_attack_2.png-1c3f75e251b4adc983f5963fc1194ace.ctex
Loading resource: res://assets/characters/player_attack_3.png
Loading resource: res://.godot/imported/player_attack_3.png-a90ac90177309dd41c23d7a196b1ecc5.ctex
Loading resource: res://assets/characters/player_ground_slam_start.png
Loading resource: res://.godot/imported/player_ground_slam_start.png-35670b6c1cb5778bb4084d6cda5fca78.ctex
Loading resource: res://assets/characters/player_ground_slam_fall.png
Loading resource: res://.godot/imported/player_ground_slam_fall.png-1ad4ff118b2f4c88029b7f2bd3933c92.ctex
Loading resource: res://assets/characters/player_ground_slam_impact.png
Loading resource: res://.godot/imported/player_ground_slam_impact.png-df1883c04ae51799d954a523995e2d38.ctex
Loading resource: res://assets/characters/player_grapple.png
Loading resource: res://.godot/imported/player_grapple.png-c9312f27489134016e09b62924ccfc54.ctex
Loading resource: res://assets/characters/player_phase.png
Loading resource: res://.godot/imported/player_phase.png-3f765db36d4f954395040195c665afcc.ctex
Loading resource: res://assets/characters/player_respawn.png
Loading resource: res://.godot/imported/player_respawn.png-6711506d9e2421b29e0cf23ea3d836b5.ctex
Loading resource: res://assets/characters/player_interact.png
Loading resource: res://.godot/imported/player_interact.png-321dc2368f547749c59501183d04f4c3.ctex
Loading resource: res://assets/characters/player_ability_acquire.png
Loading resource: res://.godot/imported/player_ability_acquire.png-4b16c2516cf783e3158a3cf5318c7b80.ctex
Loading resource: res://assets/characters/player_idle.png
Loading resource: res://.godot/imported/player_idle.png-57ac0c2f07b9c78d58884a3ea75b7817.ctex
Loading resource: res://assets/characters/player_attack_2.png
Loading resource: res://.godot/imported/player_attack_2.png-1c3f75e251b4adc983f5963fc1194ace.ctex
Loading resource: res://assets/characters/player_attack_3.png
Loading resource: res://.godot/imported/player_attack_3.png-a90ac90177309dd41c23d7a196b1ecc5.ctex
Loading resource: res://scripts/shaders/water_surface.gdshader
Loading resource: res://assets/characters/player_walk.png
Loading resource: res://.godot/imported/player_walk.png-d859f324b180e620b35176465490dc5b.ctex
Loading resource: res://assets/characters/player_run.png
Loading resource: res://.godot/imported/player_run.png-5e1ce216cbd5012d226154b2ece4de96.ctex
Loading resource: res://assets/characters/player_attack.png
Loading resource: res://.godot/imported/player_attack.png-4863c0bf2c0460d3acf05ba44fde6f12.ctex
Loading resource: res://assets/characters/player_hurt.png
Loading resource: res://.godot/imported/player_hurt.png-c4194612d851672462e70be083dfc07f.ctex
Loading resource: res://assets/characters/player_death.png
Loading resource: res://.godot/imported/player_death.png-c449be6e42ed0b63a564aca0303227d9.ctex
Loading resource: res://assets/characters/player_idle.png
Loading resource: res://.godot/imported/player_idle.png-57ac0c2f07b9c78d58884a3ea75b7817.ctex
Loading resource: res://assets/characters/player_walk.png
Loading resource: res://.godot/imported/player_walk.png-d859f324b180e620b35176465490dc5b.ctex
Loading resource: res://assets/characters/player_jump_start.png
Loading resource: res://.godot/imported/player_jump_start.png-31b8f78669a8f177025dfe4f1c97a7c8.ctex
Loading resource: res://assets/characters/player_jump.png
Loading resource: res://.godot/imported/player_jump.png-9a86ba95e37eabc7f640245357b986c1.ctex
Loading resource: res://assets/characters/player_fall.png
Loading resource: res://.godot/imported/player_fall.png-94cc22ab1c11bd32466bca9f5ab527db.ctex
Loading resource: res://assets/characters/player_land.png
Loading resource: res://.godot/imported/player_land.png-bf586b100a0da4f0aa95acb11fbc1f7d.ctex
Loading resource: res://assets/characters/player_dash.png
Loading resource: res://.godot/imported/player_dash.png-7ae88d1d170590815fc6d555ac1c1b62.ctex
Loading resource: res://assets/characters/player_air_dash.png
Loading resource: res://.godot/imported/player_air_dash.png-a17aeeea7ab8931b27ac07da8a9a7ff2.ctex
Loading resource: res://assets/characters/player_double_jump.png
Loading resource: res://.godot/imported/player_double_jump.png-2618f84677f00029c0b113f21f999b50.ctex
Loading resource: res://assets/characters/player_wall_slide.png
Loading resource: res://.godot/imported/player_wall_slide.png-5768614b71e9b3e0872f45ce5135734d.ctex
Loading resource: res://assets/characters/player_wall_jump.png
Loading resource: res://.godot/imported/player_wall_jump.png-30d156fc0d137391c640850602e5d41b.ctex
Loading resource: res://assets/characters/player_swim.png
Loading resource: res://.godot/imported/player_swim.png-183785111f8e5e270807e4b8d3b4c206.ctex
Loading resource: res://assets/characters/player_swim_idle.png
Loading resource: res://.godot/imported/player_swim_idle.png-5e9711526bd3abf4e7493d936b3c405c.ctex
Loading resource: res://assets/characters/player_attack_2.png
Loading resource: res://.godot/imported/player_attack_2.png-1c3f75e251b4adc983f5963fc1194ace.ctex
Loading resource: res://assets/characters/player_attack_3.png
Loading resource: res://.godot/imported/player_attack_3.png-a90ac90177309dd41c23d7a196b1ecc5.ctex
Loading resource: res://assets/characters/player_ground_slam_start.png
Loading resource: res://.godot/imported/player_ground_slam_start.png-35670b6c1cb5778bb4084d6cda5fca78.ctex
Loading resource: res://assets/characters/player_ground_slam_fall.png
Loading resource: res://.godot/imported/player_ground_slam_fall.png-1ad4ff118b2f4c88029b7f2bd3933c92.ctex
Loading resource: res://assets/characters/player_ground_slam_impact.png
Loading resource: res://.godot/imported/player_ground_slam_impact.png-df1883c04ae51799d954a523995e2d38.ctex
Loading resource: res://assets/characters/player_grapple.png
Loading resource: res://.godot/imported/player_grapple.png-c9312f27489134016e09b62924ccfc54.ctex
Loading resource: res://assets/characters/player_phase.png
Loading resource: res://.godot/imported/player_phase.png-3f765db36d4f954395040195c665afcc.ctex
Loading resource: res://assets/characters/player_respawn.png
Loading resource: res://.godot/imported/player_respawn.png-6711506d9e2421b29e0cf23ea3d836b5.ctex
Loading resource: res://assets/characters/player_interact.png
Loading resource: res://.godot/imported/player_interact.png-321dc2368f547749c59501183d04f4c3.ctex
Loading resource: res://assets/characters/player_ability_acquire.png
Loading resource: res://.godot/imported/player_ability_acquire.png-4b16c2516cf783e3158a3cf5318c7b80.ctex
Loading resource: res://assets/characters/player_idle.png
Loading resource: res://.godot/imported/player_idle.png-57ac0c2f07b9c78d58884a3ea75b7817.ctex
Loading resource: res://assets/characters/player_attack_2.png
Loading resource: res://.godot/imported/player_attack_2.png-1c3f75e251b4adc983f5963fc1194ace.ctex
Loading resource: res://assets/characters/player_attack_3.png
Loading resource: res://.godot/imported/player_attack_3.png-a90ac90177309dd41c23d7a196b1ecc5.ctex
Loading resource: res://scripts/shaders/water_surface.gdshader
Loading resource: res://assets/props/biome_0/biome_0_prop_8.png
Loading resource: res://.godot/imported/biome_0_prop_8.png-b15de6f6b4655c20288f53adf905da33.ctex
Loading resource: res://assets/props/biome_0/biome_0_prop_4.png
Loading resource: res://.godot/imported/biome_0_prop_4.png-3e477cd9fd333a2f7bb1206d873841a1.ctex
Loading resource: res://assets/architecture/stormglass/conditions/flooded_roots.png
Loading resource: res://.godot/imported/flooded_roots.png-9007b0578f6c76a2f48d894c1556b5f5.ctex
Loading resource: res://assets/architecture/stormglass/conditions/flooded_waterline.png
Loading resource: res://.godot/imported/flooded_waterline.png-92dcba9013d524c992e4480d7f10a47a.ctex
load_threaded_get_status(): No threaded load for resource path 'res://scenes/rooms/room_028.tscn' has been initiated or its result has already been collected.
Loading resource: res://scenes/rooms/room_028.tscn
Loading resource: res://scenes/world/AbilityPickup.tscn
Loading resource: res://assets/characters/player_walk.png
Loading resource: res://.godot/imported/player_walk.png-d859f324b180e620b35176465490dc5b.ctex
Loading resource: res://assets/characters/player_run.png
Loading resource: res://.godot/imported/player_run.png-5e1ce216cbd5012d226154b2ece4de96.ctex
Loading resource: res://assets/characters/player_attack.png
Loading resource: res://.godot/imported/player_attack.png-4863c0bf2c0460d3acf05ba44fde6f12.ctex
Loading resource: res://assets/characters/player_hurt.png
Loading resource: res://.godot/imported/player_hurt.png-c4194612d851672462e70be083dfc07f.ctex
Loading resource: res://assets/characters/player_death.png
Loading resource: res://.godot/imported/player_death.png-c449be6e42ed0b63a564aca0303227d9.ctex
Loading resource: res://assets/characters/player_idle.png
Loading resource: res://.godot/imported/player_idle.png-57ac0c2f07b9c78d58884a3ea75b7817.ctex
Loading resource: res://assets/characters/player_walk.png
Loading resource: res://.godot/imported/player_walk.png-d859f324b180e620b35176465490dc5b.ctex
Loading resource: res://assets/characters/player_jump_start.png
Loading resource: res://.godot/imported/player_jump_start.png-31b8f78669a8f177025dfe4f1c97a7c8.ctex
Loading resource: res://assets/characters/player_jump.png
Loading resource: res://.godot/imported/player_jump.png-9a86ba95e37eabc7f640245357b986c1.ctex
Loading resource: res://assets/characters/player_fall.png
Loading resource: res://.godot/imported/player_fall.png-94cc22ab1c11bd32466bca9f5ab527db.ctex
Loading resource: res://assets/characters/player_land.png
Loading resource: res://.godot/imported/player_land.png-bf586b100a0da4f0aa95acb11fbc1f7d.ctex
Loading resource: res://assets/characters/player_dash.png
Loading resource: res://.godot/imported/player_dash.png-7ae88d1d170590815fc6d555ac1c1b62.ctex
Loading resource: res://assets/characters/player_air_dash.png
Loading resource: res://.godot/imported/player_air_dash.png-a17aeeea7ab8931b27ac07da8a9a7ff2.ctex
Loading resource: res://assets/characters/player_double_jump.png
Loading resource: res://.godot/imported/player_double_jump.png-2618f84677f00029c0b113f21f999b50.ctex
Loading resource: res://assets/characters/player_wall_slide.png
Loading resource: res://.godot/imported/player_wall_slide.png-5768614b71e9b3e0872f45ce5135734d.ctex
Loading resource: res://assets/characters/player_wall_jump.png
Loading resource: res://.godot/imported/player_wall_jump.png-30d156fc0d137391c640850602e5d41b.ctex
Loading resource: res://assets/characters/player_swim.png
Loading resource: res://.godot/imported/player_swim.png-183785111f8e5e270807e4b8d3b4c206.ctex
Loading resource: res://assets/characters/player_swim_idle.png
Loading resource: res://.godot/imported/player_swim_idle.png-5e9711526bd3abf4e7493d936b3c405c.ctex
Loading resource: res://assets/characters/player_attack_2.png
Loading resource: res://.godot/imported/player_attack_2.png-1c3f75e251b4adc983f5963fc1194ace.ctex
Loading resource: res://assets/characters/player_attack_3.png
Loading resource: res://.godot/imported/player_attack_3.png-a90ac90177309dd41c23d7a196b1ecc5.ctex
Loading resource: res://assets/characters/player_ground_slam_start.png
Loading resource: res://.godot/imported/player_ground_slam_start.png-35670b6c1cb5778bb4084d6cda5fca78.ctex
Loading resource: res://assets/characters/player_ground_slam_fall.png
Loading resource: res://.godot/imported/player_ground_slam_fall.png-1ad4ff118b2f4c88029b7f2bd3933c92.ctex
Loading resource: res://assets/characters/player_ground_slam_impact.png
Loading resource: res://.godot/imported/player_ground_slam_impact.png-df1883c04ae51799d954a523995e2d38.ctex
Loading resource: res://assets/characters/player_grapple.png
Loading resource: res://.godot/imported/player_grapple.png-c9312f27489134016e09b62924ccfc54.ctex
Loading resource: res://assets/characters/player_phase.png
Loading resource: res://.godot/imported/player_phase.png-3f765db36d4f954395040195c665afcc.ctex
Loading resource: res://assets/characters/player_respawn.png
Loading resource: res://.godot/imported/player_respawn.png-6711506d9e2421b29e0cf23ea3d836b5.ctex
Loading resource: res://assets/characters/player_interact.png
Loading resource: res://.godot/imported/player_interact.png-321dc2368f547749c59501183d04f4c3.ctex
Loading resource: res://assets/characters/player_ability_acquire.png
Loading resource: res://.godot/imported/player_ability_acquire.png-4b16c2516cf783e3158a3cf5318c7b80.ctex
Loading resource: res://assets/characters/player_idle.png
Loading resource: res://.godot/imported/player_idle.png-57ac0c2f07b9c78d58884a3ea75b7817.ctex
Loading resource: res://assets/characters/player_attack_2.png
Loading resource: res://.godot/imported/player_attack_2.png-1c3f75e251b4adc983f5963fc1194ace.ctex
Loading resource: res://assets/characters/player_attack_3.png
Loading resource: res://.godot/imported/player_attack_3.png-a90ac90177309dd41c23d7a196b1ecc5.ctex
Loading resource: res://assets/bosses/boss_002_walk.png
Loading resource: res://.godot/imported/boss_002_walk.png-c7722f4b95e24c46954a33ca3eec95e5.ctex
Loading resource: res://assets/bosses/boss_002_run.png
Loading resource: res://.godot/imported/boss_002_run.png-7c95771fc1e496469bbb0875c8b29ca3.ctex
Loading resource: res://assets/bosses/boss_002_attack.png
Loading resource: res://.godot/imported/boss_002_attack.png-262daa9e9f350ffb50aa6c904d61d795.ctex
Loading resource: res://assets/bosses/boss_002_hurt.png
Loading resource: res://.godot/imported/boss_002_hurt.png-872132cc512f87f43bbb246ed50b8297.ctex
Loading resource: res://assets/bosses/boss_002_death.png
Loading resource: res://.godot/imported/boss_002_death.png-747f264e105982a4caaa0585f657b098.ctex
Loading resource: res://assets/bosses/boss_002_idle.png
Loading resource: res://.godot/imported/boss_002_idle.png-0bf576be6f9a9761d0d2056821480f06.ctex
Loading resource: res://assets/props/biome_0/biome_0_prop_8.png
Loading resource: res://.godot/imported/biome_0_prop_8.png-b15de6f6b4655c20288f53adf905da33.ctex
Loading resource: res://assets/props/biome_0/biome_0_prop_4.png
Loading resource: res://.godot/imported/biome_0_prop_4.png-3e477cd9fd333a2f7bb1206d873841a1.ctex
Loading resource: res://assets/architecture/stormglass/conditions/archive_bookcase.png
Loading resource: res://.godot/imported/archive_bookcase.png-8348ed48ed76d2030cee7aa161d2813e.ctex
Loading resource: res://assets/architecture/stormglass/conditions/archive_rubble.png
Loading resource: res://.godot/imported/archive_rubble.png-8ed21cf211745273f791600fd881f332.ctex
Loading resource: res://scripts/shaders/water_surface.gdshader
Loading resource: res://audio/music/boss.wav
Loading resource: res://.godot/imported/boss.wav-394a0e64a4290d255e56b5ef22f0f495.sample
load_threaded_get_status(): No threaded load for resource path 'res://scenes/rooms/room_026.tscn' has been initiated or its result has already been collected.
load_threaded_get_status(): No threaded load for resource path 'res://scenes/rooms/room_029.tscn' has been initiated or its result has already been collected.
load_threaded_get_status(): No threaded load for resource path 'res://scenes/rooms/room_027.tscn' has been initiated or its result has already been collected.
Loading resource: res://scenes/rooms/room_026.tscn
Loading resource: res://scenes/rooms/room_029.tscn
Loading resource: res://scenes/rooms/room_027.tscn
Loading resource: res://scenes/world/AbilityPickup.tscn
Loading resource: res://scenes/world/WeakFloor.tscn
Loading resource: res://scripts/world/WeakFloor.gd
Loading resource: res://assets/characters/player_walk.png
Loading resource: res://.godot/imported/player_walk.png-d859f324b180e620b35176465490dc5b.ctex
Loading resource: res://assets/characters/player_run.png
Loading resource: res://.godot/imported/player_run.png-5e1ce216cbd5012d226154b2ece4de96.ctex
Loading resource: res://assets/characters/player_attack.png
Loading resource: res://.godot/imported/player_attack.png-4863c0bf2c0460d3acf05ba44fde6f12.ctex
Loading resource: res://assets/characters/player_hurt.png
Loading resource: res://.godot/imported/player_hurt.png-c4194612d851672462e70be083dfc07f.ctex
Loading resource: res://assets/characters/player_death.png
Loading resource: res://.godot/imported/player_death.png-c449be6e42ed0b63a564aca0303227d9.ctex
Loading resource: res://assets/characters/player_idle.png
Loading resource: res://.godot/imported/player_idle.png-57ac0c2f07b9c78d58884a3ea75b7817.ctex
Loading resource: res://assets/characters/player_walk.png
Loading resource: res://.godot/imported/player_walk.png-d859f324b180e620b35176465490dc5b.ctex
Loading resource: res://assets/characters/player_jump_start.png
Loading resource: res://.godot/imported/player_jump_start.png-31b8f78669a8f177025dfe4f1c97a7c8.ctex
Loading resource: res://assets/characters/player_jump.png
Loading resource: res://.godot/imported/player_jump.png-9a86ba95e37eabc7f640245357b986c1.ctex
Loading resource: res://assets/characters/player_fall.png
Loading resource: res://.godot/imported/player_fall.png-94cc22ab1c11bd32466bca9f5ab527db.ctex
Loading resource: res://assets/characters/player_land.png
Loading resource: res://.godot/imported/player_land.png-bf586b100a0da4f0aa95acb11fbc1f7d.ctex
Loading resource: res://assets/characters/player_dash.png
Loading resource: res://.godot/imported/player_dash.png-7ae88d1d170590815fc6d555ac1c1b62.ctex
Loading resource: res://assets/characters/player_air_dash.png
Loading resource: res://.godot/imported/player_air_dash.png-a17aeeea7ab8931b27ac07da8a9a7ff2.ctex
Loading resource: res://assets/characters/player_double_jump.png
Loading resource: res://.godot/imported/player_double_jump.png-2618f84677f00029c0b113f21f999b50.ctex
Loading resource: res://assets/characters/player_wall_slide.png
Loading resource: res://.godot/imported/player_wall_slide.png-5768614b71e9b3e0872f45ce5135734d.ctex
Loading resource: res://assets/characters/player_wall_jump.png
Loading resource: res://.godot/imported/player_wall_jump.png-30d156fc0d137391c640850602e5d41b.ctex
Loading resource: res://assets/characters/player_swim.png
Loading resource: res://.godot/imported/player_swim.png-183785111f8e5e270807e4b8d3b4c206.ctex
Loading resource: res://assets/characters/player_swim_idle.png
Loading resource: res://.godot/imported/player_swim_idle.png-5e9711526bd3abf4e7493d936b3c405c.ctex
Loading resource: res://assets/characters/player_attack_2.png
Loading resource: res://.godot/imported/player_attack_2.png-1c3f75e251b4adc983f5963fc1194ace.ctex
Loading resource: res://assets/characters/player_attack_3.png
Loading resource: res://.godot/imported/player_attack_3.png-a90ac90177309dd41c23d7a196b1ecc5.ctex
Loading resource: res://assets/characters/player_ground_slam_start.png
Loading resource: res://.godot/imported/player_ground_slam_start.png-35670b6c1cb5778bb4084d6cda5fca78.ctex
Loading resource: res://assets/characters/player_ground_slam_fall.png
Loading resource: res://.godot/imported/player_ground_slam_fall.png-1ad4ff118b2f4c88029b7f2bd3933c92.ctex
Loading resource: res://assets/characters/player_ground_slam_impact.png
Loading resource: res://.godot/imported/player_ground_slam_impact.png-df1883c04ae51799d954a523995e2d38.ctex
Loading resource: res://assets/characters/player_grapple.png
Loading resource: res://.godot/imported/player_grapple.png-c9312f27489134016e09b62924ccfc54.ctex
Loading resource: res://assets/characters/player_phase.png
Loading resource: res://.godot/imported/player_phase.png-3f765db36d4f954395040195c665afcc.ctex
Loading resource: res://assets/characters/player_respawn.png
Loading resource: res://.godot/imported/player_respawn.png-6711506d9e2421b29e0cf23ea3d836b5.ctex
Loading resource: res://assets/characters/player_interact.png
Loading resource: res://.godot/imported/player_interact.png-321dc2368f547749c59501183d04f4c3.ctex
Loading resource: res://assets/characters/player_ability_acquire.png
Loading resource: res://.godot/imported/player_ability_acquire.png-4b16c2516cf783e3158a3cf5318c7b80.ctex
Loading resource: res://assets/characters/player_idle.png
Loading resource: res://.godot/imported/player_idle.png-57ac0c2f07b9c78d58884a3ea75b7817.ctex
Loading resource: res://assets/characters/player_attack_2.png
Loading resource: res://.godot/imported/player_attack_2.png-1c3f75e251b4adc983f5963fc1194ace.ctex
Loading resource: res://assets/characters/player_attack_3.png
Loading resource: res://.godot/imported/player_attack_3.png-a90ac90177309dd41c23d7a196b1ecc5.ctex
Loading resource: res://scripts/shaders/water_surface.gdshader
Loading resource: res://assets/characters/player_walk.png
Loading resource: res://.godot/imported/player_walk.png-d859f324b180e620b35176465490dc5b.ctex
Loading resource: res://assets/characters/player_run.png
Loading resource: res://.godot/imported/player_run.png-5e1ce216cbd5012d226154b2ece4de96.ctex
Loading resource: res://assets/characters/player_attack.png
Loading resource: res://.godot/imported/player_attack.png-4863c0bf2c0460d3acf05ba44fde6f12.ctex
Loading resource: res://assets/characters/player_hurt.png
Loading resource: res://.godot/imported/player_hurt.png-c4194612d851672462e70be083dfc07f.ctex
Loading resource: res://assets/characters/player_death.png
Loading resource: res://.godot/imported/player_death.png-c449be6e42ed0b63a564aca0303227d9.ctex
Loading resource: res://assets/characters/player_idle.png
Loading resource: res://.godot/imported/player_idle.png-57ac0c2f07b9c78d58884a3ea75b7817.ctex
Loading resource: res://assets/characters/player_walk.png
Loading resource: res://.godot/imported/player_walk.png-d859f324b180e620b35176465490dc5b.ctex
Loading resource: res://assets/characters/player_jump_start.png
Loading resource: res://.godot/imported/player_jump_start.png-31b8f78669a8f177025dfe4f1c97a7c8.ctex
Loading resource: res://assets/characters/player_jump.png
Loading resource: res://.godot/imported/player_jump.png-9a86ba95e37eabc7f640245357b986c1.ctex
Loading resource: res://assets/characters/player_fall.png
Loading resource: res://.godot/imported/player_fall.png-94cc22ab1c11bd32466bca9f5ab527db.ctex
Loading resource: res://assets/characters/player_land.png
Loading resource: res://.godot/imported/player_land.png-bf586b100a0da4f0aa95acb11fbc1f7d.ctex
Loading resource: res://assets/characters/player_dash.png
Loading resource: res://.godot/imported/player_dash.png-7ae88d1d170590815fc6d555ac1c1b62.ctex
Loading resource: res://assets/characters/player_air_dash.png
Loading resource: res://.godot/imported/player_air_dash.png-a17aeeea7ab8931b27ac07da8a9a7ff2.ctex
Loading resource: res://assets/characters/player_double_jump.png
Loading resource: res://.godot/imported/player_double_jump.png-2618f84677f00029c0b113f21f999b50.ctex
Loading resource: res://assets/characters/player_wall_slide.png
Loading resource: res://.godot/imported/player_wall_slide.png-5768614b71e9b3e0872f45ce5135734d.ctex
Loading resource: res://assets/characters/player_wall_jump.png
Loading resource: res://.godot/imported/player_wall_jump.png-30d156fc0d137391c640850602e5d41b.ctex
Loading resource: res://assets/characters/player_swim.png
Loading resource: res://.godot/imported/player_swim.png-183785111f8e5e270807e4b8d3b4c206.ctex
Loading resource: res://assets/characters/player_swim_idle.png
Loading resource: res://.godot/imported/player_swim_idle.png-5e9711526bd3abf4e7493d936b3c405c.ctex
Loading resource: res://assets/characters/player_attack_2.png
Loading resource: res://.godot/imported/player_attack_2.png-1c3f75e251b4adc983f5963fc1194ace.ctex
Loading resource: res://assets/characters/player_attack_3.png
Loading resource: res://.godot/imported/player_attack_3.png-a90ac90177309dd41c23d7a196b1ecc5.ctex
Loading resource: res://assets/characters/player_ground_slam_start.png
Loading resource: res://.godot/imported/player_ground_slam_start.png-35670b6c1cb5778bb4084d6cda5fca78.ctex
Loading resource: res://assets/characters/player_ground_slam_fall.png
Loading resource: res://.godot/imported/player_ground_slam_fall.png-1ad4ff118b2f4c88029b7f2bd3933c92.ctex
Loading resource: res://assets/characters/player_ground_slam_impact.png
Loading resource: res://.godot/imported/player_ground_slam_impact.png-df1883c04ae51799d954a523995e2d38.ctex
Loading resource: res://assets/characters/player_grapple.png
Loading resource: res://.godot/imported/player_grapple.png-c9312f27489134016e09b62924ccfc54.ctex
Loading resource: res://assets/characters/player_phase.png
Loading resource: res://.godot/imported/player_phase.png-3f765db36d4f954395040195c665afcc.ctex
Loading resource: res://assets/characters/player_respawn.png
Loading resource: res://.godot/imported/player_respawn.png-6711506d9e2421b29e0cf23ea3d836b5.ctex
Loading resource: res://assets/characters/player_interact.png
Loading resource: res://.godot/imported/player_interact.png-321dc2368f547749c59501183d04f4c3.ctex
Loading resource: res://assets/characters/player_ability_acquire.png
Loading resource: res://.godot/imported/player_ability_acquire.png-4b16c2516cf783e3158a3cf5318c7b80.ctex
Loading resource: res://assets/characters/player_idle.png
Loading resource: res://.godot/imported/player_idle.png-57ac0c2f07b9c78d58884a3ea75b7817.ctex
Loading resource: res://assets/characters/player_attack_2.png
Loading resource: res://.godot/imported/player_attack_2.png-1c3f75e251b4adc983f5963fc1194ace.ctex
Loading resource: res://assets/characters/player_attack_3.png
Loading resource: res://.godot/imported/player_attack_3.png-a90ac90177309dd41c23d7a196b1ecc5.ctex
Loading resource: res://scripts/shaders/water_surface.gdshader
Loading resource: res://assets/props/biome_0/biome_0_prop_8.png
Loading resource: res://.godot/imported/biome_0_prop_8.png-b15de6f6b4655c20288f53adf905da33.ctex
Loading resource: res://assets/props/biome_0/biome_0_prop_4.png
Loading resource: res://.godot/imported/biome_0_prop_4.png-3e477cd9fd333a2f7bb1206d873841a1.ctex
Loading resource: res://assets/architecture/stormglass/conditions/archive_bookcase.png
Loading resource: res://.godot/imported/archive_bookcase.png-8348ed48ed76d2030cee7aa161d2813e.ctex
Loading resource: res://assets/architecture/stormglass/conditions/archive_rubble.png
Loading resource: res://.godot/imported/archive_rubble.png-8ed21cf211745273f791600fd881f332.ctex
load_threaded_get_status(): No threaded load for resource path 'res://scenes/rooms/room_038.tscn' has been initiated or its result has already been collected.
Loading resource: res://scenes/rooms/room_038.tscn
Loading resource: res://scenes/world/AbilityPickup.tscn
Loading resource: res://assets/characters/player_walk.png
Loading resource: res://.godot/imported/player_walk.png-d859f324b180e620b35176465490dc5b.ctex
Loading resource: res://assets/characters/player_run.png
Loading resource: res://.godot/imported/player_run.png-5e1ce216cbd5012d226154b2ece4de96.ctex
Loading resource: res://assets/characters/player_attack.png
Loading resource: res://.godot/imported/player_attack.png-4863c0bf2c0460d3acf05ba44fde6f12.ctex
Loading resource: res://assets/characters/player_hurt.png
Loading resource: res://.godot/imported/player_hurt.png-c4194612d851672462e70be083dfc07f.ctex
Loading resource: res://assets/characters/player_death.png
Loading resource: res://.godot/imported/player_death.png-c449be6e42ed0b63a564aca0303227d9.ctex
Loading resource: res://assets/characters/player_idle.png
Loading resource: res://.godot/imported/player_idle.png-57ac0c2f07b9c78d58884a3ea75b7817.ctex
Loading resource: res://assets/characters/player_walk.png
Loading resource: res://.godot/imported/player_walk.png-d859f324b180e620b35176465490dc5b.ctex
Loading resource: res://assets/characters/player_jump_start.png
Loading resource: res://.godot/imported/player_jump_start.png-31b8f78669a8f177025dfe4f1c97a7c8.ctex
Loading resource: res://assets/characters/player_jump.png
Loading resource: res://.godot/imported/player_jump.png-9a86ba95e37eabc7f640245357b986c1.ctex
Loading resource: res://assets/characters/player_fall.png
Loading resource: res://.godot/imported/player_fall.png-94cc22ab1c11bd32466bca9f5ab527db.ctex
Loading resource: res://assets/characters/player_land.png
Loading resource: res://.godot/imported/player_land.png-bf586b100a0da4f0aa95acb11fbc1f7d.ctex
Loading resource: res://assets/characters/player_dash.png
Loading resource: res://.godot/imported/player_dash.png-7ae88d1d170590815fc6d555ac1c1b62.ctex
Loading resource: res://assets/characters/player_air_dash.png
Loading resource: res://.godot/imported/player_air_dash.png-a17aeeea7ab8931b27ac07da8a9a7ff2.ctex
Loading resource: res://assets/characters/player_double_jump.png
Loading resource: res://.godot/imported/player_double_jump.png-2618f84677f00029c0b113f21f999b50.ctex
Loading resource: res://assets/characters/player_wall_slide.png
Loading resource: res://.godot/imported/player_wall_slide.png-5768614b71e9b3e0872f45ce5135734d.ctex
Loading resource: res://assets/characters/player_wall_jump.png
Loading resource: res://.godot/imported/player_wall_jump.png-30d156fc0d137391c640850602e5d41b.ctex
Loading resource: res://assets/characters/player_swim.png
Loading resource: res://.godot/imported/player_swim.png-183785111f8e5e270807e4b8d3b4c206.ctex
Loading resource: res://assets/characters/player_swim_idle.png
Loading resource: res://.godot/imported/player_swim_idle.png-5e9711526bd3abf4e7493d936b3c405c.ctex
Loading resource: res://assets/characters/player_attack_2.png
Loading resource: res://.godot/imported/player_attack_2.png-1c3f75e251b4adc983f5963fc1194ace.ctex
Loading resource: res://assets/characters/player_attack_3.png
Loading resource: res://.godot/imported/player_attack_3.png-a90ac90177309dd41c23d7a196b1ecc5.ctex
Loading resource: res://assets/characters/player_ground_slam_start.png
Loading resource: res://.godot/imported/player_ground_slam_start.png-35670b6c1cb5778bb4084d6cda5fca78.ctex
Loading resource: res://assets/characters/player_ground_slam_fall.png
Loading resource: res://.godot/imported/player_ground_slam_fall.png-1ad4ff118b2f4c88029b7f2bd3933c92.ctex
Loading resource: res://assets/characters/player_ground_slam_impact.png
Loading resource: res://.godot/imported/player_ground_slam_impact.png-df1883c04ae51799d954a523995e2d38.ctex
Loading resource: res://assets/characters/player_grapple.png
Loading resource: res://.godot/imported/player_grapple.png-c9312f27489134016e09b62924ccfc54.ctex
Loading resource: res://assets/characters/player_phase.png
Loading resource: res://.godot/imported/player_phase.png-3f765db36d4f954395040195c665afcc.ctex
Loading resource: res://assets/characters/player_respawn.png
Loading resource: res://.godot/imported/player_respawn.png-6711506d9e2421b29e0cf23ea3d836b5.ctex
Loading resource: res://assets/characters/player_interact.png
Loading resource: res://.godot/imported/player_interact.png-321dc2368f547749c59501183d04f4c3.ctex
Loading resource: res://assets/characters/player_ability_acquire.png
Loading resource: res://.godot/imported/player_ability_acquire.png-4b16c2516cf783e3158a3cf5318c7b80.ctex
Loading resource: res://assets/characters/player_idle.png
Loading resource: res://.godot/imported/player_idle.png-57ac0c2f07b9c78d58884a3ea75b7817.ctex
Loading resource: res://assets/characters/player_attack_2.png
Loading resource: res://.godot/imported/player_attack_2.png-1c3f75e251b4adc983f5963fc1194ace.ctex
Loading resource: res://assets/characters/player_attack_3.png
Loading resource: res://.godot/imported/player_attack_3.png-a90ac90177309dd41c23d7a196b1ecc5.ctex
Loading resource: res://assets/bosses/boss_final_walk.png
Loading resource: res://.godot/imported/boss_final_walk.png-90d327fd304222dd5ef0a80173a0c054.ctex
Loading resource: res://assets/bosses/boss_final_run.png
Loading resource: res://.godot/imported/boss_final_run.png-e2436c3087e76c8ff0976788757af66f.ctex
Loading resource: res://assets/bosses/boss_final_attack.png
Loading resource: res://.godot/imported/boss_final_attack.png-765758524586c19a35e5a2727bbb88a5.ctex
Loading resource: res://assets/bosses/boss_final_hurt.png
Loading resource: res://.godot/imported/boss_final_hurt.png-0ae30d02877cc6651aa96985ce70a68f.ctex
Loading resource: res://assets/bosses/boss_final_death.png
Loading resource: res://.godot/imported/boss_final_death.png-57e02587d623006a01739bdbc9b4345f.ctex
Loading resource: res://assets/bosses/boss_final_idle.png
Loading resource: res://.godot/imported/boss_final_idle.png-a1564ea4af5a3b603eccd2f8d214241e.ctex
Loading resource: res://assets/bosses/boss_final_telegraph.png
Loading resource: res://.godot/imported/boss_final_telegraph.png-c3c10e7971698929ab3a65bcbc29fe43.ctex
Loading resource: res://assets/bosses/boss_final_recovery.png
Loading resource: res://.godot/imported/boss_final_recovery.png-91ab69018a5043c60cc9686134267203.ctex
Loading resource: res://assets/bosses/boss_final_attack_projectile.png
Loading resource: res://.godot/imported/boss_final_attack_projectile.png-9e86c807abb19787a7fa9cf9efb71b27.ctex
Loading resource: res://assets/bosses/boss_final_attack_burst.png
Loading resource: res://.godot/imported/boss_final_attack_burst.png-762bf83b03e1fbba13118507c389ece0.ctex
Loading resource: res://assets/bosses/boss_final_idle.png
Loading resource: res://.godot/imported/boss_final_idle.png-a1564ea4af5a3b603eccd2f8d214241e.ctex
Loading resource: res://assets/bosses/boss_final_telegraph.png
Loading resource: res://.godot/imported/boss_final_telegraph.png-c3c10e7971698929ab3a65bcbc29fe43.ctex
Loading resource: res://assets/bosses/boss_final_recovery.png
Loading resource: res://.godot/imported/boss_final_recovery.png-91ab69018a5043c60cc9686134267203.ctex
Loading resource: res://assets/bosses/boss_final_attack_projectile.png
Loading resource: res://.godot/imported/boss_final_attack_projectile.png-9e86c807abb19787a7fa9cf9efb71b27.ctex
Loading resource: res://assets/bosses/boss_final_attack_burst.png
Loading resource: res://.godot/imported/boss_final_attack_burst.png-762bf83b03e1fbba13118507c389ece0.ctex
Loading resource: res://assets/props/biome_0/biome_0_prop_8.png
Loading resource: res://.godot/imported/biome_0_prop_8.png-b15de6f6b4655c20288f53adf905da33.ctex
Loading resource: res://assets/props/biome_0/biome_0_prop_4.png
Loading resource: res://.godot/imported/biome_0_prop_4.png-3e477cd9fd333a2f7bb1206d873841a1.ctex
Loading resource: res://assets/architecture/stormglass/conditions/frozen_icicles.png
Loading resource: res://.godot/imported/frozen_icicles.png-db8b015a227626141bf70bb37a08b0da.ctex
Loading resource: res://assets/architecture/stormglass/conditions/frozen_bell.png
Loading resource: res://.godot/imported/frozen_bell.png-53688fa9156757a0bede1ee61a03c465.ctex
Loading resource: res://assets/architecture/stormglass/conditions/frozen_gears.png
Loading resource: res://.godot/imported/frozen_gears.png-a4c6c764ac4d28c4caeea5a55c40a0c0.ctex
Loading resource: res://scripts/shaders/water_surface.gdshader
Loading resource: res://audio/music/boss.wav
Loading resource: res://.godot/imported/boss.wav-394a0e64a4290d255e56b5ef22f0f495.sample
load_threaded_get_status(): No threaded load for resource path 'res://scenes/rooms/room_036.tscn' has been initiated or its result has already been collected.
Loading resource: res://scenes/rooms/room_036.tscn
load_threaded_get_status(): No threaded load for resource path 'res://scenes/rooms/room_039.tscn' has been initiated or its result has already been collected.
Loading resource: res://scenes/world/AbilityPickup.tscn
Loading resource: res://scenes/rooms/room_039.tscn
Loading resource: res://scenes/world/AbilityPickup.tscn
Loading resource: res://assets/characters/player_walk.png
Loading resource: res://.godot/imported/player_walk.png-d859f324b180e620b35176465490dc5b.ctex
Loading resource: res://assets/characters/player_run.png
Loading resource: res://.godot/imported/player_run.png-5e1ce216cbd5012d226154b2ece4de96.ctex
Loading resource: res://assets/characters/player_attack.png
Loading resource: res://.godot/imported/player_attack.png-4863c0bf2c0460d3acf05ba44fde6f12.ctex
Loading resource: res://assets/characters/player_hurt.png
Loading resource: res://.godot/imported/player_hurt.png-c4194612d851672462e70be083dfc07f.ctex
Loading resource: res://assets/characters/player_death.png
Loading resource: res://.godot/imported/player_death.png-c449be6e42ed0b63a564aca0303227d9.ctex
Loading resource: res://assets/characters/player_idle.png
Loading resource: res://.godot/imported/player_idle.png-57ac0c2f07b9c78d58884a3ea75b7817.ctex
Loading resource: res://assets/characters/player_walk.png
Loading resource: res://.godot/imported/player_walk.png-d859f324b180e620b35176465490dc5b.ctex
Loading resource: res://assets/characters/player_jump_start.png
Loading resource: res://.godot/imported/player_jump_start.png-31b8f78669a8f177025dfe4f1c97a7c8.ctex
Loading resource: res://assets/characters/player_jump.png
Loading resource: res://.godot/imported/player_jump.png-9a86ba95e37eabc7f640245357b986c1.ctex
Loading resource: res://assets/characters/player_fall.png
Loading resource: res://.godot/imported/player_fall.png-94cc22ab1c11bd32466bca9f5ab527db.ctex
Loading resource: res://assets/characters/player_land.png
Loading resource: res://.godot/imported/player_land.png-bf586b100a0da4f0aa95acb11fbc1f7d.ctex
Loading resource: res://assets/characters/player_dash.png
Loading resource: res://.godot/imported/player_dash.png-7ae88d1d170590815fc6d555ac1c1b62.ctex
Loading resource: res://assets/characters/player_air_dash.png
Loading resource: res://.godot/imported/player_air_dash.png-a17aeeea7ab8931b27ac07da8a9a7ff2.ctex
Loading resource: res://assets/characters/player_double_jump.png
Loading resource: res://.godot/imported/player_double_jump.png-2618f84677f00029c0b113f21f999b50.ctex
Loading resource: res://assets/characters/player_wall_slide.png
Loading resource: res://.godot/imported/player_wall_slide.png-5768614b71e9b3e0872f45ce5135734d.ctex
Loading resource: res://assets/characters/player_wall_jump.png
Loading resource: res://.godot/imported/player_wall_jump.png-30d156fc0d137391c640850602e5d41b.ctex
Loading resource: res://assets/characters/player_swim.png
Loading resource: res://.godot/imported/player_swim.png-183785111f8e5e270807e4b8d3b4c206.ctex
Loading resource: res://assets/characters/player_swim_idle.png
Loading resource: res://.godot/imported/player_swim_idle.png-5e9711526bd3abf4e7493d936b3c405c.ctex
Loading resource: res://assets/characters/player_attack_2.png
Loading resource: res://.godot/imported/player_attack_2.png-1c3f75e251b4adc983f5963fc1194ace.ctex
Loading resource: res://assets/characters/player_attack_3.png
Loading resource: res://.godot/imported/player_attack_3.png-a90ac90177309dd41c23d7a196b1ecc5.ctex
Loading resource: res://assets/characters/player_ground_slam_start.png
Loading resource: res://.godot/imported/player_ground_slam_start.png-35670b6c1cb5778bb4084d6cda5fca78.ctex
Loading resource: res://assets/characters/player_ground_slam_fall.png
Loading resource: res://.godot/imported/player_ground_slam_fall.png-1ad4ff118b2f4c88029b7f2bd3933c92.ctex
Loading resource: res://assets/characters/player_ground_slam_impact.png
Loading resource: res://.godot/imported/player_ground_slam_impact.png-df1883c04ae51799d954a523995e2d38.ctex
Loading resource: res://assets/characters/player_grapple.png
Loading resource: res://.godot/imported/player_grapple.png-c9312f27489134016e09b62924ccfc54.ctex
Loading resource: res://assets/characters/player_phase.png
Loading resource: res://.godot/imported/player_phase.png-3f765db36d4f954395040195c665afcc.ctex
Loading resource: res://assets/characters/player_respawn.png
Loading resource: res://.godot/imported/player_respawn.png-6711506d9e2421b29e0cf23ea3d836b5.ctex
Loading resource: res://assets/characters/player_interact.png
Loading resource: res://.godot/imported/player_interact.png-321dc2368f547749c59501183d04f4c3.ctex
Loading resource: res://assets/characters/player_ability_acquire.png
Loading resource: res://.godot/imported/player_ability_acquire.png-4b16c2516cf783e3158a3cf5318c7b80.ctex
Loading resource: res://assets/characters/player_idle.png
Loading resource: res://.godot/imported/player_idle.png-57ac0c2f07b9c78d58884a3ea75b7817.ctex
Loading resource: res://assets/characters/player_attack_2.png
Loading resource: res://.godot/imported/player_attack_2.png-1c3f75e251b4adc983f5963fc1194ace.ctex
Loading resource: res://assets/characters/player_attack_3.png
Loading resource: res://.godot/imported/player_attack_3.png-a90ac90177309dd41c23d7a196b1ecc5.ctex
Loading resource: res://scripts/shaders/water_surface.gdshader
Loading resource: res://assets/characters/player_walk.png
Loading resource: res://.godot/imported/player_walk.png-d859f324b180e620b35176465490dc5b.ctex
Loading resource: res://assets/characters/player_run.png
Loading resource: res://.godot/imported/player_run.png-5e1ce216cbd5012d226154b2ece4de96.ctex
Loading resource: res://assets/characters/player_attack.png
Loading resource: res://.godot/imported/player_attack.png-4863c0bf2c0460d3acf05ba44fde6f12.ctex
Loading resource: res://assets/characters/player_hurt.png
Loading resource: res://.godot/imported/player_hurt.png-c4194612d851672462e70be083dfc07f.ctex
Loading resource: res://assets/characters/player_death.png
Loading resource: res://.godot/imported/player_death.png-c449be6e42ed0b63a564aca0303227d9.ctex
Loading resource: res://assets/characters/player_idle.png
Loading resource: res://.godot/imported/player_idle.png-57ac0c2f07b9c78d58884a3ea75b7817.ctex
Loading resource: res://assets/characters/player_walk.png
Loading resource: res://.godot/imported/player_walk.png-d859f324b180e620b35176465490dc5b.ctex
Loading resource: res://assets/characters/player_jump_start.png
Loading resource: res://.godot/imported/player_jump_start.png-31b8f78669a8f177025dfe4f1c97a7c8.ctex
Loading resource: res://assets/characters/player_jump.png
Loading resource: res://.godot/imported/player_jump.png-9a86ba95e37eabc7f640245357b986c1.ctex
Loading resource: res://assets/characters/player_fall.png
Loading resource: res://.godot/imported/player_fall.png-94cc22ab1c11bd32466bca9f5ab527db.ctex
Loading resource: res://assets/characters/player_land.png
Loading resource: res://.godot/imported/player_land.png-bf586b100a0da4f0aa95acb11fbc1f7d.ctex
Loading resource: res://assets/characters/player_dash.png
Loading resource: res://.godot/imported/player_dash.png-7ae88d1d170590815fc6d555ac1c1b62.ctex
Loading resource: res://assets/characters/player_air_dash.png
Loading resource: res://.godot/imported/player_air_dash.png-a17aeeea7ab8931b27ac07da8a9a7ff2.ctex
Loading resource: res://assets/characters/player_double_jump.png
Loading resource: res://.godot/imported/player_double_jump.png-2618f84677f00029c0b113f21f999b50.ctex
Loading resource: res://assets/characters/player_wall_slide.png
Loading resource: res://.godot/imported/player_wall_slide.png-5768614b71e9b3e0872f45ce5135734d.ctex
Loading resource: res://assets/characters/player_wall_jump.png
Loading resource: res://.godot/imported/player_wall_jump.png-30d156fc0d137391c640850602e5d41b.ctex
Loading resource: res://assets/characters/player_swim.png
Loading resource: res://.godot/imported/player_swim.png-183785111f8e5e270807e4b8d3b4c206.ctex
Loading resource: res://assets/characters/player_swim_idle.png
Loading resource: res://.godot/imported/player_swim_idle.png-5e9711526bd3abf4e7493d936b3c405c.ctex
Loading resource: res://assets/characters/player_attack_2.png
Loading resource: res://.godot/imported/player_attack_2.png-1c3f75e251b4adc983f5963fc1194ace.ctex
Loading resource: res://assets/characters/player_attack_3.png
Loading resource: res://.godot/imported/player_attack_3.png-a90ac90177309dd41c23d7a196b1ecc5.ctex
Loading resource: res://assets/characters/player_ground_slam_start.png
Loading resource: res://.godot/imported/player_ground_slam_start.png-35670b6c1cb5778bb4084d6cda5fca78.ctex
Loading resource: res://assets/characters/player_ground_slam_fall.png
Loading resource: res://.godot/imported/player_ground_slam_fall.png-1ad4ff118b2f4c88029b7f2bd3933c92.ctex
Loading resource: res://assets/characters/player_ground_slam_impact.png
Loading resource: res://.godot/imported/player_ground_slam_impact.png-df1883c04ae51799d954a523995e2d38.ctex
Loading resource: res://assets/characters/player_grapple.png
Loading resource: res://.godot/imported/player_grapple.png-c9312f27489134016e09b62924ccfc54.ctex
Loading resource: res://assets/characters/player_phase.png
Loading resource: res://.godot/imported/player_phase.png-3f765db36d4f954395040195c665afcc.ctex
Loading resource: res://assets/characters/player_respawn.png
Loading resource: res://.godot/imported/player_respawn.png-6711506d9e2421b29e0cf23ea3d836b5.ctex
Loading resource: res://assets/characters/player_interact.png
Loading resource: res://.godot/imported/player_interact.png-321dc2368f547749c59501183d04f4c3.ctex
Loading resource: res://assets/characters/player_ability_acquire.png
Loading resource: res://.godot/imported/player_ability_acquire.png-4b16c2516cf783e3158a3cf5318c7b80.ctex
Loading resource: res://assets/characters/player_idle.png
Loading resource: res://.godot/imported/player_idle.png-57ac0c2f07b9c78d58884a3ea75b7817.ctex
Loading resource: res://assets/characters/player_attack_2.png
Loading resource: res://.godot/imported/player_attack_2.png-1c3f75e251b4adc983f5963fc1194ace.ctex
Loading resource: res://assets/characters/player_attack_3.png
Loading resource: res://.godot/imported/player_attack_3.png-a90ac90177309dd41c23d7a196b1ecc5.ctex
Loading resource: res://scripts/shaders/water_surface.gdshader
Loading resource: res://assets/props/biome_0/biome_0_prop_8.png
Loading resource: res://.godot/imported/biome_0_prop_8.png-b15de6f6b4655c20288f53adf905da33.ctex
Loading resource: res://assets/props/biome_0/biome_0_prop_4.png
Loading resource: res://.godot/imported/biome_0_prop_4.png-3e477cd9fd333a2f7bb1206d873841a1.ctex
Loading resource: res://assets/architecture/stormglass/conditions/frozen_icicles.png
Loading resource: res://.godot/imported/frozen_icicles.png-db8b015a227626141bf70bb37a08b0da.ctex
Loading resource: res://assets/architecture/stormglass/conditions/frozen_bell.png
Loading resource: res://.godot/imported/frozen_bell.png-53688fa9156757a0bede1ee61a03c465.ctex
Loading resource: res://assets/architecture/stormglass/conditions/frozen_gears.png
Loading resource: res://.godot/imported/frozen_gears.png-a4c6c764ac4d28c4caeea5a55c40a0c0.ctex
Loading resource: res://assets/characters/player_walk.png
Loading resource: res://.godot/imported/player_walk.png-d859f324b180e620b35176465490dc5b.ctex
Loading resource: res://assets/characters/player_run.png
Loading resource: res://.godot/imported/player_run.png-5e1ce216cbd5012d226154b2ece4de96.ctex
Loading resource: res://assets/characters/player_attack.png
Loading resource: res://.godot/imported/player_attack.png-4863c0bf2c0460d3acf05ba44fde6f12.ctex
Loading resource: res://assets/characters/player_hurt.png
Loading resource: res://.godot/imported/player_hurt.png-c4194612d851672462e70be083dfc07f.ctex
Loading resource: res://assets/characters/player_death.png
Loading resource: res://.godot/imported/player_death.png-c449be6e42ed0b63a564aca0303227d9.ctex
Loading resource: res://assets/characters/player_idle.png
Loading resource: res://.godot/imported/player_idle.png-57ac0c2f07b9c78d58884a3ea75b7817.ctex
Loading resource: res://assets/characters/player_walk.png
Loading resource: res://.godot/imported/player_walk.png-d859f324b180e620b35176465490dc5b.ctex
Loading resource: res://assets/characters/player_jump_start.png
Loading resource: res://.godot/imported/player_jump_start.png-31b8f78669a8f177025dfe4f1c97a7c8.ctex
Loading resource: res://assets/characters/player_jump.png
Loading resource: res://.godot/imported/player_jump.png-9a86ba95e37eabc7f640245357b986c1.ctex
Loading resource: res://assets/characters/player_fall.png
Loading resource: res://.godot/imported/player_fall.png-94cc22ab1c11bd32466bca9f5ab527db.ctex
Loading resource: res://assets/characters/player_land.png
Loading resource: res://.godot/imported/player_land.png-bf586b100a0da4f0aa95acb11fbc1f7d.ctex
Loading resource: res://assets/characters/player_dash.png
Loading resource: res://.godot/imported/player_dash.png-7ae88d1d170590815fc6d555ac1c1b62.ctex
Loading resource: res://assets/characters/player_air_dash.png
Loading resource: res://.godot/imported/player_air_dash.png-a17aeeea7ab8931b27ac07da8a9a7ff2.ctex
Loading resource: res://assets/characters/player_double_jump.png
Loading resource: res://.godot/imported/player_double_jump.png-2618f84677f00029c0b113f21f999b50.ctex
Loading resource: res://assets/characters/player_wall_slide.png
Loading resource: res://.godot/imported/player_wall_slide.png-5768614b71e9b3e0872f45ce5135734d.ctex
Loading resource: res://assets/characters/player_wall_jump.png
Loading resource: res://.godot/imported/player_wall_jump.png-30d156fc0d137391c640850602e5d41b.ctex
Loading resource: res://assets/characters/player_swim.png
Loading resource: res://.godot/imported/player_swim.png-183785111f8e5e270807e4b8d3b4c206.ctex
Loading resource: res://assets/characters/player_swim_idle.png
Loading resource: res://.godot/imported/player_swim_idle.png-5e9711526bd3abf4e7493d936b3c405c.ctex
Loading resource: res://assets/characters/player_attack_2.png
Loading resource: res://.godot/imported/player_attack_2.png-1c3f75e251b4adc983f5963fc1194ace.ctex
Loading resource: res://assets/characters/player_attack_3.png
Loading resource: res://.godot/imported/player_attack_3.png-a90ac90177309dd41c23d7a196b1ecc5.ctex
Loading resource: res://assets/characters/player_ground_slam_start.png
Loading resource: res://.godot/imported/player_ground_slam_start.png-35670b6c1cb5778bb4084d6cda5fca78.ctex
Loading resource: res://assets/characters/player_ground_slam_fall.png
Loading resource: res://.godot/imported/player_ground_slam_fall.png-1ad4ff118b2f4c88029b7f2bd3933c92.ctex
Loading resource: res://assets/characters/player_ground_slam_impact.png
Loading resource: res://.godot/imported/player_ground_slam_impact.png-df1883c04ae51799d954a523995e2d38.ctex
Loading resource: res://assets/characters/player_grapple.png
Loading resource: res://.godot/imported/player_grapple.png-c9312f27489134016e09b62924ccfc54.ctex
Loading resource: res://assets/characters/player_phase.png
Loading resource: res://.godot/imported/player_phase.png-3f765db36d4f954395040195c665afcc.ctex
Loading resource: res://assets/characters/player_respawn.png
Loading resource: res://.godot/imported/player_respawn.png-6711506d9e2421b29e0cf23ea3d836b5.ctex
Loading resource: res://assets/characters/player_interact.png
Loading resource: res://.godot/imported/player_interact.png-321dc2368f547749c59501183d04f4c3.ctex
Loading resource: res://assets/characters/player_ability_acquire.png
Loading resource: res://.godot/imported/player_ability_acquire.png-4b16c2516cf783e3158a3cf5318c7b80.ctex
Loading resource: res://assets/characters/player_idle.png
Loading resource: res://.godot/imported/player_idle.png-57ac0c2f07b9c78d58884a3ea75b7817.ctex
Loading resource: res://assets/characters/player_attack_2.png
Loading resource: res://.godot/imported/player_attack_2.png-1c3f75e251b4adc983f5963fc1194ace.ctex
Loading resource: res://assets/characters/player_attack_3.png
Loading resource: res://.godot/imported/player_attack_3.png-a90ac90177309dd41c23d7a196b1ecc5.ctex
Loading resource: res://assets/bosses/boss_000_walk.png
Loading resource: res://.godot/imported/boss_000_walk.png-13eb18860d4185437eb2098ff0cd0724.ctex
Loading resource: res://assets/bosses/boss_000_run.png
Loading resource: res://.godot/imported/boss_000_run.png-0da0a816680cd6dd75de87dd3e99e0e5.ctex
Loading resource: res://assets/bosses/boss_000_attack.png
Loading resource: res://.godot/imported/boss_000_attack.png-cbb861cc508ebe7c82e68b05677c0d91.ctex
Loading resource: res://assets/bosses/boss_000_hurt.png
Loading resource: res://.godot/imported/boss_000_hurt.png-3ffc4461a5bb77b2dd48cf8949f00370.ctex
Loading resource: res://assets/bosses/boss_000_death.png
Loading resource: res://.godot/imported/boss_000_death.png-95785cb69c5f61df54673d8a5dcc97e5.ctex
Loading resource: res://assets/bosses/boss_000_idle.png
Loading resource: res://.godot/imported/boss_000_idle.png-673fdb58dc574a0f7c1458b8a5f147b3.ctex
Loading resource: res://assets/props/biome_0/biome_0_prop_8.png
Loading resource: res://.godot/imported/biome_0_prop_8.png-b15de6f6b4655c20288f53adf905da33.ctex
Loading resource: res://assets/props/biome_0/biome_0_prop_4.png
Loading resource: res://.godot/imported/biome_0_prop_4.png-3e477cd9fd333a2f7bb1206d873841a1.ctex
Loading resource: res://assets/architecture/stormglass/conditions/intact_altar.png
Loading resource: res://.godot/imported/intact_altar.png-6ca4c844dc7363eabcb769b898816701.ctex
Loading resource: res://assets/architecture/stormglass/conditions/intact_sconce.png
Loading resource: res://.godot/imported/intact_sconce.png-0f16d2700ed93c13f6b96399cfaf19ac.ctex
Loading resource: res://scripts/shaders/water_surface.gdshader
BACKTRACKING_RESULT {"checks":34,"failures":[],"passed":true}
XR: Clearing primary interface
XR: Removed interface "Native mobile"
XR: Removed interface "OpenXR"
WARNING: ObjectDB instances leaked at exit (run with --verbose for details).
   at: cleanup (core/object/object.cpp:2641)
Leaked instance: RefCounted:9223372156509882275 - Reference count: 0
Leaked instance: RefCounted:9223372156560213924 - Reference count: 0
Leaked instance: RefCounted:9223372156409218984 - Reference count: 0
Leaked instance: RefCounted:9223372337720592373 - Reference count: 0
Leaked instance: RefCounted:9223372337821255675 - Reference count: 0
Leaked instance: RefCounted:9223372128072501393 - Reference count: 0
Leaked instance: SceneTreeTimer:9223372271517698427 - Reference count: 1
Leaked instance: SceneTreeTimer:9223372213753743758 - Reference count: 1
Leaked instance: RefCounted:9223372275577784732 - Reference count: 0
Leaked instance: RefCounted:9223372275644893600 - Reference count: 0
Leaked instance: RefCounted:9223372275527453098 - Reference count: 0
Leaked instance: SceneTreeTimer:9223372153942968965 - Reference count: 1
Leaked instance: SceneTreeTimer:9223372390484937471 - Reference count: 1
Leaked instance: RefCounted:9223372217646058244 - Reference count: 0
Leaked instance: RefCounted:9223372217578949381 - Reference count: 0
Leaked instance: RefCounted:9223372217478286090 - Reference count: 0
Leaked instance: SceneTreeTimer:9223372333710838641 - Reference count: 1
Hint: Leaked instances typically happen when nodes are removed from the scene tree (with `remove_child()`) but not freed (with `free()` or `queue_free()`).
Orphan StringName: physics_frame (static: 1, total: 16)
Orphan StringName: timeout (static: 1, total: 6)
StringName: 2 unclaimed string names at exit.
