WorkerThreadPool: 12 threads, 3 max low-priority.
Godot Engine v4.6.stable.official.89cea1439 - https://godotengine.org
TextServer: Added interface "Dummy"
TextServer: Added interface "ICU / HarfBuzz / Graphite (Built-in)"
Unrecognized output string "misc2" in mapping:
030000000d0f00000202000000000000,Horipad O Nintendo Switch 2 Controller,a:b1,b:b0,back:b8,dpdown:h0.4,dpleft:h0.8,dpright:h0.2,dpup:h0.1,guide:b12,leftshoulder:b4,leftstick:b10,lefttrigger:b6,leftx:a0,lefty:a1,misc1:b13,misc2:b14,rightshoulder:b5,rightstick:b11,righttrigger:b7,rightx:a2,righty:a3,start:b9,x:b3,y:b2,platform:Windows,
Unrecognized output string "misc2" in mapping:
030000000d0f00009601000000000000,Horipad Steam,a:b0,b:b1,back:b10,dpdown:h0.4,dpleft:h0.8,dpright:h0.2,dpup:h0.1,guide:b12,leftshoulder:b6,leftstick:b13,lefttrigger:b8,leftx:a0,lefty:a1,misc2:b2,paddle1:b5,paddle2:b15,paddle3:b18,paddle4:b19,rightshoulder:b7,rightstick:b14,righttrigger:b9,rightx:a3,righty:a4,start:b11,x:b3,y:b4,platform:Windows,
Unrecognized output string "misc2" in mapping:
030000007e0500006920000000000000,Nintendo Switch 2 Pro Controller,a:b0,b:b1,back:b14,dpdown:b8,dpleft:b10,dpright:b9,dpup:b11,guide:b16,leftshoulder:b12,leftstick:b15,lefttrigger:b13,leftx:a0,lefty:a1~,misc1:b17,misc2:b20,paddle1:b18,paddle2:b19,rightshoulder:b4,rightstick:b7,righttrigger:b5,rightx:a2,righty:a3~,start:b6,x:b2,y:b3,platform:Windows,
Native OpenGL API detected: 3.3: NVIDIA - NVIDIA GeForce RTX 5060 Laptop GPU
NVAPI: Init OK!
NVAPI: Profile not found, creating...
NVAPI: Application not found in profile, creating...
NVAPI: Error creating application: NVAPI_EXECUTABLE_ALREADY_IN_USE(code -167)
SDL: Gamepad XInput Controller connected
SDL: Init OK!
Using "winink" pen tablet driver...
Shader 'CanvasSdfShaderGLES3' SHA256: b9718faec1782e5139496d2dae083d936043d0ecabeda65c5b92a07a17cecd33
Shader 'SkeletonShaderGLES3' SHA256: fb9cbf15b48ee6c34a0db09b1896bee95a3a97aa97bdb1f282d72d6c694e2598
Shader 'ParticlesShaderGLES3' SHA256: 7f716ee166e21861b8520b9f89a20de535771da43208854a301cf9abef9d7976
Shader 'ParticlesCopyShaderGLES3' SHA256: 600cbaed1622baa5605373f4ec7000f6d5408861f0e6c60ae661a72984253aaa
Shader 'CopyShaderGLES3' SHA256: ed8e55364f14bb9ab8eefb454c7bdade67784e645da98fc16e505c129cca684c
Shader 'CubemapFilterShaderGLES3' SHA256: 41c0d056700d50be72cdd7db1582bfe81ad8d3fa0f5880fe9f23ea3d65ba9ef2
Shader 'GlowShaderGLES3' SHA256: ba54af943a5836ab39fe344ac11dc58a0ccb0e583ebab014f25afd3d47ccca1b
Shader 'PostShaderGLES3' SHA256: ea6892c99544cb86fd31c8c3d9f620c09c101bd2d39cdf770c020dfa4592bc60
Shader 'FeedShaderGLES3' SHA256: a3fc826c42d91c276958c4e2f002e2e17eaf9d57d2cd66096fdc4c8469300a23
Shader 'CanvasShaderGLES3' SHA256: 8b38bf424986f92785129212b0f265252240ac5ec2f61539412bf72938914d1f
Shader 'CanvasOcclusionShaderGLES3' SHA256: b111f488b3881a5dc9091f30be4555c19fc88ab4efa80b3b8b990ff2efeb00b8
Shader 'SceneShaderGLES3' SHA256: ebd945223a7f218efd2f3fbbd1e74a9065db379ed973b36de7de688ab0cc74ee
Shader 'SkyShaderGLES3' SHA256: 1b23e2e8fd7716c22bf0bc433327281beec7b3812d64872a9bd0d5ba2cb984eb
OpenGL API 3.3.0 NVIDIA 617.14 - Compatibility - Using Device: NVIDIA - NVIDIA GeForce RTX 5060 Laptop GPU

TextServer: Primary interface set to: "ICU / HarfBuzz / Graphite (Built-in)".
CORE API HASH: 3663110324
EDITOR API HASH: 835956462
SceneTreeFTI: traversal method DEFAULT
Loading resource: res://scripts/core/StudioRuntimeBridge.gd
Loading resource: res://scripts/core/GameManager.gd
Loading resource: res://scripts/core/DialogueManager.gd
Loading resource: res://scripts/core/ShopManager.gd
Loading resource: res://scripts/core/QualityPresentation.gd
MbedTLS: Some X509 certificates could not be parsed (1 certificates skipped).
Loaded system CA certificates
Loading resource: res://scenes/test/CastleJourneyValidation.tscn
Loading resource: res://scripts/test/CastleJourneyValidation.gd
Loading resource: res://assets/vfx/hit_spark.png
Loading resource: res://.godot/imported/hit_spark.png-b5856c705e2806b5c32dda31e1022359.ctex
Loading resource: res://assets/vfx/death_puff.png
Loading resource: res://.godot/imported/death_puff.png-eaf796bf7957cf9b0ee482dcd63f611b.ctex
Loading resource: res://assets/vfx/dash_trail.png
Loading resource: res://.godot/imported/dash_trail.png-ce20a167c7418a8d94e0d4e148f9ffa4.ctex
Loading resource: res://assets/vfx/pickup_spark.png
Loading resource: res://.godot/imported/pickup_spark.png-dd9b20db8cdebb35e61d0034e0a2aa5b.ctex
Loading resource: res://assets/vfx/ability_unlock.png
Loading resource: res://.godot/imported/ability_unlock.png-343e87f205cd55b185f45c42603d3a5b.ctex
Loading resource: res://assets/vfx/boss_phase_shift.png
Loading resource: res://.godot/imported/boss_phase_shift.png-a8af2af2accd860801926283ec6dc434.ctex
Loading resource: res://assets/vfx/area_burst.png
Loading resource: res://.godot/imported/area_burst.png-6397c336594483b5ba8cf7cbf30ca9f3.ctex
Loading resource: res://assets/vfx/slam_shock.png
Loading resource: res://.godot/imported/slam_shock.png-950e009079a8c838f42e5d3e32bd2140.ctex
Loading resource: res://assets/vfx/landing_dust.png
Loading resource: res://.godot/imported/landing_dust.png-9b9d5126a1271146aab4be248493225c.ctex
Loading resource: res://scenes/world/World.tscn
Loading resource: res://scripts/world/WorldManager.gd
Loading resource: res://scripts/UI/GameHUD.gd
Loading resource: res://scenes/world/PauseMenu.tscn
Loading resource: res://scripts/UI/PauseMenu.gd
Loading resource: res://scripts/UI/WorldMapPanel.gd
Loading resource: res://scripts/UI/InventoryPanel.gd
Loading resource: res://scripts/UI/QuestPanel.gd
Loading resource: res://scenes/world/ShopOverlay.tscn
Loading resource: res://scripts/UI/ShopOverlay.gd
Loading resource: res://scenes/world/DialogueOverlay.tscn
Loading resource: res://scripts/UI/DialogueOverlay.gd
Loading resource: res://scripts/UI/MinimapPanel.gd
Loading resource: res://scripts/UI/QuestTrackerPanel.gd
Loading resource: res://scripts/world/TransitionFader.gd
Loading resource: res://assets/ui/menu_panel.png
Loading resource: res://.godot/imported/menu_panel.png-1393021852b7260100c0276fa6376346.ctex
Loading resource: res://assets/ui/menu_button.png
Loading resource: res://.godot/imported/menu_button.png-52f6d44214399ad22f5069c113bc42b3.ctex
Loading resource: res://assets/ui/dialogue_ornament.png
Loading resource: res://.godot/imported/dialogue_ornament.png-8f1c12d3a54979bec571e7b3a379cb83.ctex
Loading resource: res://assets/ui/hud_frame.png
Loading resource: res://.godot/imported/hud_frame.png-45678590d6970cc2f82e42ea90e4ada2.ctex
Loading resource: res://assets/ui/health_meter.png
Loading resource: res://.godot/imported/health_meter.png-125cded0a1323ef3405b0f10827cd84b.ctex
load_threaded_get_status(): No threaded load for resource path 'res://scenes/rooms/room_000.tscn' has been initiated or its result has already been collected.
Loading resource: res://scenes/rooms/room_000.tscn
Loading resource: res://scenes/player/Player.tscn
Loading resource: res://scripts/player/PlayerController.gd
Loading resource: res://scripts/core/AnimatedAssetSprite.gd
Loading resource: res://scripts/player/CameraDirector.gd
Loading resource: res://scripts/core/ActorSockets.gd
Loading resource: res://scenes/enemies/Enemy.tscn
Loading resource: res://scripts/AI/EnemyController.gd
Loading resource: res://scenes/bosses/Boss.tscn
Loading resource: res://scripts/AI/BossController.gd
Loading resource: res://scenes/world/AbilityPickup.tscn
Loading resource: res://scripts/world/AbilityPickup.gd
Loading resource: res://scripts/core/WorldPropSprite.gd
Loading resource: res://scenes/world/RoomTransition.tscn
Loading resource: res://scripts/world/RoomTransition.gd
Loading resource: res://scripts/world/RoomTileMap.gd
Loading resource: res://assets/tilesets/biome_0/source.png
Loading resource: res://.godot/imported/source.png-06030092214da38ab31b18538e54d209.ctex
Loading resource: res://assets/characters/player_walk.png
Loading resource: res://.godot/imported/player_walk.png-d859f324b180e620b35176465490dc5b.ctex
Loading resource: res://assets/characters/player_run.png
Loading resource: res://.godot/imported/player_run.png-5e1ce216cbd5012d226154b2ece4de96.ctex
Loading resource: res://assets/characters/player_attack.png
Loading resource: res://.godot/imported/player_attack.png-4863c0bf2c0460d3acf05ba44fde6f12.ctex
Loading resource: res://assets/characters/player_hurt.png
Loading resource: res://.godot/imported/player_hurt.png-c4194612d851672462e70be083dfc07f.ctex
Loading resource: res://assets/characters/player_death.png
Loading resource: res://.godot/imported/player_death.png-c449be6e42ed0b63a564aca0303227d9.ctex
Loading resource: res://assets/characters/player_idle.png
Loading resource: res://.godot/imported/player_idle.png-57ac0c2f07b9c78d58884a3ea75b7817.ctex
Loading resource: res://assets/characters/player_walk.png
Loading resource: res://.godot/imported/player_walk.png-d859f324b180e620b35176465490dc5b.ctex
Loading resource: res://assets/characters/player_jump_start.png
Loading resource: res://.godot/imported/player_jump_start.png-31b8f78669a8f177025dfe4f1c97a7c8.ctex
Loading resource: res://assets/characters/player_jump.png
Loading resource: res://.godot/imported/player_jump.png-9a86ba95e37eabc7f640245357b986c1.ctex
Loading resource: res://assets/characters/player_fall.png
Loading resource: res://.godot/imported/player_fall.png-94cc22ab1c11bd32466bca9f5ab527db.ctex
Loading resource: res://assets/characters/player_land.png
Loading resource: res://.godot/imported/player_land.png-bf586b100a0da4f0aa95acb11fbc1f7d.ctex
Loading resource: res://assets/characters/player_dash.png
Loading resource: res://.godot/imported/player_dash.png-7ae88d1d170590815fc6d555ac1c1b62.ctex
Loading resource: res://assets/characters/player_air_dash.png
Loading resource: res://.godot/imported/player_air_dash.png-a17aeeea7ab8931b27ac07da8a9a7ff2.ctex
Loading resource: res://assets/characters/player_double_jump.png
Loading resource: res://.godot/imported/player_double_jump.png-2618f84677f00029c0b113f21f999b50.ctex
Loading resource: res://assets/characters/player_wall_slide.png
Loading resource: res://.godot/imported/player_wall_slide.png-5768614b71e9b3e0872f45ce5135734d.ctex
Loading resource: res://assets/characters/player_wall_jump.png
Loading resource: res://.godot/imported/player_wall_jump.png-30d156fc0d137391c640850602e5d41b.ctex
Loading resource: res://assets/characters/player_swim.png
Loading resource: res://.godot/imported/player_swim.png-183785111f8e5e270807e4b8d3b4c206.ctex
Loading resource: res://assets/characters/player_swim_idle.png
Loading resource: res://.godot/imported/player_swim_idle.png-5e9711526bd3abf4e7493d936b3c405c.ctex
Loading resource: res://assets/characters/player_attack_2.png
Loading resource: res://.godot/imported/player_attack_2.png-1c3f75e251b4adc983f5963fc1194ace.ctex
Loading resource: res://assets/characters/player_attack_3.png
Loading resource: res://.godot/imported/player_attack_3.png-a90ac90177309dd41c23d7a196b1ecc5.ctex
Loading resource: res://assets/characters/player_ground_slam_start.png
Loading resource: res://.godot/imported/player_ground_slam_start.png-35670b6c1cb5778bb4084d6cda5fca78.ctex
Loading resource: res://assets/characters/player_ground_slam_fall.png
Loading resource: res://.godot/imported/player_ground_slam_fall.png-1ad4ff118b2f4c88029b7f2bd3933c92.ctex
Loading resource: res://assets/characters/player_ground_slam_impact.png
Loading resource: res://.godot/imported/player_ground_slam_impact.png-df1883c04ae51799d954a523995e2d38.ctex
Loading resource: res://assets/characters/player_grapple.png
Loading resource: res://.godot/imported/player_grapple.png-c9312f27489134016e09b62924ccfc54.ctex
Loading resource: res://assets/characters/player_phase.png
Loading resource: res://.godot/imported/player_phase.png-3f765db36d4f954395040195c665afcc.ctex
Loading resource: res://assets/characters/player_respawn.png
Loading resource: res://.godot/imported/player_respawn.png-6711506d9e2421b29e0cf23ea3d836b5.ctex
Loading resource: res://assets/characters/player_interact.png
Loading resource: res://.godot/imported/player_interact.png-321dc2368f547749c59501183d04f4c3.ctex
Loading resource: res://assets/characters/player_ability_acquire.png
Loading resource: res://.godot/imported/player_ability_acquire.png-4b16c2516cf783e3158a3cf5318c7b80.ctex
Loading resource: res://assets/characters/player_idle.png
Loading resource: res://.godot/imported/player_idle.png-57ac0c2f07b9c78d58884a3ea75b7817.ctex
Loading resource: res://assets/characters/player_attack_2.png
Loading resource: res://.godot/imported/player_attack_2.png-1c3f75e251b4adc983f5963fc1194ace.ctex
Loading resource: res://assets/characters/player_attack_3.png
Loading resource: res://.godot/imported/player_attack_3.png-a90ac90177309dd41c23d7a196b1ecc5.ctex
Loading resource: res://scripts/shaders/sprite_foot_clean.gdshader
Loading resource: res://scripts/shaders/water_surface.gdshader
Loading resource: res://audio/music/biome_0.wav
Loading resource: res://.godot/imported/biome_0.wav-dec2867ebdec0d665572c802462d1119.sample
load_threaded_get_status(): No threaded load for resource path 'res://scenes/rooms/room_001.tscn' has been initiated or its result has already been collected.
Loading resource: res://scenes/rooms/room_001.tscn
Loading resource: res://scenes/enemies/Enemy.tscn
Loading resource: res://scenes/bosses/Boss.tscn
Loading resource: res://scenes/world/AbilityPickup.tscn
Loading resource: res://scripts/world/StormglassDecor.gd
Loading resource: res://assets/generated/pixel_art_gothic_castle_hall_vaulted_arc_a1d1376f-0bb2-4f17-8b52-a51400c129ae.png
Loading resource: res://.godot/imported/pixel_art_gothic_castle_hall_vaulted_arc_a1d1376f-0bb2-4f17-8b52-a51400c129ae.png-ff55d985adab6fecc661b70e8635e4a4.ctex
Loading resource: res://assets/architecture/stormglass/grand_arch.png
Loading resource: res://.godot/imported/grand_arch.png-bbb331e701178580510abba54df8b711.ctex
Loading resource: res://assets/architecture/stormglass/lancet_window.png
Loading resource: res://.godot/imported/lancet_window.png-3642fd83cc2a6e3acfe8ce957ed723e4.ctex
Loading resource: res://assets/architecture/stormglass/platform.png
Loading resource: res://.godot/imported/platform.png-f1f7065b9e15933c1a5d1e0e91e52a28.ctex
Loading resource: res://assets/architecture/stormglass/floor_strip.png
Loading resource: res://.godot/imported/floor_strip.png-3127571388846079ee6d000228c9a69d.ctex
Loading resource: res://assets/architecture/stormglass/masonry-fill-v1.png
Loading resource: res://.godot/imported/masonry-fill-v1.png-b0bc6873819f98ede79f29241bbc08d0.ctex
Loading resource: res://assets/props/biome_0/biome_0_prop_0.png
Loading resource: res://.godot/imported/biome_0_prop_0.png-73e40292eac12b3c1912a289dc9715a2.ctex
Loading resource: res://assets/props/biome_0/biome_0_prop_5.png
Loading resource: res://.godot/imported/biome_0_prop_5.png-bfec1b2adaa6e97f9e107371a92144db.ctex
Loading resource: res://assets/architecture/stormglass/conditions/intact_altar.png
Loading resource: res://.godot/imported/intact_altar.png-6ca4c844dc7363eabcb769b898816701.ctex
Loading resource: res://assets/architecture/stormglass/conditions/intact_sconce.png
Loading resource: res://.godot/imported/intact_sconce.png-0f16d2700ed93c13f6b96399cfaf19ac.ctex
Loading resource: res://assets/architecture/stormglass/conditions/intact_banner.png
Loading resource: res://.godot/imported/intact_banner.png-957bc4f953d63ff3ad3e1b8e2937c018.ctex
JOURNEY_ROOM room_000
Loading resource: res://audio/sfx/jump.wav
Loading resource: res://.godot/imported/jump.wav-ca4ccb66e678679518a9b9888fc39709.sample
JOURNEY_PROGRESS {"attacks":0,"bosses":[],"health":100.0,"player":[898.592224121094,610.041687011719],"room":"room_000","steps":0,"tMs":5219,"velocity":[220.0,179.666656494141]}
Loading resource: res://assets/characters/player_walk.png
Loading resource: res://.godot/imported/player_walk.png-d859f324b180e620b35176465490dc5b.ctex
Loading resource: res://assets/characters/player_run.png
Loading resource: res://.godot/imported/player_run.png-5e1ce216cbd5012d226154b2ece4de96.ctex
Loading resource: res://assets/characters/player_attack.png
Loading resource: res://.godot/imported/player_attack.png-4863c0bf2c0460d3acf05ba44fde6f12.ctex
Loading resource: res://assets/characters/player_hurt.png
Loading resource: res://.godot/imported/player_hurt.png-c4194612d851672462e70be083dfc07f.ctex
Loading resource: res://assets/characters/player_death.png
Loading resource: res://.godot/imported/player_death.png-c449be6e42ed0b63a564aca0303227d9.ctex
Loading resource: res://assets/characters/player_idle.png
Loading resource: res://.godot/imported/player_idle.png-57ac0c2f07b9c78d58884a3ea75b7817.ctex
Loading resource: res://assets/characters/player_walk.png
Loading resource: res://.godot/imported/player_walk.png-d859f324b180e620b35176465490dc5b.ctex
Loading resource: res://assets/characters/player_jump_start.png
Loading resource: res://.godot/imported/player_jump_start.png-31b8f78669a8f177025dfe4f1c97a7c8.ctex
Loading resource: res://assets/characters/player_jump.png
Loading resource: res://.godot/imported/player_jump.png-9a86ba95e37eabc7f640245357b986c1.ctex
Loading resource: res://assets/characters/player_fall.png
Loading resource: res://.godot/imported/player_fall.png-94cc22ab1c11bd32466bca9f5ab527db.ctex
Loading resource: res://assets/characters/player_land.png
Loading resource: res://.godot/imported/player_land.png-bf586b100a0da4f0aa95acb11fbc1f7d.ctex
Loading resource: res://assets/characters/player_dash.png
Loading resource: res://.godot/imported/player_dash.png-7ae88d1d170590815fc6d555ac1c1b62.ctex
Loading resource: res://assets/characters/player_air_dash.png
Loading resource: res://.godot/imported/player_air_dash.png-a17aeeea7ab8931b27ac07da8a9a7ff2.ctex
Loading resource: res://assets/characters/player_double_jump.png
Loading resource: res://.godot/imported/player_double_jump.png-2618f84677f00029c0b113f21f999b50.ctex
Loading resource: res://assets/characters/player_wall_slide.png
Loading resource: res://.godot/imported/player_wall_slide.png-5768614b71e9b3e0872f45ce5135734d.ctex
Loading resource: res://assets/characters/player_wall_jump.png
Loading resource: res://.godot/imported/player_wall_jump.png-30d156fc0d137391c640850602e5d41b.ctex
Loading resource: res://assets/characters/player_swim.png
Loading resource: res://.godot/imported/player_swim.png-183785111f8e5e270807e4b8d3b4c206.ctex
Loading resource: res://assets/characters/player_swim_idle.png
Loading resource: res://.godot/imported/player_swim_idle.png-5e9711526bd3abf4e7493d936b3c405c.ctex
Loading resource: res://assets/characters/player_attack_2.png
Loading resource: res://.godot/imported/player_attack_2.png-1c3f75e251b4adc983f5963fc1194ace.ctex
Loading resource: res://assets/characters/player_attack_3.png
Loading resource: res://.godot/imported/player_attack_3.png-a90ac90177309dd41c23d7a196b1ecc5.ctex
Loading resource: res://assets/characters/player_ground_slam_start.png
Loading resource: res://.godot/imported/player_ground_slam_start.png-35670b6c1cb5778bb4084d6cda5fca78.ctex
Loading resource: res://assets/characters/player_ground_slam_fall.png
Loading resource: res://.godot/imported/player_ground_slam_fall.png-1ad4ff118b2f4c88029b7f2bd3933c92.ctex
Loading resource: res://assets/characters/player_ground_slam_impact.png
Loading resource: res://.godot/imported/player_ground_slam_impact.png-df1883c04ae51799d954a523995e2d38.ctex
Loading resource: res://assets/characters/player_grapple.png
Loading resource: res://.godot/imported/player_grapple.png-c9312f27489134016e09b62924ccfc54.ctex
Loading resource: res://assets/characters/player_phase.png
Loading resource: res://.godot/imported/player_phase.png-3f765db36d4f954395040195c665afcc.ctex
Loading resource: res://assets/characters/player_respawn.png
Loading resource: res://.godot/imported/player_respawn.png-6711506d9e2421b29e0cf23ea3d836b5.ctex
Loading resource: res://assets/characters/player_interact.png
Loading resource: res://.godot/imported/player_interact.png-321dc2368f547749c59501183d04f4c3.ctex
Loading resource: res://assets/characters/player_ability_acquire.png
Loading resource: res://.godot/imported/player_ability_acquire.png-4b16c2516cf783e3158a3cf5318c7b80.ctex
Loading resource: res://assets/characters/player_idle.png
Loading resource: res://.godot/imported/player_idle.png-57ac0c2f07b9c78d58884a3ea75b7817.ctex
Loading resource: res://assets/characters/player_attack_2.png
Loading resource: res://.godot/imported/player_attack_2.png-1c3f75e251b4adc983f5963fc1194ace.ctex
Loading resource: res://assets/characters/player_attack_3.png
Loading resource: res://.godot/imported/player_attack_3.png-a90ac90177309dd41c23d7a196b1ecc5.ctex
Loading resource: res://assets/enemies/enemy_001_walk.png
Loading resource: res://.godot/imported/enemy_001_walk.png-9cbabe5661b8752cdaff4753e2200256.ctex
Loading resource: res://assets/enemies/enemy_001_run.png
Loading resource: res://.godot/imported/enemy_001_run.png-4f611f7bb5a2ffde06b28c823530eb5c.ctex
Loading resource: res://assets/enemies/enemy_001_attack.png
Loading resource: res://.godot/imported/enemy_001_attack.png-43df2e5cdc90afbedaa0ede27bd2b2a6.ctex
Loading resource: res://assets/enemies/enemy_001_hurt.png
Loading resource: res://.godot/imported/enemy_001_hurt.png-8ccb5c6ff3b9e5c8f7713b8ee2725438.ctex
Loading resource: res://assets/enemies/enemy_001_death.png
Loading resource: res://.godot/imported/enemy_001_death.png-c9638a17eaf8fe038817d01d778ae7fe.ctex
Loading resource: res://assets/enemies/enemy_000_idle.png
Loading resource: res://.godot/imported/enemy_000_idle.png-76c61c9d6383a2667495b6e586abbcc6.ctex
Loading resource: res://assets/enemies/enemy_001_idle.png
Loading resource: res://.godot/imported/enemy_001_idle.png-461999063ed7a36ddceb5572d9b5c3a6.ctex
Loading resource: res://assets/enemies/enemy_003_walk.png
Loading resource: res://.godot/imported/enemy_003_walk.png-31ec4746ecb454e7afa9832c4f11e414.ctex
Loading resource: res://assets/enemies/enemy_003_run.png
Loading resource: res://.godot/imported/enemy_003_run.png-3a7f8727d7cd9338960b1853bfd0e231.ctex
Loading resource: res://assets/enemies/enemy_003_attack.png
Loading resource: res://.godot/imported/enemy_003_attack.png-11c997b149bbeb70239df287692e50e4.ctex
Loading resource: res://assets/enemies/enemy_003_hurt.png
Loading resource: res://.godot/imported/enemy_003_hurt.png-ea273e1b5959e6ae7ff75c890bf6f91f.ctex
Loading resource: res://assets/enemies/enemy_003_death.png
Loading resource: res://.godot/imported/enemy_003_death.png-51d8008f5327815029b710c95713c548.ctex
Loading resource: res://assets/enemies/enemy_000_idle.png
Loading resource: res://.godot/imported/enemy_000_idle.png-76c61c9d6383a2667495b6e586abbcc6.ctex
Loading resource: res://assets/enemies/enemy_003_idle.png
Loading resource: res://.godot/imported/enemy_003_idle.png-b7c9d489347aea559ce55176ea954503.ctex
Loading resource: res://assets/enemies/enemy_003_fly.png
Loading resource: res://.godot/imported/enemy_003_fly.png-a844831a3cacd8a9564321c32f75da44.ctex
Loading resource: res://assets/enemies/enemy_005_walk.png
Loading resource: res://.godot/imported/enemy_005_walk.png-9a0c2c4fff06839f969b24c99bd17a41.ctex
Loading resource: res://assets/enemies/enemy_005_run.png
Loading resource: res://.godot/imported/enemy_005_run.png-84e01ee174d2cac6724fba96fee7defc.ctex
Loading resource: res://assets/enemies/enemy_005_attack.png
Loading resource: res://.godot/imported/enemy_005_attack.png-71ede53e45690480d31b3b9c86b22069.ctex
Loading resource: res://assets/enemies/enemy_005_hurt.png
Loading resource: res://.godot/imported/enemy_005_hurt.png-75ac49e7467cd5dd0d58cd7fc95475b1.ctex
Loading resource: res://assets/enemies/enemy_005_death.png
Loading resource: res://.godot/imported/enemy_005_death.png-fc49f7da908acde264d919c3217da531.ctex
Loading resource: res://assets/enemies/enemy_000_idle.png
Loading resource: res://.godot/imported/enemy_000_idle.png-76c61c9d6383a2667495b6e586abbcc6.ctex
Loading resource: res://assets/enemies/enemy_005_idle.png
Loading resource: res://.godot/imported/enemy_005_idle.png-00bc4b00441a6d6dda7f57a475102c10.ctex
Loading resource: res://assets/enemies/enemy_007_walk.png
Loading resource: res://.godot/imported/enemy_007_walk.png-7b26fee389d5320e0a48561296249b8c.ctex
Loading resource: res://assets/enemies/enemy_007_run.png
Loading resource: res://.godot/imported/enemy_007_run.png-20effc5da70f2e083362ca5f0705b4ce.ctex
Loading resource: res://assets/enemies/enemy_007_attack.png
Loading resource: res://.godot/imported/enemy_007_attack.png-463753e2a1f96f247ab8f15b598e951b.ctex
Loading resource: res://assets/enemies/enemy_007_hurt.png
Loading resource: res://.godot/imported/enemy_007_hurt.png-031436a48b5cb00187cf312b8f648dd8.ctex
Loading resource: res://assets/enemies/enemy_007_death.png
Loading resource: res://.godot/imported/enemy_007_death.png-d92672976f26cb6f83e5b943e0535283.ctex
Loading resource: res://assets/enemies/enemy_000_idle.png
Loading resource: res://.godot/imported/enemy_000_idle.png-76c61c9d6383a2667495b6e586abbcc6.ctex
Loading resource: res://assets/enemies/enemy_007_idle.png
Loading resource: res://.godot/imported/enemy_007_idle.png-a72680aeb6e731cf5ac6dce6be4fe528.ctex
Loading resource: res://scripts/shaders/water_surface.gdshader
JOURNEY_ROOM room_001
load_threaded_get_status(): No threaded load for resource path 'res://scenes/rooms/room_002.tscn' has been initiated or its result has already been collected.
Loading resource: res://scenes/rooms/room_002.tscn
Loading resource: res://scenes/bosses/Boss.tscn
Loading resource: res://scenes/world/AbilityPickup.tscn
Loading resource: res://assets/props/biome_0/biome_0_prop_8.png
Loading resource: res://.godot/imported/biome_0_prop_8.png-b15de6f6b4655c20288f53adf905da33.ctex
Loading resource: res://assets/props/biome_0/biome_0_prop_0.png
Loading resource: res://.godot/imported/biome_0_prop_0.png-73e40292eac12b3c1912a289dc9715a2.ctex
Loading resource: res://assets/props/biome_0/biome_0_prop_5.png
Loading resource: res://.godot/imported/biome_0_prop_5.png-bfec1b2adaa6e97f9e107371a92144db.ctex
Loading resource: res://assets/architecture/stormglass/conditions/intact_banner.png
Loading resource: res://.godot/imported/intact_banner.png-957bc4f953d63ff3ad3e1b8e2937c018.ctex
Loading resource: res://assets/architecture/stormglass/conditions/intact_statue.png
Loading resource: res://.godot/imported/intact_statue.png-3890a75d234b6e7db92c409a02ef8504.ctex
Loading resource: res://assets/architecture/stormglass/conditions/intact_sconce.png
Loading resource: res://.godot/imported/intact_sconce.png-0f16d2700ed93c13f6b96399cfaf19ac.ctex
TRANSITION_PROFILE from=room_000 to=room_001 physics_wait_ms=0.10 resource_ms=0.03 instantiate_ms=173.03 presentation_ms=1.96 fade_out_ms=272.63 fade_out_remainder_ms=96.42 fade_in_ms=62.73 total_ms=335.39
JOURNEY_PROGRESS {"attacks":2,"bosses":[],"health":100.0,"player":[204.508712768555,1309.64294433594],"room":"room_001","steps":1,"tMs":10228,"velocity":[220.0,60.6667556762695]}
Loading resource: res://audio/sfx/hit.wav
Loading resource: res://.godot/imported/hit.wav-c4e45b57fbe9fe41b04c129f1f721831.sample
JOURNEY_PROGRESS {"attacks":4,"bosses":[],"health":100.0,"player":[1654.64221191406,1264.78100585938],"room":"room_001","steps":1,"tMs":15228,"velocity":[220.0,-331.333251953125]}
JOURNEY_PROGRESS {"attacks":4,"bosses":[],"health":100.0,"player":[3059.06127929688,1268.2529296875],"room":"room_001","steps":1,"tMs":20229,"velocity":[290.0,-494.666687011719]}
Loading resource: res://assets/characters/player_walk.png
Loading resource: res://.godot/imported/player_walk.png-d859f324b180e620b35176465490dc5b.ctex
Loading resource: res://assets/characters/player_run.png
Loading resource: res://.godot/imported/player_run.png-5e1ce216cbd5012d226154b2ece4de96.ctex
Loading resource: res://assets/characters/player_attack.png
Loading resource: res://.godot/imported/player_attack.png-4863c0bf2c0460d3acf05ba44fde6f12.ctex
Loading resource: res://assets/characters/player_hurt.png
Loading resource: res://.godot/imported/player_hurt.png-c4194612d851672462e70be083dfc07f.ctex
Loading resource: res://assets/characters/player_death.png
Loading resource: res://.godot/imported/player_death.png-c449be6e42ed0b63a564aca0303227d9.ctex
Loading resource: res://assets/characters/player_idle.png
Loading resource: res://.godot/imported/player_idle.png-57ac0c2f07b9c78d58884a3ea75b7817.ctex
Loading resource: res://assets/characters/player_walk.png
Loading resource: res://.godot/imported/player_walk.png-d859f324b180e620b35176465490dc5b.ctex
Loading resource: res://assets/characters/player_jump_start.png
Loading resource: res://.godot/imported/player_jump_start.png-31b8f78669a8f177025dfe4f1c97a7c8.ctex
Loading resource: res://assets/characters/player_jump.png
Loading resource: res://.godot/imported/player_jump.png-9a86ba95e37eabc7f640245357b986c1.ctex
Loading resource: res://assets/characters/player_fall.png
Loading resource: res://.godot/imported/player_fall.png-94cc22ab1c11bd32466bca9f5ab527db.ctex
Loading resource: res://assets/characters/player_land.png
Loading resource: res://.godot/imported/player_land.png-bf586b100a0da4f0aa95acb11fbc1f7d.ctex
Loading resource: res://assets/characters/player_dash.png
Loading resource: res://.godot/imported/player_dash.png-7ae88d1d170590815fc6d555ac1c1b62.ctex
Loading resource: res://assets/characters/player_air_dash.png
Loading resource: res://.godot/imported/player_air_dash.png-a17aeeea7ab8931b27ac07da8a9a7ff2.ctex
Loading resource: res://assets/characters/player_double_jump.png
Loading resource: res://.godot/imported/player_double_jump.png-2618f84677f00029c0b113f21f999b50.ctex
Loading resource: res://assets/characters/player_wall_slide.png
Loading resource: res://.godot/imported/player_wall_slide.png-5768614b71e9b3e0872f45ce5135734d.ctex
Loading resource: res://assets/characters/player_wall_jump.png
Loading resource: res://.godot/imported/player_wall_jump.png-30d156fc0d137391c640850602e5d41b.ctex
Loading resource: res://assets/characters/player_swim.png
Loading resource: res://.godot/imported/player_swim.png-183785111f8e5e270807e4b8d3b4c206.ctex
Loading resource: res://assets/characters/player_swim_idle.png
Loading resource: res://.godot/imported/player_swim_idle.png-5e9711526bd3abf4e7493d936b3c405c.ctex
Loading resource: res://assets/characters/player_attack_2.png
Loading resource: res://.godot/imported/player_attack_2.png-1c3f75e251b4adc983f5963fc1194ace.ctex
Loading resource: res://assets/characters/player_attack_3.png
Loading resource: res://.godot/imported/player_attack_3.png-a90ac90177309dd41c23d7a196b1ecc5.ctex
Loading resource: res://assets/characters/player_ground_slam_start.png
Loading resource: res://.godot/imported/player_ground_slam_start.png-35670b6c1cb5778bb4084d6cda5fca78.ctex
Loading resource: res://assets/characters/player_ground_slam_fall.png
Loading resource: res://.godot/imported/player_ground_slam_fall.png-1ad4ff118b2f4c88029b7f2bd3933c92.ctex
Loading resource: res://assets/characters/player_ground_slam_impact.png
Loading resource: res://.godot/imported/player_ground_slam_impact.png-df1883c04ae51799d954a523995e2d38.ctex
Loading resource: res://assets/characters/player_grapple.png
Loading resource: res://.godot/imported/player_grapple.png-c9312f27489134016e09b62924ccfc54.ctex
Loading resource: res://assets/characters/player_phase.png
Loading resource: res://.godot/imported/player_phase.png-3f765db36d4f954395040195c665afcc.ctex
Loading resource: res://assets/characters/player_respawn.png
Loading resource: res://.godot/imported/player_respawn.png-6711506d9e2421b29e0cf23ea3d836b5.ctex
Loading resource: res://assets/characters/player_interact.png
Loading resource: res://.godot/imported/player_interact.png-321dc2368f547749c59501183d04f4c3.ctex
Loading resource: res://assets/characters/player_ability_acquire.png
Loading resource: res://.godot/imported/player_ability_acquire.png-4b16c2516cf783e3158a3cf5318c7b80.ctex
Loading resource: res://assets/characters/player_idle.png
Loading resource: res://.godot/imported/player_idle.png-57ac0c2f07b9c78d58884a3ea75b7817.ctex
Loading resource: res://assets/characters/player_attack_2.png
Loading resource: res://.godot/imported/player_attack_2.png-1c3f75e251b4adc983f5963fc1194ace.ctex
Loading resource: res://assets/characters/player_attack_3.png
Loading resource: res://.godot/imported/player_attack_3.png-a90ac90177309dd41c23d7a196b1ecc5.ctex
Loading resource: res://assets/enemies/enemy_002_walk.png
Loading resource: res://.godot/imported/enemy_002_walk.png-b417e82ff4a62fbbd0f62cef74c9fc96.ctex
Loading resource: res://assets/enemies/enemy_002_run.png
Loading resource: res://.godot/imported/enemy_002_run.png-df3913afec5e0e6f685d7fbdaba05b97.ctex
Loading resource: res://assets/enemies/enemy_002_attack.png
Loading resource: res://.godot/imported/enemy_002_attack.png-98f181f8445163967a847a4b21772e45.ctex
Loading resource: res://assets/enemies/enemy_002_hurt.png
Loading resource: res://.godot/imported/enemy_002_hurt.png-025717c52c6c38c8f632bc68fc760ba3.ctex
Loading resource: res://assets/enemies/enemy_002_death.png
Loading resource: res://.godot/imported/enemy_002_death.png-804c574e58e725364625bd6d2c2d3ac8.ctex
Loading resource: res://assets/enemies/enemy_000_idle.png
Loading resource: res://.godot/imported/enemy_000_idle.png-76c61c9d6383a2667495b6e586abbcc6.ctex
Loading resource: res://assets/enemies/enemy_002_idle.png
Loading resource: res://.godot/imported/enemy_002_idle.png-cb65520f1f23691a5ffb0a3b175c18c2.ctex
Loading resource: res://assets/enemies/enemy_002_fly.png
Loading resource: res://.godot/imported/enemy_002_fly.png-54f1dc9fe3e91d3316c43f2b3537eae9.ctex
Loading resource: res://assets/enemies/enemy_004_walk.png
Loading resource: res://.godot/imported/enemy_004_walk.png-64ff563a90a3d9c1d878114fd0b0f5ea.ctex
Loading resource: res://assets/enemies/enemy_004_run.png
Loading resource: res://.godot/imported/enemy_004_run.png-91e69725e5e86b29d07025f92f93eece.ctex
Loading resource: res://assets/enemies/enemy_004_attack.png
Loading resource: res://.godot/imported/enemy_004_attack.png-b408692943f11c1ff6d5a8239bf08656.ctex
Loading resource: res://assets/enemies/enemy_004_hurt.png
Loading resource: res://.godot/imported/enemy_004_hurt.png-83764096931c835d327c412380864c82.ctex
Loading resource: res://assets/enemies/enemy_004_death.png
Loading resource: res://.godot/imported/enemy_004_death.png-fe3863f1e7d21399c8e8405730166192.ctex
Loading resource: res://assets/enemies/enemy_000_idle.png
Loading resource: res://.godot/imported/enemy_000_idle.png-76c61c9d6383a2667495b6e586abbcc6.ctex
Loading resource: res://assets/enemies/enemy_004_idle.png
Loading resource: res://.godot/imported/enemy_004_idle.png-c29b5860ea7fddbfbc24d7eb5f50da5f.ctex
Loading resource: res://scripts/shaders/water_surface.gdshader
JOURNEY_ROOM room_002
load_threaded_get_status(): No threaded load for resource path 'res://scenes/rooms/room_003.tscn' has been initiated or its result has already been collected.
Loading resource: res://scenes/rooms/room_003.tscn
Loading resource: res://scenes/bosses/Boss.tscn
Loading resource: res://scenes/world/AbilityPickup.tscn
Loading resource: res://assets/props/biome_0/biome_0_prop_4.png
Loading resource: res://.godot/imported/biome_0_prop_4.png-3e477cd9fd333a2f7bb1206d873841a1.ctex
Loading resource: res://assets/props/biome_0/biome_0_prop_3.png
Loading resource: res://.godot/imported/biome_0_prop_3.png-73daeec458904d2d8774f8d068ddf645.ctex
Loading resource: res://assets/props/biome_0/biome_0_prop_5.png
Loading resource: res://.godot/imported/biome_0_prop_5.png-bfec1b2adaa6e97f9e107371a92144db.ctex
Loading resource: res://assets/props/biome_0/biome_0_prop_0.png
Loading resource: res://.godot/imported/biome_0_prop_0.png-73e40292eac12b3c1912a289dc9715a2.ctex
Loading resource: res://assets/architecture/stormglass/conditions/intact_sconce.png
Loading resource: res://.godot/imported/intact_sconce.png-0f16d2700ed93c13f6b96399cfaf19ac.ctex
Loading resource: res://assets/architecture/stormglass/conditions/intact_altar.png
Loading resource: res://.godot/imported/intact_altar.png-6ca4c844dc7363eabcb769b898816701.ctex
JOURNEY_PROGRESS {"attacks":4,"bosses":[],"health":100.0,"player":[144.083511352539,2145.89135742188],"room":"room_002","steps":2,"tMs":25235,"velocity":[220.0,-380.333282470703]}
TRANSITION_PROFILE from=room_001 to=room_002 physics_wait_ms=0.13 resource_ms=0.03 instantiate_ms=116.15 presentation_ms=1.17 fade_out_ms=208.09 fade_out_remainder_ms=89.66 fade_in_ms=146.94 total_ms=355.05
Loading resource: res://scenes/enemies/Projectile.tscn
Loading resource: res://scripts/combat/Projectile.gd
Loading resource: res://assets/vfx/ranged_projectile.png
Loading resource: res://.godot/imported/ranged_projectile.png-cf57c54979fe6b1c93302e0dd9a24a10.ctex
Loading resource: res://assets/vfx/projectile_trail.png
Loading resource: res://.godot/imported/projectile_trail.png-00b19686ba30c3b9f71c092ad7447538.ctex
Loading resource: res://scenes/enemies/Projectile.tscn
Loading resource: res://scenes/enemies/Projectile.tscn
JOURNEY_PROGRESS {"attacks":6,"bosses":[],"health":100.0,"player":[1212.27905273438,2106.72998046875],"room":"room_002","steps":2,"tMs":30239,"velocity":[220.0,240.333404541016]}
Loading resource: res://assets/characters/player_walk.png
Loading resource: res://.godot/imported/player_walk.png-d859f324b180e620b35176465490dc5b.ctex
Loading resource: res://assets/characters/player_run.png
Loading resource: res://.godot/imported/player_run.png-5e1ce216cbd5012d226154b2ece4de96.ctex
Loading resource: res://assets/characters/player_attack.png
Loading resource: res://.godot/imported/player_attack.png-4863c0bf2c0460d3acf05ba44fde6f12.ctex
Loading resource: res://assets/characters/player_hurt.png
Loading resource: res://.godot/imported/player_hurt.png-c4194612d851672462e70be083dfc07f.ctex
Loading resource: res://assets/characters/player_death.png
Loading resource: res://.godot/imported/player_death.png-c449be6e42ed0b63a564aca0303227d9.ctex
Loading resource: res://assets/characters/player_idle.png
Loading resource: res://.godot/imported/player_idle.png-57ac0c2f07b9c78d58884a3ea75b7817.ctex
Loading resource: res://assets/characters/player_walk.png
Loading resource: res://.godot/imported/player_walk.png-d859f324b180e620b35176465490dc5b.ctex
Loading resource: res://assets/characters/player_jump_start.png
Loading resource: res://.godot/imported/player_jump_start.png-31b8f78669a8f177025dfe4f1c97a7c8.ctex
Loading resource: res://assets/characters/player_jump.png
Loading resource: res://.godot/imported/player_jump.png-9a86ba95e37eabc7f640245357b986c1.ctex
Loading resource: res://assets/characters/player_fall.png
Loading resource: res://.godot/imported/player_fall.png-94cc22ab1c11bd32466bca9f5ab527db.ctex
Loading resource: res://assets/characters/player_land.png
Loading resource: res://.godot/imported/player_land.png-bf586b100a0da4f0aa95acb11fbc1f7d.ctex
Loading resource: res://assets/characters/player_dash.png
Loading resource: res://.godot/imported/player_dash.png-7ae88d1d170590815fc6d555ac1c1b62.ctex
Loading resource: res://assets/characters/player_air_dash.png
Loading resource: res://.godot/imported/player_air_dash.png-a17aeeea7ab8931b27ac07da8a9a7ff2.ctex
Loading resource: res://assets/characters/player_double_jump.png
Loading resource: res://.godot/imported/player_double_jump.png-2618f84677f00029c0b113f21f999b50.ctex
Loading resource: res://assets/characters/player_wall_slide.png
Loading resource: res://.godot/imported/player_wall_slide.png-5768614b71e9b3e0872f45ce5135734d.ctex
Loading resource: res://assets/characters/player_wall_jump.png
Loading resource: res://.godot/imported/player_wall_jump.png-30d156fc0d137391c640850602e5d41b.ctex
Loading resource: res://assets/characters/player_swim.png
Loading resource: res://.godot/imported/player_swim.png-183785111f8e5e270807e4b8d3b4c206.ctex
Loading resource: res://assets/characters/player_swim_idle.png
Loading resource: res://.godot/imported/player_swim_idle.png-5e9711526bd3abf4e7493d936b3c405c.ctex
Loading resource: res://assets/characters/player_attack_2.png
Loading resource: res://.godot/imported/player_attack_2.png-1c3f75e251b4adc983f5963fc1194ace.ctex
Loading resource: res://assets/characters/player_attack_3.png
Loading resource: res://.godot/imported/player_attack_3.png-a90ac90177309dd41c23d7a196b1ecc5.ctex
Loading resource: res://assets/characters/player_ground_slam_start.png
Loading resource: res://.godot/imported/player_ground_slam_start.png-35670b6c1cb5778bb4084d6cda5fca78.ctex
Loading resource: res://assets/characters/player_ground_slam_fall.png
Loading resource: res://.godot/imported/player_ground_slam_fall.png-1ad4ff118b2f4c88029b7f2bd3933c92.ctex
Loading resource: res://assets/characters/player_ground_slam_impact.png
Loading resource: res://.godot/imported/player_ground_slam_impact.png-df1883c04ae51799d954a523995e2d38.ctex
Loading resource: res://assets/characters/player_grapple.png
Loading resource: res://.godot/imported/player_grapple.png-c9312f27489134016e09b62924ccfc54.ctex
Loading resource: res://assets/characters/player_phase.png
Loading resource: res://.godot/imported/player_phase.png-3f765db36d4f954395040195c665afcc.ctex
Loading resource: res://assets/characters/player_respawn.png
Loading resource: res://.godot/imported/player_respawn.png-6711506d9e2421b29e0cf23ea3d836b5.ctex
Loading resource: res://assets/characters/player_interact.png
Loading resource: res://.godot/imported/player_interact.png-321dc2368f547749c59501183d04f4c3.ctex
Loading resource: res://assets/characters/player_ability_acquire.png
Loading resource: res://.godot/imported/player_ability_acquire.png-4b16c2516cf783e3158a3cf5318c7b80.ctex
Loading resource: res://assets/characters/player_idle.png
Loading resource: res://.godot/imported/player_idle.png-57ac0c2f07b9c78d58884a3ea75b7817.ctex
Loading resource: res://assets/characters/player_attack_2.png
Loading resource: res://.godot/imported/player_attack_2.png-1c3f75e251b4adc983f5963fc1194ace.ctex
Loading resource: res://assets/characters/player_attack_3.png
Loading resource: res://.godot/imported/player_attack_3.png-a90ac90177309dd41c23d7a196b1ecc5.ctex
Loading resource: res://assets/props/interact/ability.png
Loading resource: res://.godot/imported/ability.png-5e6c3b0f92cd7de4560df50f88c083ea.ctex
Loading resource: res://scripts/shaders/water_surface.gdshader
JOURNEY_ROOM room_003
load_threaded_get_status(): No threaded load for resource path 'res://scenes/rooms/room_004.tscn' has been initiated or its result has already been collected.
Loading resource: res://scenes/rooms/room_004.tscn
Loading resource: res://scenes/bosses/Boss.tscn
Loading resource: res://assets/props/biome_0/biome_0_prop_11.png
Loading resource: res://.godot/imported/biome_0_prop_11.png-ed2bd5641f011f7120f0ef6865d5fcc7.ctex
Loading resource: res://assets/props/biome_0/biome_0_prop_6.png
Loading resource: res://.godot/imported/biome_0_prop_6.png-f1219e3c174ea13acd6cd2cbc22eafed.ctex
Loading resource: res://assets/architecture/stormglass/conditions/intact_statue.png
Loading resource: res://.godot/imported/intact_statue.png-3890a75d234b6e7db92c409a02ef8504.ctex
Loading resource: res://assets/architecture/stormglass/conditions/intact_banner.png
Loading resource: res://.godot/imported/intact_banner.png-957bc4f953d63ff3ad3e1b8e2937c018.ctex
Loading resource: res://assets/architecture/stormglass/conditions/intact_altar.png
Loading resource: res://.godot/imported/intact_altar.png-6ca4c844dc7363eabcb769b898816701.ctex
TRANSITION_PROFILE from=room_002 to=room_003 physics_wait_ms=0.09 resource_ms=0.02 instantiate_ms=48.93 presentation_ms=1.15 fade_out_ms=186.55 fade_out_remainder_ms=135.81 fade_in_ms=152.33 total_ms=338.89
JOURNEY_PROGRESS {"attacks":6,"bosses":[],"health":85.0,"player":[890.918884277344,863.925170898438],"room":"room_003","steps":3,"tMs":35249,"velocity":[380.0,0.0]}
Loading resource: res://audio/sfx/ability.wav
Loading resource: res://.godot/imported/ability.wav-0427b03e025c1eaa3d9cb5acbdbe2b91.sample
Loading resource: res://audio/sfx/dash.wav
Loading resource: res://.godot/imported/dash.wav-a1074fc8fb9ba33141e3602f382b76df.sample
Loading resource: res://assets/characters/player_walk.png
Loading resource: res://.godot/imported/player_walk.png-d859f324b180e620b35176465490dc5b.ctex
Loading resource: res://assets/characters/player_run.png
Loading resource: res://.godot/imported/player_run.png-5e1ce216cbd5012d226154b2ece4de96.ctex
Loading resource: res://assets/characters/player_attack.png
Loading resource: res://.godot/imported/player_attack.png-4863c0bf2c0460d3acf05ba44fde6f12.ctex
Loading resource: res://assets/characters/player_hurt.png
Loading resource: res://.godot/imported/player_hurt.png-c4194612d851672462e70be083dfc07f.ctex
Loading resource: res://assets/characters/player_death.png
Loading resource: res://.godot/imported/player_death.png-c449be6e42ed0b63a564aca0303227d9.ctex
Loading resource: res://assets/characters/player_idle.png
Loading resource: res://.godot/imported/player_idle.png-57ac0c2f07b9c78d58884a3ea75b7817.ctex
Loading resource: res://assets/characters/player_walk.png
Loading resource: res://.godot/imported/player_walk.png-d859f324b180e620b35176465490dc5b.ctex
Loading resource: res://assets/characters/player_jump_start.png
Loading resource: res://.godot/imported/player_jump_start.png-31b8f78669a8f177025dfe4f1c97a7c8.ctex
Loading resource: res://assets/characters/player_jump.png
Loading resource: res://.godot/imported/player_jump.png-9a86ba95e37eabc7f640245357b986c1.ctex
Loading resource: res://assets/characters/player_fall.png
Loading resource: res://.godot/imported/player_fall.png-94cc22ab1c11bd32466bca9f5ab527db.ctex
Loading resource: res://assets/characters/player_land.png
Loading resource: res://.godot/imported/player_land.png-bf586b100a0da4f0aa95acb11fbc1f7d.ctex
Loading resource: res://assets/characters/player_dash.png
Loading resource: res://.godot/imported/player_dash.png-7ae88d1d170590815fc6d555ac1c1b62.ctex
Loading resource: res://assets/characters/player_air_dash.png
Loading resource: res://.godot/imported/player_air_dash.png-a17aeeea7ab8931b27ac07da8a9a7ff2.ctex
Loading resource: res://assets/characters/player_double_jump.png
Loading resource: res://.godot/imported/player_double_jump.png-2618f84677f00029c0b113f21f999b50.ctex
Loading resource: res://assets/characters/player_wall_slide.png
Loading resource: res://.godot/imported/player_wall_slide.png-5768614b71e9b3e0872f45ce5135734d.ctex
Loading resource: res://assets/characters/player_wall_jump.png
Loading resource: res://.godot/imported/player_wall_jump.png-30d156fc0d137391c640850602e5d41b.ctex
Loading resource: res://assets/characters/player_swim.png
Loading resource: res://.godot/imported/player_swim.png-183785111f8e5e270807e4b8d3b4c206.ctex
Loading resource: res://assets/characters/player_swim_idle.png
Loading resource: res://.godot/imported/player_swim_idle.png-5e9711526bd3abf4e7493d936b3c405c.ctex
Loading resource: res://assets/characters/player_attack_2.png
Loading resource: res://.godot/imported/player_attack_2.png-1c3f75e251b4adc983f5963fc1194ace.ctex
Loading resource: res://assets/characters/player_attack_3.png
Loading resource: res://.godot/imported/player_attack_3.png-a90ac90177309dd41c23d7a196b1ecc5.ctex
Loading resource: res://assets/characters/player_ground_slam_start.png
Loading resource: res://.godot/imported/player_ground_slam_start.png-35670b6c1cb5778bb4084d6cda5fca78.ctex
Loading resource: res://assets/characters/player_ground_slam_fall.png
Loading resource: res://.godot/imported/player_ground_slam_fall.png-1ad4ff118b2f4c88029b7f2bd3933c92.ctex
Loading resource: res://assets/characters/player_ground_slam_impact.png
Loading resource: res://.godot/imported/player_ground_slam_impact.png-df1883c04ae51799d954a523995e2d38.ctex
Loading resource: res://assets/characters/player_grapple.png
Loading resource: res://.godot/imported/player_grapple.png-c9312f27489134016e09b62924ccfc54.ctex
Loading resource: res://assets/characters/player_phase.png
Loading resource: res://.godot/imported/player_phase.png-3f765db36d4f954395040195c665afcc.ctex
Loading resource: res://assets/characters/player_respawn.png
Loading resource: res://.godot/imported/player_respawn.png-6711506d9e2421b29e0cf23ea3d836b5.ctex
Loading resource: res://assets/characters/player_interact.png
Loading resource: res://.godot/imported/player_interact.png-321dc2368f547749c59501183d04f4c3.ctex
Loading resource: res://assets/characters/player_ability_acquire.png
Loading resource: res://.godot/imported/player_ability_acquire.png-4b16c2516cf783e3158a3cf5318c7b80.ctex
Loading resource: res://assets/characters/player_idle.png
Loading resource: res://.godot/imported/player_idle.png-57ac0c2f07b9c78d58884a3ea75b7817.ctex
Loading resource: res://assets/characters/player_attack_2.png
Loading resource: res://.godot/imported/player_attack_2.png-1c3f75e251b4adc983f5963fc1194ace.ctex
Loading resource: res://assets/characters/player_attack_3.png
Loading resource: res://.godot/imported/player_attack_3.png-a90ac90177309dd41c23d7a196b1ecc5.ctex
Loading resource: res://assets/enemies/enemy_004_walk.png
Loading resource: res://.godot/imported/enemy_004_walk.png-64ff563a90a3d9c1d878114fd0b0f5ea.ctex
Loading resource: res://assets/enemies/enemy_004_run.png
Loading resource: res://.godot/imported/enemy_004_run.png-91e69725e5e86b29d07025f92f93eece.ctex
Loading resource: res://assets/enemies/enemy_004_attack.png
Loading resource: res://.godot/imported/enemy_004_attack.png-b408692943f11c1ff6d5a8239bf08656.ctex
Loading resource: res://assets/enemies/enemy_004_hurt.png
Loading resource: res://.godot/imported/enemy_004_hurt.png-83764096931c835d327c412380864c82.ctex
Loading resource: res://assets/enemies/enemy_004_death.png
Loading resource: res://.godot/imported/enemy_004_death.png-fe3863f1e7d21399c8e8405730166192.ctex
Loading resource: res://assets/enemies/enemy_000_idle.png
Loading resource: res://.godot/imported/enemy_000_idle.png-76c61c9d6383a2667495b6e586abbcc6.ctex
Loading resource: res://assets/enemies/enemy_004_idle.png
Loading resource: res://.godot/imported/enemy_004_idle.png-c29b5860ea7fddbfbc24d7eb5f50da5f.ctex
Loading resource: res://assets/enemies/enemy_006_walk.png
Loading resource: res://.godot/imported/enemy_006_walk.png-f4b7cc17d538ce3db7972baeecd9b8a9.ctex
Loading resource: res://assets/enemies/enemy_006_run.png
Loading resource: res://.godot/imported/enemy_006_run.png-cbf32aef5a7fbeb35f41d1baa44bd8b4.ctex
Loading resource: res://assets/enemies/enemy_006_attack.png
Loading resource: res://.godot/imported/enemy_006_attack.png-e912148ee711a85fbb6be3237903515b.ctex
Loading resource: res://assets/enemies/enemy_006_hurt.png
Loading resource: res://.godot/imported/enemy_006_hurt.png-c0d57c1627cce9a6c8f9aae6474bfbd6.ctex
Loading resource: res://assets/enemies/enemy_006_death.png
Loading resource: res://.godot/imported/enemy_006_death.png-79c59a9ff3d14193d862418f41bcfdd5.ctex
Loading resource: res://assets/enemies/enemy_000_idle.png
Loading resource: res://.godot/imported/enemy_000_idle.png-76c61c9d6383a2667495b6e586abbcc6.ctex
Loading resource: res://assets/enemies/enemy_006_idle.png
Loading resource: res://.godot/imported/enemy_006_idle.png-77f33afa45c735a2be2e8a665f09b1c5.ctex
Loading resource: res://assets/enemies/enemy_008_walk.png
Loading resource: res://.godot/imported/enemy_008_walk.png-38584f0c6615be9384f33854079544f0.ctex
Loading resource: res://assets/enemies/enemy_008_run.png
Loading resource: res://.godot/imported/enemy_008_run.png-d26dc9d411418f0faebb5b133087c886.ctex
Loading resource: res://assets/enemies/enemy_008_attack.png
Loading resource: res://.godot/imported/enemy_008_attack.png-31480baf75081f044ec1bf4a84c9b832.ctex
Loading resource: res://assets/enemies/enemy_008_hurt.png
Loading resource: res://.godot/imported/enemy_008_hurt.png-518a42971b6dd21680a714ede2283499.ctex
Loading resource: res://assets/enemies/enemy_008_death.png
Loading resource: res://.godot/imported/enemy_008_death.png-3b027e39e9e9b0474f810aea9bd74218.ctex
Loading resource: res://assets/enemies/enemy_000_idle.png
Loading resource: res://.godot/imported/enemy_000_idle.png-76c61c9d6383a2667495b6e586abbcc6.ctex
Loading resource: res://assets/enemies/enemy_008_idle.png
Loading resource: res://.godot/imported/enemy_008_idle.png-9288c10ee3db517cfe36108f11a56ad7.ctex
Loading resource: res://assets/enemies/enemy_010_walk.png
Loading resource: res://.godot/imported/enemy_010_walk.png-59a0157fe47a287ad87999d0d04ad41f.ctex
Loading resource: res://assets/enemies/enemy_010_run.png
Loading resource: res://.godot/imported/enemy_010_run.png-7fdb46bd038d4572196195487f19b4ba.ctex
Loading resource: res://assets/enemies/enemy_010_attack.png
Loading resource: res://.godot/imported/enemy_010_attack.png-9659ffad112670b261cf28a14102e2d4.ctex
Loading resource: res://assets/enemies/enemy_010_hurt.png
Loading resource: res://.godot/imported/enemy_010_hurt.png-425d143eba69f7078386d29707eab954.ctex
Loading resource: res://assets/enemies/enemy_010_death.png
Loading resource: res://.godot/imported/enemy_010_death.png-e224c3d5904b70320024eeb297540105.ctex
Loading resource: res://assets/enemies/enemy_000_idle.png
Loading resource: res://.godot/imported/enemy_000_idle.png-76c61c9d6383a2667495b6e586abbcc6.ctex
Loading resource: res://assets/enemies/enemy_010_idle.png
Loading resource: res://.godot/imported/enemy_010_idle.png-3eae440d067be3a5719c9cd8a826d6b4.ctex
Loading resource: res://assets/enemies/enemy_012_walk.png
Loading resource: res://.godot/imported/enemy_012_walk.png-62e7414a7266c5cf94c2003ef4a3b94b.ctex
Loading resource: res://assets/enemies/enemy_012_run.png
Loading resource: res://.godot/imported/enemy_012_run.png-1f9e08e12da9677b9337c84f83c18b43.ctex
Loading resource: res://assets/enemies/enemy_012_attack.png
Loading resource: res://.godot/imported/enemy_012_attack.png-47147e1ce9ab9c9e3407ab421e50eed0.ctex
Loading resource: res://assets/enemies/enemy_012_hurt.png
Loading resource: res://.godot/imported/enemy_012_hurt.png-42042ca427fbd6331ae0337e4a206f30.ctex
Loading resource: res://assets/enemies/enemy_012_death.png
Loading resource: res://.godot/imported/enemy_012_death.png-6549e7a6263d2c52ee1b128b11f6c641.ctex
Loading resource: res://assets/enemies/enemy_000_idle.png
Loading resource: res://.godot/imported/enemy_000_idle.png-76c61c9d6383a2667495b6e586abbcc6.ctex
Loading resource: res://assets/enemies/enemy_012_idle.png
Loading resource: res://.godot/imported/enemy_012_idle.png-bf0b4a14275a930182566e727c524125.ctex
Loading resource: res://scripts/shaders/water_surface.gdshader
JOURNEY_ROOM room_004
load_threaded_get_status(): No threaded load for resource path 'res://scenes/rooms/room_005.tscn' has been initiated or its result has already been collected.
Loading resource: res://scenes/rooms/room_005.tscn
Loading resource: res://scenes/bosses/Boss.tscn
Loading resource: res://assets/props/biome_0/biome_0_prop_5.png
Loading resource: res://.godot/imported/biome_0_prop_5.png-bfec1b2adaa6e97f9e107371a92144db.ctex
Loading resource: res://assets/props/biome_0/biome_0_prop_8.png
Loading resource: res://.godot/imported/biome_0_prop_8.png-b15de6f6b4655c20288f53adf905da33.ctex
Loading resource: res://assets/props/biome_0/biome_0_prop_0.png
Loading resource: res://.godot/imported/biome_0_prop_0.png-73e40292eac12b3c1912a289dc9715a2.ctex
Loading resource: res://assets/architecture/stormglass/conditions/intact_altar.png
Loading resource: res://.godot/imported/intact_altar.png-6ca4c844dc7363eabcb769b898816701.ctex
Loading resource: res://assets/architecture/stormglass/conditions/intact_sconce.png
Loading resource: res://.godot/imported/intact_sconce.png-0f16d2700ed93c13f6b96399cfaf19ac.ctex
Loading resource: res://assets/architecture/stormglass/conditions/intact_banner.png
Loading resource: res://.godot/imported/intact_banner.png-957bc4f953d63ff3ad3e1b8e2937c018.ctex
TRANSITION_PROFILE from=room_003 to=room_004 physics_wait_ms=0.08 resource_ms=0.03 instantiate_ms=154.72 presentation_ms=4.24 fade_out_ms=263.42 fade_out_remainder_ms=103.70 fade_in_ms=50.54 total_ms=313.98
JOURNEY_PROGRESS {"attacks":7,"bosses":[],"health":85.0,"player":[544.424987792969,1352.3798828125],"room":"room_004","steps":4,"tMs":40312,"velocity":[220.0,289.333435058594]}
Loading resource: res://assets/characters/player_walk.png
Loading resource: res://.godot/imported/player_walk.png-d859f324b180e620b35176465490dc5b.ctex
Loading resource: res://assets/characters/player_run.png
Loading resource: res://.godot/imported/player_run.png-5e1ce216cbd5012d226154b2ece4de96.ctex
Loading resource: res://assets/characters/player_attack.png
Loading resource: res://.godot/imported/player_attack.png-4863c0bf2c0460d3acf05ba44fde6f12.ctex
Loading resource: res://assets/characters/player_hurt.png
Loading resource: res://.godot/imported/player_hurt.png-c4194612d851672462e70be083dfc07f.ctex
Loading resource: res://assets/characters/player_death.png
Loading resource: res://.godot/imported/player_death.png-c449be6e42ed0b63a564aca0303227d9.ctex
Loading resource: res://assets/characters/player_idle.png
Loading resource: res://.godot/imported/player_idle.png-57ac0c2f07b9c78d58884a3ea75b7817.ctex
Loading resource: res://assets/characters/player_walk.png
Loading resource: res://.godot/imported/player_walk.png-d859f324b180e620b35176465490dc5b.ctex
Loading resource: res://assets/characters/player_jump_start.png
Loading resource: res://.godot/imported/player_jump_start.png-31b8f78669a8f177025dfe4f1c97a7c8.ctex
Loading resource: res://assets/characters/player_jump.png
Loading resource: res://.godot/imported/player_jump.png-9a86ba95e37eabc7f640245357b986c1.ctex
Loading resource: res://assets/characters/player_fall.png
Loading resource: res://.godot/imported/player_fall.png-94cc22ab1c11bd32466bca9f5ab527db.ctex
Loading resource: res://assets/characters/player_land.png
Loading resource: res://.godot/imported/player_land.png-bf586b100a0da4f0aa95acb11fbc1f7d.ctex
Loading resource: res://assets/characters/player_dash.png
Loading resource: res://.godot/imported/player_dash.png-7ae88d1d170590815fc6d555ac1c1b62.ctex
Loading resource: res://assets/characters/player_air_dash.png
Loading resource: res://.godot/imported/player_air_dash.png-a17aeeea7ab8931b27ac07da8a9a7ff2.ctex
Loading resource: res://assets/characters/player_double_jump.png
Loading resource: res://.godot/imported/player_double_jump.png-2618f84677f00029c0b113f21f999b50.ctex
Loading resource: res://assets/characters/player_wall_slide.png
Loading resource: res://.godot/imported/player_wall_slide.png-5768614b71e9b3e0872f45ce5135734d.ctex
Loading resource: res://assets/characters/player_wall_jump.png
Loading resource: res://.godot/imported/player_wall_jump.png-30d156fc0d137391c640850602e5d41b.ctex
Loading resource: res://assets/characters/player_swim.png
Loading resource: res://.godot/imported/player_swim.png-183785111f8e5e270807e4b8d3b4c206.ctex
Loading resource: res://assets/characters/player_swim_idle.png
Loading resource: res://.godot/imported/player_swim_idle.png-5e9711526bd3abf4e7493d936b3c405c.ctex
Loading resource: res://assets/characters/player_attack_2.png
Loading resource: res://.godot/imported/player_attack_2.png-1c3f75e251b4adc983f5963fc1194ace.ctex
Loading resource: res://assets/characters/player_attack_3.png
Loading resource: res://.godot/imported/player_attack_3.png-a90ac90177309dd41c23d7a196b1ecc5.ctex
Loading resource: res://assets/characters/player_ground_slam_start.png
Loading resource: res://.godot/imported/player_ground_slam_start.png-35670b6c1cb5778bb4084d6cda5fca78.ctex
Loading resource: res://assets/characters/player_ground_slam_fall.png
Loading resource: res://.godot/imported/player_ground_slam_fall.png-1ad4ff118b2f4c88029b7f2bd3933c92.ctex
Loading resource: res://assets/characters/player_ground_slam_impact.png
Loading resource: res://.godot/imported/player_ground_slam_impact.png-df1883c04ae51799d954a523995e2d38.ctex
Loading resource: res://assets/characters/player_grapple.png
Loading resource: res://.godot/imported/player_grapple.png-c9312f27489134016e09b62924ccfc54.ctex
Loading resource: res://assets/characters/player_phase.png
Loading resource: res://.godot/imported/player_phase.png-3f765db36d4f954395040195c665afcc.ctex
Loading resource: res://assets/characters/player_respawn.png
Loading resource: res://.godot/imported/player_respawn.png-6711506d9e2421b29e0cf23ea3d836b5.ctex
Loading resource: res://assets/characters/player_interact.png
Loading resource: res://.godot/imported/player_interact.png-321dc2368f547749c59501183d04f4c3.ctex
Loading resource: res://assets/characters/player_ability_acquire.png
Loading resource: res://.godot/imported/player_ability_acquire.png-4b16c2516cf783e3158a3cf5318c7b80.ctex
Loading resource: res://assets/characters/player_idle.png
Loading resource: res://.godot/imported/player_idle.png-57ac0c2f07b9c78d58884a3ea75b7817.ctex
Loading resource: res://assets/characters/player_attack_2.png
Loading resource: res://.godot/imported/player_attack_2.png-1c3f75e251b4adc983f5963fc1194ace.ctex
Loading resource: res://assets/characters/player_attack_3.png
Loading resource: res://.godot/imported/player_attack_3.png-a90ac90177309dd41c23d7a196b1ecc5.ctex
Loading resource: res://assets/enemies/enemy_005_walk.png
Loading resource: res://.godot/imported/enemy_005_walk.png-9a0c2c4fff06839f969b24c99bd17a41.ctex
Loading resource: res://assets/enemies/enemy_005_run.png
Loading resource: res://.godot/imported/enemy_005_run.png-84e01ee174d2cac6724fba96fee7defc.ctex
Loading resource: res://assets/enemies/enemy_005_attack.png
Loading resource: res://.godot/imported/enemy_005_attack.png-71ede53e45690480d31b3b9c86b22069.ctex
Loading resource: res://assets/enemies/enemy_005_hurt.png
Loading resource: res://.godot/imported/enemy_005_hurt.png-75ac49e7467cd5dd0d58cd7fc95475b1.ctex
Loading resource: res://assets/enemies/enemy_005_death.png
Loading resource: res://.godot/imported/enemy_005_death.png-fc49f7da908acde264d919c3217da531.ctex
Loading resource: res://assets/enemies/enemy_000_idle.png
Loading resource: res://.godot/imported/enemy_000_idle.png-76c61c9d6383a2667495b6e586abbcc6.ctex
Loading resource: res://assets/enemies/enemy_005_idle.png
Loading resource: res://.godot/imported/enemy_005_idle.png-00bc4b00441a6d6dda7f57a475102c10.ctex
Loading resource: res://assets/enemies/enemy_007_walk.png
Loading resource: res://.godot/imported/enemy_007_walk.png-7b26fee389d5320e0a48561296249b8c.ctex
Loading resource: res://assets/enemies/enemy_007_run.png
Loading resource: res://.godot/imported/enemy_007_run.png-20effc5da70f2e083362ca5f0705b4ce.ctex
Loading resource: res://assets/enemies/enemy_007_attack.png
Loading resource: res://.godot/imported/enemy_007_attack.png-463753e2a1f96f247ab8f15b598e951b.ctex
Loading resource: res://assets/enemies/enemy_007_hurt.png
Loading resource: res://.godot/imported/enemy_007_hurt.png-031436a48b5cb00187cf312b8f648dd8.ctex
Loading resource: res://assets/enemies/enemy_007_death.png
Loading resource: res://.godot/imported/enemy_007_death.png-d92672976f26cb6f83e5b943e0535283.ctex
Loading resource: res://assets/enemies/enemy_000_idle.png
Loading resource: res://.godot/imported/enemy_000_idle.png-76c61c9d6383a2667495b6e586abbcc6.ctex
Loading resource: res://assets/enemies/enemy_007_idle.png
Loading resource: res://.godot/imported/enemy_007_idle.png-a72680aeb6e731cf5ac6dce6be4fe528.ctex
Loading resource: res://assets/enemies/enemy_009_walk.png
Loading resource: res://.godot/imported/enemy_009_walk.png-8af740d707f0b11020f99c583448eaa0.ctex
Loading resource: res://assets/enemies/enemy_009_run.png
Loading resource: res://.godot/imported/enemy_009_run.png-9aac628a6efa7507e6a84182223ac030.ctex
Loading resource: res://assets/enemies/enemy_009_attack.png
Loading resource: res://.godot/imported/enemy_009_attack.png-428ab8f143c7350afa3aac105b7ab3ed.ctex
Loading resource: res://assets/enemies/enemy_009_hurt.png
Loading resource: res://.godot/imported/enemy_009_hurt.png-c915eb78002af4810ea69e8d83ddac04.ctex
Loading resource: res://assets/enemies/enemy_009_death.png
Loading resource: res://.godot/imported/enemy_009_death.png-9a893fa68800a80de72b78ccbfb9eaaf.ctex
Loading resource: res://assets/enemies/enemy_000_idle.png
Loading resource: res://.godot/imported/enemy_000_idle.png-76c61c9d6383a2667495b6e586abbcc6.ctex
Loading resource: res://assets/enemies/enemy_009_idle.png
Loading resource: res://.godot/imported/enemy_009_idle.png-dded2cb7df4f3aab0e9cac10e4a8e1ad.ctex
Loading resource: res://scripts/shaders/water_surface.gdshader
JOURNEY_ROOM room_005
load_threaded_get_status(): No threaded load for resource path 'res://scenes/rooms/room_006.tscn' has been initiated or its result has already been collected.
Loading resource: res://scenes/rooms/room_006.tscn
load_threaded_get_status(): No threaded load for resource path 'res://scenes/rooms/room_007.tscn' has been initiated or its result has already been collected.
Loading resource: res://scenes/rooms/room_007.tscn
Loading resource: res://scenes/bosses/Boss.tscn
Loading resource: res://scenes/world/ItemPickup.tscn
Loading resource: res://scenes/world/SavePoint.tscn
Loading resource: res://scripts/world/ItemPickup.gd
Loading resource: res://scripts/world/SavePoint.gd
Loading resource: res://assets/props/biome_0/biome_0_prop_4.png
Loading resource: res://.godot/imported/biome_0_prop_4.png-3e477cd9fd333a2f7bb1206d873841a1.ctex
Loading resource: res://assets/props/biome_0/biome_0_prop_3.png
Loading resource: res://.godot/imported/biome_0_prop_3.png-73daeec458904d2d8774f8d068ddf645.ctex
Loading resource: res://scenes/world/NPC.tscn
Loading resource: res://scripts/world/NPC.gd
Loading resource: res://assets/props/biome_0/biome_0_prop_5.png
Loading resource: res://.godot/imported/biome_0_prop_5.png-bfec1b2adaa6e97f9e107371a92144db.ctex
Loading resource: res://assets/architecture/stormglass/conditions/intact_banner.png
Loading resource: res://.godot/imported/intact_banner.png-957bc4f953d63ff3ad3e1b8e2937c018.ctex
Loading resource: res://assets/architecture/stormglass/conditions/intact_statue.png
Loading resource: res://.godot/imported/intact_statue.png-3890a75d234b6e7db92c409a02ef8504.ctex
Loading resource: res://assets/architecture/stormglass/conditions/intact_sconce.png
Loading resource: res://.godot/imported/intact_sconce.png-0f16d2700ed93c13f6b96399cfaf19ac.ctex
TRANSITION_PROFILE from=room_004 to=room_005 physics_wait_ms=0.13 resource_ms=0.03 instantiate_ms=102.10 presentation_ms=1.04 fade_out_ms=201.14 fade_out_remainder_ms=95.58 fade_in_ms=133.10 total_ms=334.26
JOURNEY_PROGRESS {"attacks":10,"bosses":[],"health":85.0,"player":[343.674621582031,2239.92504882813],"room":"room_005","steps":5,"tMs":45318,"velocity":[350.0,0.0]}
Loading resource: res://assets/characters/player_walk.png
Loading resource: res://.godot/imported/player_walk.png-d859f324b180e620b35176465490dc5b.ctex
Loading resource: res://assets/characters/player_run.png
Loading resource: res://.godot/imported/player_run.png-5e1ce216cbd5012d226154b2ece4de96.ctex
Loading resource: res://assets/characters/player_attack.png
Loading resource: res://.godot/imported/player_attack.png-4863c0bf2c0460d3acf05ba44fde6f12.ctex
Loading resource: res://assets/characters/player_hurt.png
Loading resource: res://.godot/imported/player_hurt.png-c4194612d851672462e70be083dfc07f.ctex
Loading resource: res://assets/characters/player_death.png
Loading resource: res://.godot/imported/player_death.png-c449be6e42ed0b63a564aca0303227d9.ctex
Loading resource: res://assets/characters/player_idle.png
Loading resource: res://.godot/imported/player_idle.png-57ac0c2f07b9c78d58884a3ea75b7817.ctex
Loading resource: res://assets/characters/player_walk.png
Loading resource: res://.godot/imported/player_walk.png-d859f324b180e620b35176465490dc5b.ctex
Loading resource: res://assets/characters/player_jump_start.png
Loading resource: res://.godot/imported/player_jump_start.png-31b8f78669a8f177025dfe4f1c97a7c8.ctex
Loading resource: res://assets/characters/player_jump.png
Loading resource: res://.godot/imported/player_jump.png-9a86ba95e37eabc7f640245357b986c1.ctex
Loading resource: res://assets/characters/player_fall.png
Loading resource: res://.godot/imported/player_fall.png-94cc22ab1c11bd32466bca9f5ab527db.ctex
Loading resource: res://assets/characters/player_land.png
Loading resource: res://.godot/imported/player_land.png-bf586b100a0da4f0aa95acb11fbc1f7d.ctex
Loading resource: res://assets/characters/player_dash.png
Loading resource: res://.godot/imported/player_dash.png-7ae88d1d170590815fc6d555ac1c1b62.ctex
Loading resource: res://assets/characters/player_air_dash.png
Loading resource: res://.godot/imported/player_air_dash.png-a17aeeea7ab8931b27ac07da8a9a7ff2.ctex
Loading resource: res://assets/characters/player_double_jump.png
Loading resource: res://.godot/imported/player_double_jump.png-2618f84677f00029c0b113f21f999b50.ctex
Loading resource: res://assets/characters/player_wall_slide.png
Loading resource: res://.godot/imported/player_wall_slide.png-5768614b71e9b3e0872f45ce5135734d.ctex
Loading resource: res://assets/characters/player_wall_jump.png
Loading resource: res://.godot/imported/player_wall_jump.png-30d156fc0d137391c640850602e5d41b.ctex
Loading resource: res://assets/characters/player_swim.png
Loading resource: res://.godot/imported/player_swim.png-183785111f8e5e270807e4b8d3b4c206.ctex
Loading resource: res://assets/characters/player_swim_idle.png
Loading resource: res://.godot/imported/player_swim_idle.png-5e9711526bd3abf4e7493d936b3c405c.ctex
Loading resource: res://assets/characters/player_attack_2.png
Loading resource: res://.godot/imported/player_attack_2.png-1c3f75e251b4adc983f5963fc1194ace.ctex
Loading resource: res://assets/characters/player_attack_3.png
Loading resource: res://.godot/imported/player_attack_3.png-a90ac90177309dd41c23d7a196b1ecc5.ctex
Loading resource: res://assets/characters/player_ground_slam_start.png
Loading resource: res://.godot/imported/player_ground_slam_start.png-35670b6c1cb5778bb4084d6cda5fca78.ctex
Loading resource: res://assets/characters/player_ground_slam_fall.png
Loading resource: res://.godot/imported/player_ground_slam_fall.png-1ad4ff118b2f4c88029b7f2bd3933c92.ctex
Loading resource: res://assets/characters/player_ground_slam_impact.png
Loading resource: res://.godot/imported/player_ground_slam_impact.png-df1883c04ae51799d954a523995e2d38.ctex
Loading resource: res://assets/characters/player_grapple.png
Loading resource: res://.godot/imported/player_grapple.png-c9312f27489134016e09b62924ccfc54.ctex
Loading resource: res://assets/characters/player_phase.png
Loading resource: res://.godot/imported/player_phase.png-3f765db36d4f954395040195c665afcc.ctex
Loading resource: res://assets/characters/player_respawn.png
Loading resource: res://.godot/imported/player_respawn.png-6711506d9e2421b29e0cf23ea3d836b5.ctex
Loading resource: res://assets/characters/player_interact.png
Loading resource: res://.godot/imported/player_interact.png-321dc2368f547749c59501183d04f4c3.ctex
Loading resource: res://assets/characters/player_ability_acquire.png
Loading resource: res://.godot/imported/player_ability_acquire.png-4b16c2516cf783e3158a3cf5318c7b80.ctex
Loading resource: res://assets/characters/player_idle.png
Loading resource: res://.godot/imported/player_idle.png-57ac0c2f07b9c78d58884a3ea75b7817.ctex
Loading resource: res://assets/characters/player_attack_2.png
Loading resource: res://.godot/imported/player_attack_2.png-1c3f75e251b4adc983f5963fc1194ace.ctex
Loading resource: res://assets/characters/player_attack_3.png
Loading resource: res://.godot/imported/player_attack_3.png-a90ac90177309dd41c23d7a196b1ecc5.ctex
Loading resource: res://assets/props/interact/save_shrine.png
Loading resource: res://.godot/imported/save_shrine.png-7c7937d95488683935d79327ccf91acd.ctex
Loading resource: res://assets/npcs/npc_000_walk.png
Loading resource: res://.godot/imported/npc_000_walk.png-7572d9959ee4e6423c265dbb831d7f83.ctex
Loading resource: res://assets/npcs/npc_000_idle.png
Loading resource: res://.godot/imported/npc_000_idle.png-951102f29d1147fd269f9e4786995499.ctex
Loading resource: res://assets/npcs/npc_000_talk.png
Loading resource: res://.godot/imported/npc_000_talk.png-9010aa1c355358a08df98730f38b120a.ctex
Loading resource: res://assets/npcs/npc_000_listen.png
Loading resource: res://.godot/imported/npc_000_listen.png-f82e00b1d8512dd3da4e467d85fa62c9.ctex
Loading resource: res://assets/npcs/npc_000_idle.png
Loading resource: res://.godot/imported/npc_000_idle.png-951102f29d1147fd269f9e4786995499.ctex
Loading resource: res://assets/npcs/npc_000_talk.png
Loading resource: res://.godot/imported/npc_000_talk.png-9010aa1c355358a08df98730f38b120a.ctex
Loading resource: res://assets/npcs/npc_000_listen.png
Loading resource: res://.godot/imported/npc_000_listen.png-f82e00b1d8512dd3da4e467d85fa62c9.ctex
Loading resource: res://assets/npcs/npc_004_walk.png
Loading resource: res://.godot/imported/npc_004_walk.png-40a0cabbad4d4ff391c1ca7b020f3332.ctex
Loading resource: res://assets/npcs/npc_004_idle.png
Loading resource: res://.godot/imported/npc_004_idle.png-c131afff91b0bab1a8ed136701b2f879.ctex
Loading resource: res://assets/npcs/npc_004_talk.png
Loading resource: res://.godot/imported/npc_004_talk.png-25952b9150fb4731170c8ed775badfd0.ctex
Loading resource: res://assets/npcs/npc_004_listen.png
Loading resource: res://.godot/imported/npc_004_listen.png-f7bc6cda1c01e7eabe5c8210634b0303.ctex
Loading resource: res://assets/npcs/npc_004_idle.png
Loading resource: res://.godot/imported/npc_004_idle.png-c131afff91b0bab1a8ed136701b2f879.ctex
Loading resource: res://assets/npcs/npc_004_talk.png
Loading resource: res://.godot/imported/npc_004_talk.png-25952b9150fb4731170c8ed775badfd0.ctex
Loading resource: res://assets/npcs/npc_004_listen.png
Loading resource: res://.godot/imported/npc_004_listen.png-f7bc6cda1c01e7eabe5c8210634b0303.ctex
Loading resource: res://scripts/shaders/water_surface.gdshader
JOURNEY_ROOM room_006
load_threaded_get_status(): No threaded load for resource path 'res://scenes/rooms/room_008.tscn' has been initiated or its result has already been collected.
Loading resource: res://scenes/rooms/room_008.tscn
Loading resource: res://scenes/bosses/Boss.tscn
Loading resource: res://assets/architecture/stormglass/floor_strip.png
Loading resource: res://.godot/imported/floor_strip.png-3127571388846079ee6d000228c9a69d.ctex
Loading resource: res://assets/props/biome_0/biome_0_prop_1.png
Loading resource: res://.godot/imported/biome_0_prop_1.png-86880268cfd1f58e2534f2c37198f718.ctex
Loading resource: res://assets/props/biome_0/biome_0_prop_6.png
Loading resource: res://.godot/imported/biome_0_prop_6.png-f1219e3c174ea13acd6cd2cbc22eafed.ctex
Loading resource: res://assets/architecture/stormglass/conditions/intact_sconce.png
Loading resource: res://.godot/imported/intact_sconce.png-0f16d2700ed93c13f6b96399cfaf19ac.ctex
Loading resource: res://assets/architecture/stormglass/conditions/intact_altar.png
Loading resource: res://.godot/imported/intact_altar.png-6ca4c844dc7363eabcb769b898816701.ctex
JOURNEY_PROGRESS {"attacks":12,"bosses":[],"health":100.0,"player":[311.750152587891,697.312866210938],"room":"room_006","steps":6,"tMs":50320,"velocity":[440.0,65.3333358764648]}
TRANSITION_PROFILE from=room_005 to=room_006 physics_wait_ms=0.14 resource_ms=0.04 instantiate_ms=84.55 presentation_ms=1.11 fade_out_ms=182.17 fade_out_remainder_ms=95.56 fade_in_ms=132.25 total_ms=314.44
Loading resource: res://assets/characters/player_walk.png
Loading resource: res://.godot/imported/player_walk.png-d859f324b180e620b35176465490dc5b.ctex
Loading resource: res://assets/characters/player_run.png
Loading resource: res://.godot/imported/player_run.png-5e1ce216cbd5012d226154b2ece4de96.ctex
Loading resource: res://assets/characters/player_attack.png
Loading resource: res://.godot/imported/player_attack.png-4863c0bf2c0460d3acf05ba44fde6f12.ctex
Loading resource: res://assets/characters/player_hurt.png
Loading resource: res://.godot/imported/player_hurt.png-c4194612d851672462e70be083dfc07f.ctex
Loading resource: res://assets/characters/player_death.png
Loading resource: res://.godot/imported/player_death.png-c449be6e42ed0b63a564aca0303227d9.ctex
Loading resource: res://assets/characters/player_idle.png
Loading resource: res://.godot/imported/player_idle.png-57ac0c2f07b9c78d58884a3ea75b7817.ctex
Loading resource: res://assets/characters/player_walk.png
Loading resource: res://.godot/imported/player_walk.png-d859f324b180e620b35176465490dc5b.ctex
Loading resource: res://assets/characters/player_jump_start.png
Loading resource: res://.godot/imported/player_jump_start.png-31b8f78669a8f177025dfe4f1c97a7c8.ctex
Loading resource: res://assets/characters/player_jump.png
Loading resource: res://.godot/imported/player_jump.png-9a86ba95e37eabc7f640245357b986c1.ctex
Loading resource: res://assets/characters/player_fall.png
Loading resource: res://.godot/imported/player_fall.png-94cc22ab1c11bd32466bca9f5ab527db.ctex
Loading resource: res://assets/characters/player_land.png
Loading resource: res://.godot/imported/player_land.png-bf586b100a0da4f0aa95acb11fbc1f7d.ctex
Loading resource: res://assets/characters/player_dash.png
Loading resource: res://.godot/imported/player_dash.png-7ae88d1d170590815fc6d555ac1c1b62.ctex
Loading resource: res://assets/characters/player_air_dash.png
Loading resource: res://.godot/imported/player_air_dash.png-a17aeeea7ab8931b27ac07da8a9a7ff2.ctex
Loading resource: res://assets/characters/player_double_jump.png
Loading resource: res://.godot/imported/player_double_jump.png-2618f84677f00029c0b113f21f999b50.ctex
Loading resource: res://assets/characters/player_wall_slide.png
Loading resource: res://.godot/imported/player_wall_slide.png-5768614b71e9b3e0872f45ce5135734d.ctex
Loading resource: res://assets/characters/player_wall_jump.png
Loading resource: res://.godot/imported/player_wall_jump.png-30d156fc0d137391c640850602e5d41b.ctex
Loading resource: res://assets/characters/player_swim.png
Loading resource: res://.godot/imported/player_swim.png-183785111f8e5e270807e4b8d3b4c206.ctex
Loading resource: res://assets/characters/player_swim_idle.png
Loading resource: res://.godot/imported/player_swim_idle.png-5e9711526bd3abf4e7493d936b3c405c.ctex
Loading resource: res://assets/characters/player_attack_2.png
Loading resource: res://.godot/imported/player_attack_2.png-1c3f75e251b4adc983f5963fc1194ace.ctex
Loading resource: res://assets/characters/player_attack_3.png
Loading resource: res://.godot/imported/player_attack_3.png-a90ac90177309dd41c23d7a196b1ecc5.ctex
Loading resource: res://assets/characters/player_ground_slam_start.png
Loading resource: res://.godot/imported/player_ground_slam_start.png-35670b6c1cb5778bb4084d6cda5fca78.ctex
Loading resource: res://assets/characters/player_ground_slam_fall.png
Loading resource: res://.godot/imported/player_ground_slam_fall.png-1ad4ff118b2f4c88029b7f2bd3933c92.ctex
Loading resource: res://assets/characters/player_ground_slam_impact.png
Loading resource: res://.godot/imported/player_ground_slam_impact.png-df1883c04ae51799d954a523995e2d38.ctex
Loading resource: res://assets/characters/player_grapple.png
Loading resource: res://.godot/imported/player_grapple.png-c9312f27489134016e09b62924ccfc54.ctex
Loading resource: res://assets/characters/player_phase.png
Loading resource: res://.godot/imported/player_phase.png-3f765db36d4f954395040195c665afcc.ctex
Loading resource: res://assets/characters/player_respawn.png
Loading resource: res://.godot/imported/player_respawn.png-6711506d9e2421b29e0cf23ea3d836b5.ctex
Loading resource: res://assets/characters/player_interact.png
Loading resource: res://.godot/imported/player_interact.png-321dc2368f547749c59501183d04f4c3.ctex
Loading resource: res://assets/characters/player_ability_acquire.png
Loading resource: res://.godot/imported/player_ability_acquire.png-4b16c2516cf783e3158a3cf5318c7b80.ctex
Loading resource: res://assets/characters/player_idle.png
Loading resource: res://.godot/imported/player_idle.png-57ac0c2f07b9c78d58884a3ea75b7817.ctex
Loading resource: res://assets/characters/player_attack_2.png
Loading resource: res://.godot/imported/player_attack_2.png-1c3f75e251b4adc983f5963fc1194ace.ctex
Loading resource: res://assets/characters/player_attack_3.png
Loading resource: res://.godot/imported/player_attack_3.png-a90ac90177309dd41c23d7a196b1ecc5.ctex
Loading resource: res://assets/bosses/boss_000_walk.png
Loading resource: res://.godot/imported/boss_000_walk.png-13eb18860d4185437eb2098ff0cd0724.ctex
Loading resource: res://assets/bosses/boss_000_run.png
Loading resource: res://.godot/imported/boss_000_run.png-0da0a816680cd6dd75de87dd3e99e0e5.ctex
Loading resource: res://assets/bosses/boss_000_attack.png
Loading resource: res://.godot/imported/boss_000_attack.png-cbb861cc508ebe7c82e68b05677c0d91.ctex
Loading resource: res://assets/bosses/boss_000_hurt.png
Loading resource: res://.godot/imported/boss_000_hurt.png-3ffc4461a5bb77b2dd48cf8949f00370.ctex
Loading resource: res://assets/bosses/boss_000_death.png
Loading resource: res://.godot/imported/boss_000_death.png-95785cb69c5f61df54673d8a5dcc97e5.ctex
Loading resource: res://assets/bosses/boss_000_idle.png
Loading resource: res://.godot/imported/boss_000_idle.png-673fdb58dc574a0f7c1458b8a5f147b3.ctex
Loading resource: res://scripts/shaders/water_surface.gdshader
Loading resource: res://audio/music/boss.wav
Loading resource: res://.godot/imported/boss.wav-394a0e64a4290d255e56b5ef22f0f495.sample
JOURNEY_ROOM room_008
load_threaded_get_status(): No threaded load for resource path 'res://scenes/rooms/room_009.tscn' has been initiated or its result has already been collected.
Loading resource: res://scenes/rooms/room_009.tscn
JOURNEY_COMBAT {"attacks":12,"boss":"boss_000","bossHealth":122.0,"bossY":959.964233398438,"distance":912.0,"phase":1,"playerHealth":100.0,"playerY":960.0}
Loading resource: res://assets/props/biome_0/biome_0_prop_8.png
Loading resource: res://.godot/imported/biome_0_prop_8.png-b15de6f6b4655c20288f53adf905da33.ctex
Loading resource: res://assets/props/biome_0/biome_0_prop_4.png
Loading resource: res://.godot/imported/biome_0_prop_4.png-3e477cd9fd333a2f7bb1206d873841a1.ctex
Loading resource: res://assets/architecture/stormglass/conditions/intact_altar.png
Loading resource: res://.godot/imported/intact_altar.png-6ca4c844dc7363eabcb769b898816701.ctex
Loading resource: res://assets/architecture/stormglass/conditions/intact_sconce.png
Loading resource: res://.godot/imported/intact_sconce.png-0f16d2700ed93c13f6b96399cfaf19ac.ctex
TRANSITION_PROFILE from=room_006 to=room_008 physics_wait_ms=0.05 resource_ms=0.02 instantiate_ms=152.26 presentation_ms=6.00 fade_out_ms=260.54 fade_out_remainder_ms=90.89 fade_in_ms=153.30 total_ms=413.85
JOURNEY_PROGRESS {"attacks":12,"bosses":[],"health":100.0,"player":[254.333511352539,960.0],"room":"room_008","steps":7,"tMs":55324,"velocity":[220.0,0.0]}
Loading resource: res://scenes/enemies/Projectile.tscn
Loading resource: res://assets/vfx/ranged_projectile.png
Loading resource: res://.godot/imported/ranged_projectile.png-cf57c54979fe6b1c93302e0dd9a24a10.ctex
Loading resource: res://assets/vfx/projectile_trail.png
Loading resource: res://.godot/imported/projectile_trail.png-00b19686ba30c3b9f71c092ad7447538.ctex
JOURNEY_COMBAT {"attacks":12,"boss":"boss_000","bossHealth":122.0,"bossY":960.035766601563,"distance":128.336059570313,"phase":1,"playerHealth":90.0,"playerY":959.925231933594}
Loading resource: res://audio/sfx/boss_hit.wav
Loading resource: res://.godot/imported/boss_hit.wav-dd3a3dda8cda53b5cf04e39b512443e7.sample
JOURNEY_PROGRESS {"attacks":13,"bosses":[],"health":90.0,"player":[981.973083496094,959.925231933594],"room":"room_008","steps":7,"tMs":60337,"velocity":[0.0,0.0]}
Loading resource: res://scenes/enemies/Projectile.tscn
Loading resource: res://assets/vfx/ranged_projectile.png
Loading resource: res://.godot/imported/ranged_projectile.png-cf57c54979fe6b1c93302e0dd9a24a10.ctex
Loading resource: res://assets/vfx/projectile_trail.png
Loading resource: res://.godot/imported/projectile_trail.png-00b19686ba30c3b9f71c092ad7447538.ctex
JOURNEY_COMBAT {"attacks":21,"boss":"boss_000","bossHealth":32.0,"bossY":959.964233398438,"distance":40.3516845703125,"phase":1,"playerHealth":80.0,"playerY":959.925231933594}
JOURNEY_PROGRESS {"attacks":22,"bosses":[],"health":80.0,"player":[985.623718261719,959.925231933594],"room":"room_008","steps":7,"tMs":65337,"velocity":[0.0,0.0]}
Loading resource: res://audio/sfx/death.wav
Loading resource: res://.godot/imported/death.wav-e27d9665c2a7d1f0d76b30b812de4d31.sample
JOURNEY_PROGRESS {"attacks":25,"bosses":["boss_000"],"health":70.0,"player":[1669.71154785156,951.407470703125],"room":"room_008","steps":7,"tMs":70463,"velocity":[470.0,32.6666679382324]}
Loading resource: res://assets/characters/player_walk.png
Loading resource: res://.godot/imported/player_walk.png-d859f324b180e620b35176465490dc5b.ctex
Loading resource: res://assets/characters/player_run.png
Loading resource: res://.godot/imported/player_run.png-5e1ce216cbd5012d226154b2ece4de96.ctex
Loading resource: res://assets/characters/player_attack.png
Loading resource: res://.godot/imported/player_attack.png-4863c0bf2c0460d3acf05ba44fde6f12.ctex
Loading resource: res://assets/characters/player_hurt.png
Loading resource: res://.godot/imported/player_hurt.png-c4194612d851672462e70be083dfc07f.ctex
Loading resource: res://assets/characters/player_death.png
Loading resource: res://.godot/imported/player_death.png-c449be6e42ed0b63a564aca0303227d9.ctex
Loading resource: res://assets/characters/player_idle.png
Loading resource: res://.godot/imported/player_idle.png-57ac0c2f07b9c78d58884a3ea75b7817.ctex
Loading resource: res://assets/characters/player_walk.png
Loading resource: res://.godot/imported/player_walk.png-d859f324b180e620b35176465490dc5b.ctex
Loading resource: res://assets/characters/player_jump_start.png
Loading resource: res://.godot/imported/player_jump_start.png-31b8f78669a8f177025dfe4f1c97a7c8.ctex
Loading resource: res://assets/characters/player_jump.png
Loading resource: res://.godot/imported/player_jump.png-9a86ba95e37eabc7f640245357b986c1.ctex
Loading resource: res://assets/characters/player_fall.png
Loading resource: res://.godot/imported/player_fall.png-94cc22ab1c11bd32466bca9f5ab527db.ctex
Loading resource: res://assets/characters/player_land.png
Loading resource: res://.godot/imported/player_land.png-bf586b100a0da4f0aa95acb11fbc1f7d.ctex
Loading resource: res://assets/characters/player_dash.png
Loading resource: res://.godot/imported/player_dash.png-7ae88d1d170590815fc6d555ac1c1b62.ctex
Loading resource: res://assets/characters/player_air_dash.png
Loading resource: res://.godot/imported/player_air_dash.png-a17aeeea7ab8931b27ac07da8a9a7ff2.ctex
Loading resource: res://assets/characters/player_double_jump.png
Loading resource: res://.godot/imported/player_double_jump.png-2618f84677f00029c0b113f21f999b50.ctex
Loading resource: res://assets/characters/player_wall_slide.png
Loading resource: res://.godot/imported/player_wall_slide.png-5768614b71e9b3e0872f45ce5135734d.ctex
Loading resource: res://assets/characters/player_wall_jump.png
Loading resource: res://.godot/imported/player_wall_jump.png-30d156fc0d137391c640850602e5d41b.ctex
Loading resource: res://assets/characters/player_swim.png
Loading resource: res://.godot/imported/player_swim.png-183785111f8e5e270807e4b8d3b4c206.ctex
Loading resource: res://assets/characters/player_swim_idle.png
Loading resource: res://.godot/imported/player_swim_idle.png-5e9711526bd3abf4e7493d936b3c405c.ctex
Loading resource: res://assets/characters/player_attack_2.png
Loading resource: res://.godot/imported/player_attack_2.png-1c3f75e251b4adc983f5963fc1194ace.ctex
Loading resource: res://assets/characters/player_attack_3.png
Loading resource: res://.godot/imported/player_attack_3.png-a90ac90177309dd41c23d7a196b1ecc5.ctex
Loading resource: res://assets/characters/player_ground_slam_start.png
Loading resource: res://.godot/imported/player_ground_slam_start.png-35670b6c1cb5778bb4084d6cda5fca78.ctex
Loading resource: res://assets/characters/player_ground_slam_fall.png
Loading resource: res://.godot/imported/player_ground_slam_fall.png-1ad4ff118b2f4c88029b7f2bd3933c92.ctex
Loading resource: res://assets/characters/player_ground_slam_impact.png
Loading resource: res://.godot/imported/player_ground_slam_impact.png-df1883c04ae51799d954a523995e2d38.ctex
Loading resource: res://assets/characters/player_grapple.png
Loading resource: res://.godot/imported/player_grapple.png-c9312f27489134016e09b62924ccfc54.ctex
Loading resource: res://assets/characters/player_phase.png
Loading resource: res://.godot/imported/player_phase.png-3f765db36d4f954395040195c665afcc.ctex
Loading resource: res://assets/characters/player_respawn.png
Loading resource: res://.godot/imported/player_respawn.png-6711506d9e2421b29e0cf23ea3d836b5.ctex
Loading resource: res://assets/characters/player_interact.png
Loading resource: res://.godot/imported/player_interact.png-321dc2368f547749c59501183d04f4c3.ctex
Loading resource: res://assets/characters/player_ability_acquire.png
Loading resource: res://.godot/imported/player_ability_acquire.png-4b16c2516cf783e3158a3cf5318c7b80.ctex
Loading resource: res://assets/characters/player_idle.png
Loading resource: res://.godot/imported/player_idle.png-57ac0c2f07b9c78d58884a3ea75b7817.ctex
Loading resource: res://assets/characters/player_attack_2.png
Loading resource: res://.godot/imported/player_attack_2.png-1c3f75e251b4adc983f5963fc1194ace.ctex
Loading resource: res://assets/characters/player_attack_3.png
Loading resource: res://.godot/imported/player_attack_3.png-a90ac90177309dd41c23d7a196b1ecc5.ctex
Loading resource: res://scripts/shaders/water_surface.gdshader
Loading resource: res://audio/music/biome_0.wav
Loading resource: res://.godot/imported/biome_0.wav-dec2867ebdec0d665572c802462d1119.sample
JOURNEY_ROOM room_009
load_threaded_get_status(): No threaded load for resource path 'res://scenes/rooms/room_010.tscn' has been initiated or its result has already been collected.
Loading resource: res://scenes/rooms/room_010.tscn
Loading resource: res://assets/props/biome_0/biome_0_prop_5.png
Loading resource: res://.godot/imported/biome_0_prop_5.png-bfec1b2adaa6e97f9e107371a92144db.ctex
Loading resource: res://assets/props/biome_0/biome_0_prop_0.png
Loading resource: res://.godot/imported/biome_0_prop_0.png-73e40292eac12b3c1912a289dc9715a2.ctex
Loading resource: res://assets/architecture/stormglass/conditions/intact_banner.png
Loading resource: res://.godot/imported/intact_banner.png-957bc4f953d63ff3ad3e1b8e2937c018.ctex
Loading resource: res://assets/architecture/stormglass/conditions/intact_statue.png
Loading resource: res://.godot/imported/intact_statue.png-3890a75d234b6e7db92c409a02ef8504.ctex
Loading resource: res://assets/architecture/stormglass/conditions/intact_sconce.png
Loading resource: res://.godot/imported/intact_sconce.png-0f16d2700ed93c13f6b96399cfaf19ac.ctex
TRANSITION_PROFILE from=room_008 to=room_009 physics_wait_ms=0.19 resource_ms=0.06 instantiate_ms=54.50 presentation_ms=2.13 fade_out_ms=146.83 fade_out_remainder_ms=88.75 fade_in_ms=158.56 total_ms=305.41
Loading resource: res://assets/characters/player_walk.png
Loading resource: res://.godot/imported/player_walk.png-d859f324b180e620b35176465490dc5b.ctex
Loading resource: res://assets/characters/player_run.png
Loading resource: res://.godot/imported/player_run.png-5e1ce216cbd5012d226154b2ece4de96.ctex
Loading resource: res://assets/characters/player_attack.png
Loading resource: res://.godot/imported/player_attack.png-4863c0bf2c0460d3acf05ba44fde6f12.ctex
Loading resource: res://assets/characters/player_hurt.png
Loading resource: res://.godot/imported/player_hurt.png-c4194612d851672462e70be083dfc07f.ctex
Loading resource: res://assets/characters/player_death.png
Loading resource: res://.godot/imported/player_death.png-c449be6e42ed0b63a564aca0303227d9.ctex
Loading resource: res://assets/characters/player_idle.png
Loading resource: res://.godot/imported/player_idle.png-57ac0c2f07b9c78d58884a3ea75b7817.ctex
Loading resource: res://assets/characters/player_walk.png
Loading resource: res://.godot/imported/player_walk.png-d859f324b180e620b35176465490dc5b.ctex
Loading resource: res://assets/characters/player_jump_start.png
Loading resource: res://.godot/imported/player_jump_start.png-31b8f78669a8f177025dfe4f1c97a7c8.ctex
Loading resource: res://assets/characters/player_jump.png
Loading resource: res://.godot/imported/player_jump.png-9a86ba95e37eabc7f640245357b986c1.ctex
Loading resource: res://assets/characters/player_fall.png
Loading resource: res://.godot/imported/player_fall.png-94cc22ab1c11bd32466bca9f5ab527db.ctex
Loading resource: res://assets/characters/player_land.png
Loading resource: res://.godot/imported/player_land.png-bf586b100a0da4f0aa95acb11fbc1f7d.ctex
Loading resource: res://assets/characters/player_dash.png
Loading resource: res://.godot/imported/player_dash.png-7ae88d1d170590815fc6d555ac1c1b62.ctex
Loading resource: res://assets/characters/player_air_dash.png
Loading resource: res://.godot/imported/player_air_dash.png-a17aeeea7ab8931b27ac07da8a9a7ff2.ctex
Loading resource: res://assets/characters/player_double_jump.png
Loading resource: res://.godot/imported/player_double_jump.png-2618f84677f00029c0b113f21f999b50.ctex
Loading resource: res://assets/characters/player_wall_slide.png
Loading resource: res://.godot/imported/player_wall_slide.png-5768614b71e9b3e0872f45ce5135734d.ctex
Loading resource: res://assets/characters/player_wall_jump.png
Loading resource: res://.godot/imported/player_wall_jump.png-30d156fc0d137391c640850602e5d41b.ctex
Loading resource: res://assets/characters/player_swim.png
Loading resource: res://.godot/imported/player_swim.png-183785111f8e5e270807e4b8d3b4c206.ctex
Loading resource: res://assets/characters/player_swim_idle.png
Loading resource: res://.godot/imported/player_swim_idle.png-5e9711526bd3abf4e7493d936b3c405c.ctex
Loading resource: res://assets/characters/player_attack_2.png
Loading resource: res://.godot/imported/player_attack_2.png-1c3f75e251b4adc983f5963fc1194ace.ctex
Loading resource: res://assets/characters/player_attack_3.png
Loading resource: res://.godot/imported/player_attack_3.png-a90ac90177309dd41c23d7a196b1ecc5.ctex
Loading resource: res://assets/characters/player_ground_slam_start.png
Loading resource: res://.godot/imported/player_ground_slam_start.png-35670b6c1cb5778bb4084d6cda5fca78.ctex
Loading resource: res://assets/characters/player_ground_slam_fall.png
Loading resource: res://.godot/imported/player_ground_slam_fall.png-1ad4ff118b2f4c88029b7f2bd3933c92.ctex
Loading resource: res://assets/characters/player_ground_slam_impact.png
Loading resource: res://.godot/imported/player_ground_slam_impact.png-df1883c04ae51799d954a523995e2d38.ctex
Loading resource: res://assets/characters/player_grapple.png
Loading resource: res://.godot/imported/player_grapple.png-c9312f27489134016e09b62924ccfc54.ctex
Loading resource: res://assets/characters/player_phase.png
Loading resource: res://.godot/imported/player_phase.png-3f765db36d4f954395040195c665afcc.ctex
Loading resource: res://assets/characters/player_respawn.png
Loading resource: res://.godot/imported/player_respawn.png-6711506d9e2421b29e0cf23ea3d836b5.ctex
Loading resource: res://assets/characters/player_interact.png
Loading resource: res://.godot/imported/player_interact.png-321dc2368f547749c59501183d04f4c3.ctex
Loading resource: res://assets/characters/player_ability_acquire.png
Loading resource: res://.godot/imported/player_ability_acquire.png-4b16c2516cf783e3158a3cf5318c7b80.ctex
Loading resource: res://assets/characters/player_idle.png
Loading resource: res://.godot/imported/player_idle.png-57ac0c2f07b9c78d58884a3ea75b7817.ctex
Loading resource: res://assets/characters/player_attack_2.png
Loading resource: res://.godot/imported/player_attack_2.png-1c3f75e251b4adc983f5963fc1194ace.ctex
Loading resource: res://assets/characters/player_attack_3.png
Loading resource: res://.godot/imported/player_attack_3.png-a90ac90177309dd41c23d7a196b1ecc5.ctex
Loading resource: res://scripts/shaders/water_surface.gdshader
JOURNEY_ROOM room_008
Loading resource: res://assets/props/biome_0/biome_0_prop_8.png
Loading resource: res://.godot/imported/biome_0_prop_8.png-b15de6f6b4655c20288f53adf905da33.ctex
Loading resource: res://assets/props/biome_0/biome_0_prop_4.png
Loading resource: res://.godot/imported/biome_0_prop_4.png-3e477cd9fd333a2f7bb1206d873841a1.ctex
Loading resource: res://assets/architecture/stormglass/conditions/intact_altar.png
Loading resource: res://.godot/imported/intact_altar.png-6ca4c844dc7363eabcb769b898816701.ctex
Loading resource: res://assets/architecture/stormglass/conditions/intact_sconce.png
Loading resource: res://.godot/imported/intact_sconce.png-0f16d2700ed93c13f6b96399cfaf19ac.ctex
TRANSITION_PROFILE from=room_009 to=room_008 physics_wait_ms=13.57 resource_ms=0.01 instantiate_ms=56.92 presentation_ms=0.94 fade_out_ms=155.97 fade_out_remainder_ms=84.13 fade_in_ms=146.17 total_ms=302.16
Loading resource: res://assets/characters/player_walk.png
Loading resource: res://.godot/imported/player_walk.png-d859f324b180e620b35176465490dc5b.ctex
Loading resource: res://assets/characters/player_run.png
Loading resource: res://.godot/imported/player_run.png-5e1ce216cbd5012d226154b2ece4de96.ctex
Loading resource: res://assets/characters/player_attack.png
Loading resource: res://.godot/imported/player_attack.png-4863c0bf2c0460d3acf05ba44fde6f12.ctex
Loading resource: res://assets/characters/player_hurt.png
Loading resource: res://.godot/imported/player_hurt.png-c4194612d851672462e70be083dfc07f.ctex
Loading resource: res://assets/characters/player_death.png
Loading resource: res://.godot/imported/player_death.png-c449be6e42ed0b63a564aca0303227d9.ctex
Loading resource: res://assets/characters/player_idle.png
Loading resource: res://.godot/imported/player_idle.png-57ac0c2f07b9c78d58884a3ea75b7817.ctex
Loading resource: res://assets/characters/player_walk.png
Loading resource: res://.godot/imported/player_walk.png-d859f324b180e620b35176465490dc5b.ctex
Loading resource: res://assets/characters/player_jump_start.png
Loading resource: res://.godot/imported/player_jump_start.png-31b8f78669a8f177025dfe4f1c97a7c8.ctex
Loading resource: res://assets/characters/player_jump.png
Loading resource: res://.godot/imported/player_jump.png-9a86ba95e37eabc7f640245357b986c1.ctex
Loading resource: res://assets/characters/player_fall.png
Loading resource: res://.godot/imported/player_fall.png-94cc22ab1c11bd32466bca9f5ab527db.ctex
Loading resource: res://assets/characters/player_land.png
Loading resource: res://.godot/imported/player_land.png-bf586b100a0da4f0aa95acb11fbc1f7d.ctex
Loading resource: res://assets/characters/player_dash.png
Loading resource: res://.godot/imported/player_dash.png-7ae88d1d170590815fc6d555ac1c1b62.ctex
Loading resource: res://assets/characters/player_air_dash.png
Loading resource: res://.godot/imported/player_air_dash.png-a17aeeea7ab8931b27ac07da8a9a7ff2.ctex
Loading resource: res://assets/characters/player_double_jump.png
Loading resource: res://.godot/imported/player_double_jump.png-2618f84677f00029c0b113f21f999b50.ctex
Loading resource: res://assets/characters/player_wall_slide.png
Loading resource: res://.godot/imported/player_wall_slide.png-5768614b71e9b3e0872f45ce5135734d.ctex
Loading resource: res://assets/characters/player_wall_jump.png
Loading resource: res://.godot/imported/player_wall_jump.png-30d156fc0d137391c640850602e5d41b.ctex
Loading resource: res://assets/characters/player_swim.png
Loading resource: res://.godot/imported/player_swim.png-183785111f8e5e270807e4b8d3b4c206.ctex
Loading resource: res://assets/characters/player_swim_idle.png
Loading resource: res://.godot/imported/player_swim_idle.png-5e9711526bd3abf4e7493d936b3c405c.ctex
Loading resource: res://assets/characters/player_attack_2.png
Loading resource: res://.godot/imported/player_attack_2.png-1c3f75e251b4adc983f5963fc1194ace.ctex
Loading resource: res://assets/characters/player_attack_3.png
Loading resource: res://.godot/imported/player_attack_3.png-a90ac90177309dd41c23d7a196b1ecc5.ctex
Loading resource: res://assets/characters/player_ground_slam_start.png
Loading resource: res://.godot/imported/player_ground_slam_start.png-35670b6c1cb5778bb4084d6cda5fca78.ctex
Loading resource: res://assets/characters/player_ground_slam_fall.png
Loading resource: res://.godot/imported/player_ground_slam_fall.png-1ad4ff118b2f4c88029b7f2bd3933c92.ctex
Loading resource: res://assets/characters/player_ground_slam_impact.png
Loading resource: res://.godot/imported/player_ground_slam_impact.png-df1883c04ae51799d954a523995e2d38.ctex
Loading resource: res://assets/characters/player_grapple.png
Loading resource: res://.godot/imported/player_grapple.png-c9312f27489134016e09b62924ccfc54.ctex
Loading resource: res://assets/characters/player_phase.png
Loading resource: res://.godot/imported/player_phase.png-3f765db36d4f954395040195c665afcc.ctex
Loading resource: res://assets/characters/player_respawn.png
Loading resource: res://.godot/imported/player_respawn.png-6711506d9e2421b29e0cf23ea3d836b5.ctex
Loading resource: res://assets/characters/player_interact.png
Loading resource: res://.godot/imported/player_interact.png-321dc2368f547749c59501183d04f4c3.ctex
Loading resource: res://assets/characters/player_ability_acquire.png
Loading resource: res://.godot/imported/player_ability_acquire.png-4b16c2516cf783e3158a3cf5318c7b80.ctex
Loading resource: res://assets/characters/player_idle.png
Loading resource: res://.godot/imported/player_idle.png-57ac0c2f07b9c78d58884a3ea75b7817.ctex
Loading resource: res://assets/characters/player_attack_2.png
Loading resource: res://.godot/imported/player_attack_2.png-1c3f75e251b4adc983f5963fc1194ace.ctex
Loading resource: res://assets/characters/player_attack_3.png
Loading resource: res://.godot/imported/player_attack_3.png-a90ac90177309dd41c23d7a196b1ecc5.ctex
Loading resource: res://scripts/shaders/water_surface.gdshader
JOURNEY_ROOM room_009
Loading resource: res://assets/props/biome_0/biome_0_prop_5.png
Loading resource: res://.godot/imported/biome_0_prop_5.png-bfec1b2adaa6e97f9e107371a92144db.ctex
Loading resource: res://assets/props/biome_0/biome_0_prop_0.png
Loading resource: res://.godot/imported/biome_0_prop_0.png-73e40292eac12b3c1912a289dc9715a2.ctex
Loading resource: res://assets/architecture/stormglass/conditions/intact_banner.png
Loading resource: res://.godot/imported/intact_banner.png-957bc4f953d63ff3ad3e1b8e2937c018.ctex
Loading resource: res://assets/architecture/stormglass/conditions/intact_statue.png
Loading resource: res://.godot/imported/intact_statue.png-3890a75d234b6e7db92c409a02ef8504.ctex
Loading resource: res://assets/architecture/stormglass/conditions/intact_sconce.png
Loading resource: res://.godot/imported/intact_sconce.png-0f16d2700ed93c13f6b96399cfaf19ac.ctex
TRANSITION_PROFILE from=room_008 to=room_009 physics_wait_ms=13.73 resource_ms=0.01 instantiate_ms=52.23 presentation_ms=1.07 fade_out_ms=145.95 fade_out_remainder_ms=78.59 fade_in_ms=167.21 total_ms=313.18
JOURNEY_PROGRESS {"attacks":25,"bosses":["boss_000"],"health":70.0,"player":[1032.67578125,863.925170898438],"room":"room_009","steps":10,"tMs":75466,"velocity":[280.0,0.0]}
Loading resource: res://assets/characters/player_walk.png
Loading resource: res://.godot/imported/player_walk.png-d859f324b180e620b35176465490dc5b.ctex
Loading resource: res://assets/characters/player_run.png
Loading resource: res://.godot/imported/player_run.png-5e1ce216cbd5012d226154b2ece4de96.ctex
Loading resource: res://assets/characters/player_attack.png
Loading resource: res://.godot/imported/player_attack.png-4863c0bf2c0460d3acf05ba44fde6f12.ctex
Loading resource: res://assets/characters/player_hurt.png
Loading resource: res://.godot/imported/player_hurt.png-c4194612d851672462e70be083dfc07f.ctex
Loading resource: res://assets/characters/player_death.png
Loading resource: res://.godot/imported/player_death.png-c449be6e42ed0b63a564aca0303227d9.ctex
Loading resource: res://assets/characters/player_idle.png
Loading resource: res://.godot/imported/player_idle.png-57ac0c2f07b9c78d58884a3ea75b7817.ctex
Loading resource: res://assets/characters/player_walk.png
Loading resource: res://.godot/imported/player_walk.png-d859f324b180e620b35176465490dc5b.ctex
Loading resource: res://assets/characters/player_jump_start.png
Loading resource: res://.godot/imported/player_jump_start.png-31b8f78669a8f177025dfe4f1c97a7c8.ctex
Loading resource: res://assets/characters/player_jump.png
Loading resource: res://.godot/imported/player_jump.png-9a86ba95e37eabc7f640245357b986c1.ctex
Loading resource: res://assets/characters/player_fall.png
Loading resource: res://.godot/imported/player_fall.png-94cc22ab1c11bd32466bca9f5ab527db.ctex
Loading resource: res://assets/characters/player_land.png
Loading resource: res://.godot/imported/player_land.png-bf586b100a0da4f0aa95acb11fbc1f7d.ctex
Loading resource: res://assets/characters/player_dash.png
Loading resource: res://.godot/imported/player_dash.png-7ae88d1d170590815fc6d555ac1c1b62.ctex
Loading resource: res://assets/characters/player_air_dash.png
Loading resource: res://.godot/imported/player_air_dash.png-a17aeeea7ab8931b27ac07da8a9a7ff2.ctex
Loading resource: res://assets/characters/player_double_jump.png
Loading resource: res://.godot/imported/player_double_jump.png-2618f84677f00029c0b113f21f999b50.ctex
Loading resource: res://assets/characters/player_wall_slide.png
Loading resource: res://.godot/imported/player_wall_slide.png-5768614b71e9b3e0872f45ce5135734d.ctex
Loading resource: res://assets/characters/player_wall_jump.png
Loading resource: res://.godot/imported/player_wall_jump.png-30d156fc0d137391c640850602e5d41b.ctex
Loading resource: res://assets/characters/player_swim.png
Loading resource: res://.godot/imported/player_swim.png-183785111f8e5e270807e4b8d3b4c206.ctex
Loading resource: res://assets/characters/player_swim_idle.png
Loading resource: res://.godot/imported/player_swim_idle.png-5e9711526bd3abf4e7493d936b3c405c.ctex
Loading resource: res://assets/characters/player_attack_2.png
Loading resource: res://.godot/imported/player_attack_2.png-1c3f75e251b4adc983f5963fc1194ace.ctex
Loading resource: res://assets/characters/player_attack_3.png
Loading resource: res://.godot/imported/player_attack_3.png-a90ac90177309dd41c23d7a196b1ecc5.ctex
Loading resource: res://assets/characters/player_ground_slam_start.png
Loading resource: res://.godot/imported/player_ground_slam_start.png-35670b6c1cb5778bb4084d6cda5fca78.ctex
Loading resource: res://assets/characters/player_ground_slam_fall.png
Loading resource: res://.godot/imported/player_ground_slam_fall.png-1ad4ff118b2f4c88029b7f2bd3933c92.ctex
Loading resource: res://assets/characters/player_ground_slam_impact.png
Loading resource: res://.godot/imported/player_ground_slam_impact.png-df1883c04ae51799d954a523995e2d38.ctex
Loading resource: res://assets/characters/player_grapple.png
Loading resource: res://.godot/imported/player_grapple.png-c9312f27489134016e09b62924ccfc54.ctex
Loading resource: res://assets/characters/player_phase.png
Loading resource: res://.godot/imported/player_phase.png-3f765db36d4f954395040195c665afcc.ctex
Loading resource: res://assets/characters/player_respawn.png
Loading resource: res://.godot/imported/player_respawn.png-6711506d9e2421b29e0cf23ea3d836b5.ctex
Loading resource: res://assets/characters/player_interact.png
Loading resource: res://.godot/imported/player_interact.png-321dc2368f547749c59501183d04f4c3.ctex
Loading resource: res://assets/characters/player_ability_acquire.png
Loading resource: res://.godot/imported/player_ability_acquire.png-4b16c2516cf783e3158a3cf5318c7b80.ctex
Loading resource: res://assets/characters/player_idle.png
Loading resource: res://.godot/imported/player_idle.png-57ac0c2f07b9c78d58884a3ea75b7817.ctex
Loading resource: res://assets/characters/player_attack_2.png
Loading resource: res://.godot/imported/player_attack_2.png-1c3f75e251b4adc983f5963fc1194ace.ctex
Loading resource: res://assets/characters/player_attack_3.png
Loading resource: res://.godot/imported/player_attack_3.png-a90ac90177309dd41c23d7a196b1ecc5.ctex
Loading resource: res://scripts/shaders/water_surface.gdshader
JOURNEY_ROOM room_010
load_threaded_get_status(): No threaded load for resource path 'res://scenes/rooms/room_011.tscn' has been initiated or its result has already been collected.
Loading resource: res://scenes/rooms/room_011.tscn
Loading resource: res://assets/props/biome_0/biome_0_prop_0.png
Loading resource: res://.godot/imported/biome_0_prop_0.png-73e40292eac12b3c1912a289dc9715a2.ctex
Loading resource: res://assets/props/biome_0/biome_0_prop_5.png
Loading resource: res://.godot/imported/biome_0_prop_5.png-bfec1b2adaa6e97f9e107371a92144db.ctex
Loading resource: res://assets/architecture/stormglass/conditions/flooded_roots.png
Loading resource: res://.godot/imported/flooded_roots.png-9007b0578f6c76a2f48d894c1556b5f5.ctex
Loading resource: res://assets/architecture/stormglass/conditions/flooded_waterline.png
Loading resource: res://.godot/imported/flooded_waterline.png-92dcba9013d524c992e4480d7f10a47a.ctex
Loading resource: res://assets/architecture/stormglass/conditions/flooded_puddle.png
Loading resource: res://.godot/imported/flooded_puddle.png-aad96cd15ef478f3403b9a6e34a0075f.ctex
TRANSITION_PROFILE from=room_009 to=room_010 physics_wait_ms=0.11 resource_ms=0.04 instantiate_ms=51.99 presentation_ms=1.07 fade_out_ms=149.63 fade_out_remainder_ms=95.55 fade_in_ms=132.77 total_ms=282.42
JOURNEY_PROGRESS {"attacks":25,"bosses":["boss_000"],"health":70.0,"player":[592.091918945313,671.841125488281],"room":"room_010","steps":11,"tMs":80477,"velocity":[220.0,501.666900634766]}
Loading resource: res://assets/characters/player_walk.png
Loading resource: res://.godot/imported/player_walk.png-d859f324b180e620b35176465490dc5b.ctex
Loading resource: res://assets/characters/player_run.png
Loading resource: res://.godot/imported/player_run.png-5e1ce216cbd5012d226154b2ece4de96.ctex
Loading resource: res://assets/characters/player_attack.png
Loading resource: res://.godot/imported/player_attack.png-4863c0bf2c0460d3acf05ba44fde6f12.ctex
Loading resource: res://assets/characters/player_hurt.png
Loading resource: res://.godot/imported/player_hurt.png-c4194612d851672462e70be083dfc07f.ctex
Loading resource: res://assets/characters/player_death.png
Loading resource: res://.godot/imported/player_death.png-c449be6e42ed0b63a564aca0303227d9.ctex
Loading resource: res://assets/characters/player_idle.png
Loading resource: res://.godot/imported/player_idle.png-57ac0c2f07b9c78d58884a3ea75b7817.ctex
Loading resource: res://assets/characters/player_walk.png
Loading resource: res://.godot/imported/player_walk.png-d859f324b180e620b35176465490dc5b.ctex
Loading resource: res://assets/characters/player_jump_start.png
Loading resource: res://.godot/imported/player_jump_start.png-31b8f78669a8f177025dfe4f1c97a7c8.ctex
Loading resource: res://assets/characters/player_jump.png
Loading resource: res://.godot/imported/player_jump.png-9a86ba95e37eabc7f640245357b986c1.ctex
Loading resource: res://assets/characters/player_fall.png
Loading resource: res://.godot/imported/player_fall.png-94cc22ab1c11bd32466bca9f5ab527db.ctex
Loading resource: res://assets/characters/player_land.png
Loading resource: res://.godot/imported/player_land.png-bf586b100a0da4f0aa95acb11fbc1f7d.ctex
Loading resource: res://assets/characters/player_dash.png
Loading resource: res://.godot/imported/player_dash.png-7ae88d1d170590815fc6d555ac1c1b62.ctex
Loading resource: res://assets/characters/player_air_dash.png
Loading resource: res://.godot/imported/player_air_dash.png-a17aeeea7ab8931b27ac07da8a9a7ff2.ctex
Loading resource: res://assets/characters/player_double_jump.png
Loading resource: res://.godot/imported/player_double_jump.png-2618f84677f00029c0b113f21f999b50.ctex
Loading resource: res://assets/characters/player_wall_slide.png
Loading resource: res://.godot/imported/player_wall_slide.png-5768614b71e9b3e0872f45ce5135734d.ctex
Loading resource: res://assets/characters/player_wall_jump.png
Loading resource: res://.godot/imported/player_wall_jump.png-30d156fc0d137391c640850602e5d41b.ctex
Loading resource: res://assets/characters/player_swim.png
Loading resource: res://.godot/imported/player_swim.png-183785111f8e5e270807e4b8d3b4c206.ctex
Loading resource: res://assets/characters/player_swim_idle.png
Loading resource: res://.godot/imported/player_swim_idle.png-5e9711526bd3abf4e7493d936b3c405c.ctex
Loading resource: res://assets/characters/player_attack_2.png
Loading resource: res://.godot/imported/player_attack_2.png-1c3f75e251b4adc983f5963fc1194ace.ctex
Loading resource: res://assets/characters/player_attack_3.png
Loading resource: res://.godot/imported/player_attack_3.png-a90ac90177309dd41c23d7a196b1ecc5.ctex
Loading resource: res://assets/characters/player_ground_slam_start.png
Loading resource: res://.godot/imported/player_ground_slam_start.png-35670b6c1cb5778bb4084d6cda5fca78.ctex
Loading resource: res://assets/characters/player_ground_slam_fall.png
Loading resource: res://.godot/imported/player_ground_slam_fall.png-1ad4ff118b2f4c88029b7f2bd3933c92.ctex
Loading resource: res://assets/characters/player_ground_slam_impact.png
Loading resource: res://.godot/imported/player_ground_slam_impact.png-df1883c04ae51799d954a523995e2d38.ctex
Loading resource: res://assets/characters/player_grapple.png
Loading resource: res://.godot/imported/player_grapple.png-c9312f27489134016e09b62924ccfc54.ctex
Loading resource: res://assets/characters/player_phase.png
Loading resource: res://.godot/imported/player_phase.png-3f765db36d4f954395040195c665afcc.ctex
Loading resource: res://assets/characters/player_respawn.png
Loading resource: res://.godot/imported/player_respawn.png-6711506d9e2421b29e0cf23ea3d836b5.ctex
Loading resource: res://assets/characters/player_interact.png
Loading resource: res://.godot/imported/player_interact.png-321dc2368f547749c59501183d04f4c3.ctex
Loading resource: res://assets/characters/player_ability_acquire.png
Loading resource: res://.godot/imported/player_ability_acquire.png-4b16c2516cf783e3158a3cf5318c7b80.ctex
Loading resource: res://assets/characters/player_idle.png
Loading resource: res://.godot/imported/player_idle.png-57ac0c2f07b9c78d58884a3ea75b7817.ctex
Loading resource: res://assets/characters/player_attack_2.png
Loading resource: res://.godot/imported/player_attack_2.png-1c3f75e251b4adc983f5963fc1194ace.ctex
Loading resource: res://assets/characters/player_attack_3.png
Loading resource: res://.godot/imported/player_attack_3.png-a90ac90177309dd41c23d7a196b1ecc5.ctex
Loading resource: res://assets/enemies/enemy_011_walk.png
Loading resource: res://.godot/imported/enemy_011_walk.png-a9510593bc730d444f91b3765ca1082c.ctex
Loading resource: res://assets/enemies/enemy_011_run.png
Loading resource: res://.godot/imported/enemy_011_run.png-320e6d4e641fac3f71b00005af96a458.ctex
Loading resource: res://assets/enemies/enemy_011_attack.png
Loading resource: res://.godot/imported/enemy_011_attack.png-67b3c60524bee7f804ca39ed5fd8158c.ctex
Loading resource: res://assets/enemies/enemy_011_hurt.png
Loading resource: res://.godot/imported/enemy_011_hurt.png-68b1aa5180302613e55f7ee22c6e4c08.ctex
Loading resource: res://assets/enemies/enemy_011_death.png
Loading resource: res://.godot/imported/enemy_011_death.png-e959dadf29278187744d04aba099ac3b.ctex
Loading resource: res://assets/enemies/enemy_000_idle.png
Loading resource: res://.godot/imported/enemy_000_idle.png-76c61c9d6383a2667495b6e586abbcc6.ctex
Loading resource: res://assets/enemies/enemy_011_idle.png
Loading resource: res://.godot/imported/enemy_011_idle.png-29cb357e6d4455b7647f0d42553be35e.ctex
Loading resource: res://assets/enemies/enemy_013_walk.png
Loading resource: res://.godot/imported/enemy_013_walk.png-5a20fc6f1f8adec204a8b068d8aea469.ctex
Loading resource: res://assets/enemies/enemy_013_run.png
Loading resource: res://.godot/imported/enemy_013_run.png-a50b8e8e5aebdb8573b2ad97fa6b2572.ctex
Loading resource: res://assets/enemies/enemy_013_attack.png
Loading resource: res://.godot/imported/enemy_013_attack.png-df23bd2f145339cc55b4e81530efaa8e.ctex
Loading resource: res://assets/enemies/enemy_013_hurt.png
Loading resource: res://.godot/imported/enemy_013_hurt.png-19ecae73a337a06fb1f7115b789512ab.ctex
Loading resource: res://assets/enemies/enemy_013_death.png
Loading resource: res://.godot/imported/enemy_013_death.png-0f594132362798e330303ed1a7e678af.ctex
Loading resource: res://assets/enemies/enemy_000_idle.png
Loading resource: res://.godot/imported/enemy_000_idle.png-76c61c9d6383a2667495b6e586abbcc6.ctex
Loading resource: res://assets/enemies/enemy_013_idle.png
Loading resource: res://.godot/imported/enemy_013_idle.png-7b8304f61dae4ba974b8f4c7650a3581.ctex
Loading resource: res://assets/enemies/enemy_015_walk.png
Loading resource: res://.godot/imported/enemy_015_walk.png-2e816a90bd410174be23b64cd1b93e4d.ctex
Loading resource: res://assets/enemies/enemy_015_run.png
Loading resource: res://.godot/imported/enemy_015_run.png-11e8e135e9fa27961b2202f7bddafdb9.ctex
Loading resource: res://assets/enemies/enemy_015_attack.png
Loading resource: res://.godot/imported/enemy_015_attack.png-26a34999b23f98c4a16add67fd48f8d6.ctex
Loading resource: res://assets/enemies/enemy_015_hurt.png
Loading resource: res://.godot/imported/enemy_015_hurt.png-f63484a262a2152bd340e45273767ee7.ctex
Loading resource: res://assets/enemies/enemy_015_death.png
Loading resource: res://.godot/imported/enemy_015_death.png-9f7b8d88d46620e2997b01045a6bdb87.ctex
Loading resource: res://assets/enemies/enemy_000_idle.png
Loading resource: res://.godot/imported/enemy_000_idle.png-76c61c9d6383a2667495b6e586abbcc6.ctex
Loading resource: res://assets/enemies/enemy_015_idle.png
Loading resource: res://.godot/imported/enemy_015_idle.png-abc2bb93ec30c2d93384792af092ee09.ctex
Loading resource: res://assets/enemies/enemy_017_walk.png
Loading resource: res://.godot/imported/enemy_017_walk.png-c9eef9c8853743370a960b9967800039.ctex
Loading resource: res://assets/enemies/enemy_017_run.png
Loading resource: res://.godot/imported/enemy_017_run.png-afa21e77096335216eaec1c4d5ec8426.ctex
Loading resource: res://assets/enemies/enemy_017_attack.png
Loading resource: res://.godot/imported/enemy_017_attack.png-2c656b42959e0b4e7a07b3b2d0d169cc.ctex
Loading resource: res://assets/enemies/enemy_017_hurt.png
Loading resource: res://.godot/imported/enemy_017_hurt.png-b55f859ba7da4854da32f8f3ee15995a.ctex
Loading resource: res://assets/enemies/enemy_017_death.png
Loading resource: res://.godot/imported/enemy_017_death.png-a8a95c50de66905016104648b6d31996.ctex
Loading resource: res://assets/enemies/enemy_000_idle.png
Loading resource: res://.godot/imported/enemy_000_idle.png-76c61c9d6383a2667495b6e586abbcc6.ctex
Loading resource: res://assets/enemies/enemy_017_idle.png
Loading resource: res://.godot/imported/enemy_017_idle.png-f1b9e784a786855f8d18c46b5170ec12.ctex
Loading resource: res://assets/enemies/enemy_019_walk.png
Loading resource: res://.godot/imported/enemy_019_walk.png-55189d8fc3078caea65ff07b827bfefe.ctex
Loading resource: res://assets/enemies/enemy_019_run.png
Loading resource: res://.godot/imported/enemy_019_run.png-e464c1cc7b16f891fbb9831baf4f573d.ctex
Loading resource: res://assets/enemies/enemy_019_attack.png
Loading resource: res://.godot/imported/enemy_019_attack.png-ef22248047c7eb09b80b7557ca8ac950.ctex
Loading resource: res://assets/enemies/enemy_019_hurt.png
Loading resource: res://.godot/imported/enemy_019_hurt.png-53783d98a1ff67a3064be3f6b6fcd6ab.ctex
Loading resource: res://assets/enemies/enemy_019_death.png
Loading resource: res://.godot/imported/enemy_019_death.png-c54d46b52f8ef8976f5b7fef31b07dd0.ctex
Loading resource: res://assets/enemies/enemy_000_idle.png
Loading resource: res://.godot/imported/enemy_000_idle.png-76c61c9d6383a2667495b6e586abbcc6.ctex
Loading resource: res://assets/enemies/enemy_019_idle.png
Loading resource: res://.godot/imported/enemy_019_idle.png-ac73f3527e4144092eb031cb426d5b1a.ctex
Loading resource: res://assets/enemies/enemy_001_walk.png
Loading resource: res://.godot/imported/enemy_001_walk.png-9cbabe5661b8752cdaff4753e2200256.ctex
Loading resource: res://assets/enemies/enemy_001_run.png
Loading resource: res://.godot/imported/enemy_001_run.png-4f611f7bb5a2ffde06b28c823530eb5c.ctex
Loading resource: res://assets/enemies/enemy_001_attack.png
Loading resource: res://.godot/imported/enemy_001_attack.png-43df2e5cdc90afbedaa0ede27bd2b2a6.ctex
Loading resource: res://assets/enemies/enemy_001_hurt.png
Loading resource: res://.godot/imported/enemy_001_hurt.png-8ccb5c6ff3b9e5c8f7713b8ee2725438.ctex
Loading resource: res://assets/enemies/enemy_001_death.png
Loading resource: res://.godot/imported/enemy_001_death.png-c9638a17eaf8fe038817d01d778ae7fe.ctex
Loading resource: res://assets/enemies/enemy_000_idle.png
Loading resource: res://.godot/imported/enemy_000_idle.png-76c61c9d6383a2667495b6e586abbcc6.ctex
Loading resource: res://assets/enemies/enemy_001_idle.png
Loading resource: res://.godot/imported/enemy_001_idle.png-461999063ed7a36ddceb5572d9b5c3a6.ctex
Loading resource: res://scripts/shaders/water_surface.gdshader
JOURNEY_ROOM room_011
load_threaded_get_status(): No threaded load for resource path 'res://scenes/rooms/room_012.tscn' has been initiated or its result has already been collected.
Loading resource: res://scenes/rooms/room_012.tscn
Loading resource: res://assets/props/biome_0/biome_0_prop_8.png
Loading resource: res://.godot/imported/biome_0_prop_8.png-b15de6f6b4655c20288f53adf905da33.ctex
Loading resource: res://assets/props/biome_0/biome_0_prop_0.png
Loading resource: res://.godot/imported/biome_0_prop_0.png-73e40292eac12b3c1912a289dc9715a2.ctex
Loading resource: res://assets/props/biome_0/biome_0_prop_5.png
Loading resource: res://.godot/imported/biome_0_prop_5.png-bfec1b2adaa6e97f9e107371a92144db.ctex
Loading resource: res://assets/architecture/stormglass/conditions/flooded_puddle.png
Loading resource: res://.godot/imported/flooded_puddle.png-aad96cd15ef478f3403b9a6e34a0075f.ctex
Loading resource: res://assets/architecture/stormglass/conditions/flooded_arch.png
Loading resource: res://.godot/imported/flooded_arch.png-5f5ba0162ea7c7999f31c4b9ac1a983c.ctex
TRANSITION_PROFILE from=room_010 to=room_011 physics_wait_ms=0.14 resource_ms=0.03 instantiate_ms=200.88 presentation_ms=1.12 fade_out_ms=308.56 fade_out_remainder_ms=105.71 fade_in_ms=139.20 total_ms=447.79
JOURNEY_PROGRESS {"attacks":26,"bosses":["boss_000"],"health":70.0,"player":[793.142944335938,1315.47412109375],"room":"room_011","steps":12,"tMs":85569,"velocity":[220.0,-135.333251953125]}
Loading resource: res://assets/characters/player_walk.png
Loading resource: res://.godot/imported/player_walk.png-d859f324b180e620b35176465490dc5b.ctex
Loading resource: res://assets/characters/player_run.png
Loading resource: res://.godot/imported/player_run.png-5e1ce216cbd5012d226154b2ece4de96.ctex
Loading resource: res://assets/characters/player_attack.png
Loading resource: res://.godot/imported/player_attack.png-4863c0bf2c0460d3acf05ba44fde6f12.ctex
Loading resource: res://assets/characters/player_hurt.png
Loading resource: res://.godot/imported/player_hurt.png-c4194612d851672462e70be083dfc07f.ctex
Loading resource: res://assets/characters/player_death.png
Loading resource: res://.godot/imported/player_death.png-c449be6e42ed0b63a564aca0303227d9.ctex
Loading resource: res://assets/characters/player_idle.png
Loading resource: res://.godot/imported/player_idle.png-57ac0c2f07b9c78d58884a3ea75b7817.ctex
Loading resource: res://assets/characters/player_walk.png
Loading resource: res://.godot/imported/player_walk.png-d859f324b180e620b35176465490dc5b.ctex
Loading resource: res://assets/characters/player_jump_start.png
Loading resource: res://.godot/imported/player_jump_start.png-31b8f78669a8f177025dfe4f1c97a7c8.ctex
Loading resource: res://assets/characters/player_jump.png
Loading resource: res://.godot/imported/player_jump.png-9a86ba95e37eabc7f640245357b986c1.ctex
Loading resource: res://assets/characters/player_fall.png
Loading resource: res://.godot/imported/player_fall.png-94cc22ab1c11bd32466bca9f5ab527db.ctex
Loading resource: res://assets/characters/player_land.png
Loading resource: res://.godot/imported/player_land.png-bf586b100a0da4f0aa95acb11fbc1f7d.ctex
Loading resource: res://assets/characters/player_dash.png
Loading resource: res://.godot/imported/player_dash.png-7ae88d1d170590815fc6d555ac1c1b62.ctex
Loading resource: res://assets/characters/player_air_dash.png
Loading resource: res://.godot/imported/player_air_dash.png-a17aeeea7ab8931b27ac07da8a9a7ff2.ctex
Loading resource: res://assets/characters/player_double_jump.png
Loading resource: res://.godot/imported/player_double_jump.png-2618f84677f00029c0b113f21f999b50.ctex
Loading resource: res://assets/characters/player_wall_slide.png
Loading resource: res://.godot/imported/player_wall_slide.png-5768614b71e9b3e0872f45ce5135734d.ctex
Loading resource: res://assets/characters/player_wall_jump.png
Loading resource: res://.godot/imported/player_wall_jump.png-30d156fc0d137391c640850602e5d41b.ctex
Loading resource: res://assets/characters/player_swim.png
Loading resource: res://.godot/imported/player_swim.png-183785111f8e5e270807e4b8d3b4c206.ctex
Loading resource: res://assets/characters/player_swim_idle.png
Loading resource: res://.godot/imported/player_swim_idle.png-5e9711526bd3abf4e7493d936b3c405c.ctex
Loading resource: res://assets/characters/player_attack_2.png
Loading resource: res://.godot/imported/player_attack_2.png-1c3f75e251b4adc983f5963fc1194ace.ctex
Loading resource: res://assets/characters/player_attack_3.png
Loading resource: res://.godot/imported/player_attack_3.png-a90ac90177309dd41c23d7a196b1ecc5.ctex
Loading resource: res://assets/characters/player_ground_slam_start.png
Loading resource: res://.godot/imported/player_ground_slam_start.png-35670b6c1cb5778bb4084d6cda5fca78.ctex
Loading resource: res://assets/characters/player_ground_slam_fall.png
Loading resource: res://.godot/imported/player_ground_slam_fall.png-1ad4ff118b2f4c88029b7f2bd3933c92.ctex
Loading resource: res://assets/characters/player_ground_slam_impact.png
Loading resource: res://.godot/imported/player_ground_slam_impact.png-df1883c04ae51799d954a523995e2d38.ctex
Loading resource: res://assets/characters/player_grapple.png
Loading resource: res://.godot/imported/player_grapple.png-c9312f27489134016e09b62924ccfc54.ctex
Loading resource: res://assets/characters/player_phase.png
Loading resource: res://.godot/imported/player_phase.png-3f765db36d4f954395040195c665afcc.ctex
Loading resource: res://assets/characters/player_respawn.png
Loading resource: res://.godot/imported/player_respawn.png-6711506d9e2421b29e0cf23ea3d836b5.ctex
Loading resource: res://assets/characters/player_interact.png
Loading resource: res://.godot/imported/player_interact.png-321dc2368f547749c59501183d04f4c3.ctex
Loading resource: res://assets/characters/player_ability_acquire.png
Loading resource: res://.godot/imported/player_ability_acquire.png-4b16c2516cf783e3158a3cf5318c7b80.ctex
Loading resource: res://assets/characters/player_idle.png
Loading resource: res://.godot/imported/player_idle.png-57ac0c2f07b9c78d58884a3ea75b7817.ctex
Loading resource: res://assets/characters/player_attack_2.png
Loading resource: res://.godot/imported/player_attack_2.png-1c3f75e251b4adc983f5963fc1194ace.ctex
Loading resource: res://assets/characters/player_attack_3.png
Loading resource: res://.godot/imported/player_attack_3.png-a90ac90177309dd41c23d7a196b1ecc5.ctex
Loading resource: res://assets/enemies/enemy_012_walk.png
Loading resource: res://.godot/imported/enemy_012_walk.png-62e7414a7266c5cf94c2003ef4a3b94b.ctex
Loading resource: res://assets/enemies/enemy_012_run.png
Loading resource: res://.godot/imported/enemy_012_run.png-1f9e08e12da9677b9337c84f83c18b43.ctex
Loading resource: res://assets/enemies/enemy_012_attack.png
Loading resource: res://.godot/imported/enemy_012_attack.png-47147e1ce9ab9c9e3407ab421e50eed0.ctex
Loading resource: res://assets/enemies/enemy_012_hurt.png
Loading resource: res://.godot/imported/enemy_012_hurt.png-42042ca427fbd6331ae0337e4a206f30.ctex
Loading resource: res://assets/enemies/enemy_012_death.png
Loading resource: res://.godot/imported/enemy_012_death.png-6549e7a6263d2c52ee1b128b11f6c641.ctex
Loading resource: res://assets/enemies/enemy_000_idle.png
Loading resource: res://.godot/imported/enemy_000_idle.png-76c61c9d6383a2667495b6e586abbcc6.ctex
Loading resource: res://assets/enemies/enemy_012_idle.png
Loading resource: res://.godot/imported/enemy_012_idle.png-bf0b4a14275a930182566e727c524125.ctex
Loading resource: res://assets/enemies/enemy_014_walk.png
Loading resource: res://.godot/imported/enemy_014_walk.png-e4e99f5523c829dc486c2602f3fd26e6.ctex
Loading resource: res://assets/enemies/enemy_014_run.png
Loading resource: res://.godot/imported/enemy_014_run.png-b9a13f7a1d346b5e4493514b712fa763.ctex
Loading resource: res://assets/enemies/enemy_014_attack.png
Loading resource: res://.godot/imported/enemy_014_attack.png-2b0b92f5c3650777227f14affb3b930d.ctex
Loading resource: res://assets/enemies/enemy_014_hurt.png
Loading resource: res://.godot/imported/enemy_014_hurt.png-ba1d9599bb035eecffeb214f78848b16.ctex
Loading resource: res://assets/enemies/enemy_014_death.png
Loading resource: res://.godot/imported/enemy_014_death.png-694ff31c7a38ea53443a77058656cdf6.ctex
Loading resource: res://assets/enemies/enemy_000_idle.png
Loading resource: res://.godot/imported/enemy_000_idle.png-76c61c9d6383a2667495b6e586abbcc6.ctex
Loading resource: res://assets/enemies/enemy_014_idle.png
Loading resource: res://.godot/imported/enemy_014_idle.png-bf12a00d5cef957634a525669678bcd5.ctex
Loading resource: res://scripts/shaders/water_surface.gdshader
JOURNEY_ROOM room_012
load_threaded_get_status(): No threaded load for resource path 'res://scenes/rooms/room_013.tscn' has been initiated or its result has already been collected.
Loading resource: res://scenes/rooms/room_013.tscn
Loading resource: res://assets/props/biome_0/biome_0_prop_4.png
Loading resource: res://.godot/imported/biome_0_prop_4.png-3e477cd9fd333a2f7bb1206d873841a1.ctex
Loading resource: res://assets/props/biome_0/biome_0_prop_3.png
Loading resource: res://.godot/imported/biome_0_prop_3.png-73daeec458904d2d8774f8d068ddf645.ctex
Loading resource: res://assets/props/biome_0/biome_0_prop_5.png
Loading resource: res://.godot/imported/biome_0_prop_5.png-bfec1b2adaa6e97f9e107371a92144db.ctex
Loading resource: res://assets/architecture/stormglass/conditions/flooded_waterline.png
Loading resource: res://.godot/imported/flooded_waterline.png-92dcba9013d524c992e4480d7f10a47a.ctex
Loading resource: res://assets/architecture/stormglass/conditions/flooded_roots.png
Loading resource: res://.godot/imported/flooded_roots.png-9007b0578f6c76a2f48d894c1556b5f5.ctex
TRANSITION_PROFILE from=room_011 to=room_012 physics_wait_ms=0.10 resource_ms=0.02 instantiate_ms=94.05 presentation_ms=1.07 fade_out_ms=139.88 fade_out_remainder_ms=43.93 fade_in_ms=140.49 total_ms=280.39
JOURNEY_PROGRESS {"attacks":29,"bosses":["boss_000"],"health":70.0,"player":[817.676391601563,2075.30737304688],"room":"room_012","steps":13,"tMs":90576,"velocity":[220.0,-20.9999103546143]}
Loading resource: res://assets/characters/player_walk.png
Loading resource: res://.godot/imported/player_walk.png-d859f324b180e620b35176465490dc5b.ctex
Loading resource: res://assets/characters/player_run.png
Loading resource: res://.godot/imported/player_run.png-5e1ce216cbd5012d226154b2ece4de96.ctex
Loading resource: res://assets/characters/player_attack.png
Loading resource: res://.godot/imported/player_attack.png-4863c0bf2c0460d3acf05ba44fde6f12.ctex
Loading resource: res://assets/characters/player_hurt.png
Loading resource: res://.godot/imported/player_hurt.png-c4194612d851672462e70be083dfc07f.ctex
Loading resource: res://assets/characters/player_death.png
Loading resource: res://.godot/imported/player_death.png-c449be6e42ed0b63a564aca0303227d9.ctex
Loading resource: res://assets/characters/player_idle.png
Loading resource: res://.godot/imported/player_idle.png-57ac0c2f07b9c78d58884a3ea75b7817.ctex
Loading resource: res://assets/characters/player_walk.png
Loading resource: res://.godot/imported/player_walk.png-d859f324b180e620b35176465490dc5b.ctex
Loading resource: res://assets/characters/player_jump_start.png
Loading resource: res://.godot/imported/player_jump_start.png-31b8f78669a8f177025dfe4f1c97a7c8.ctex
Loading resource: res://assets/characters/player_jump.png
Loading resource: res://.godot/imported/player_jump.png-9a86ba95e37eabc7f640245357b986c1.ctex
Loading resource: res://assets/characters/player_fall.png
Loading resource: res://.godot/imported/player_fall.png-94cc22ab1c11bd32466bca9f5ab527db.ctex
Loading resource: res://assets/characters/player_land.png
Loading resource: res://.godot/imported/player_land.png-bf586b100a0da4f0aa95acb11fbc1f7d.ctex
Loading resource: res://assets/characters/player_dash.png
Loading resource: res://.godot/imported/player_dash.png-7ae88d1d170590815fc6d555ac1c1b62.ctex
Loading resource: res://assets/characters/player_air_dash.png
Loading resource: res://.godot/imported/player_air_dash.png-a17aeeea7ab8931b27ac07da8a9a7ff2.ctex
Loading resource: res://assets/characters/player_double_jump.png
Loading resource: res://.godot/imported/player_double_jump.png-2618f84677f00029c0b113f21f999b50.ctex
Loading resource: res://assets/characters/player_wall_slide.png
Loading resource: res://.godot/imported/player_wall_slide.png-5768614b71e9b3e0872f45ce5135734d.ctex
Loading resource: res://assets/characters/player_wall_jump.png
Loading resource: res://.godot/imported/player_wall_jump.png-30d156fc0d137391c640850602e5d41b.ctex
Loading resource: res://assets/characters/player_swim.png
Loading resource: res://.godot/imported/player_swim.png-183785111f8e5e270807e4b8d3b4c206.ctex
Loading resource: res://assets/characters/player_swim_idle.png
Loading resource: res://.godot/imported/player_swim_idle.png-5e9711526bd3abf4e7493d936b3c405c.ctex
Loading resource: res://assets/characters/player_attack_2.png
Loading resource: res://.godot/imported/player_attack_2.png-1c3f75e251b4adc983f5963fc1194ace.ctex
Loading resource: res://assets/characters/player_attack_3.png
Loading resource: res://.godot/imported/player_attack_3.png-a90ac90177309dd41c23d7a196b1ecc5.ctex
Loading resource: res://assets/characters/player_ground_slam_start.png
Loading resource: res://.godot/imported/player_ground_slam_start.png-35670b6c1cb5778bb4084d6cda5fca78.ctex
Loading resource: res://assets/characters/player_ground_slam_fall.png
Loading resource: res://.godot/imported/player_ground_slam_fall.png-1ad4ff118b2f4c88029b7f2bd3933c92.ctex
Loading resource: res://assets/characters/player_ground_slam_impact.png
Loading resource: res://.godot/imported/player_ground_slam_impact.png-df1883c04ae51799d954a523995e2d38.ctex
Loading resource: res://assets/characters/player_grapple.png
Loading resource: res://.godot/imported/player_grapple.png-c9312f27489134016e09b62924ccfc54.ctex
Loading resource: res://assets/characters/player_phase.png
Loading resource: res://.godot/imported/player_phase.png-3f765db36d4f954395040195c665afcc.ctex
Loading resource: res://assets/characters/player_respawn.png
Loading resource: res://.godot/imported/player_respawn.png-6711506d9e2421b29e0cf23ea3d836b5.ctex
Loading resource: res://assets/characters/player_interact.png
Loading resource: res://.godot/imported/player_interact.png-321dc2368f547749c59501183d04f4c3.ctex
Loading resource: res://assets/characters/player_ability_acquire.png
Loading resource: res://.godot/imported/player_ability_acquire.png-4b16c2516cf783e3158a3cf5318c7b80.ctex
Loading resource: res://assets/characters/player_idle.png
Loading resource: res://.godot/imported/player_idle.png-57ac0c2f07b9c78d58884a3ea75b7817.ctex
Loading resource: res://assets/characters/player_attack_2.png
Loading resource: res://.godot/imported/player_attack_2.png-1c3f75e251b4adc983f5963fc1194ace.ctex
Loading resource: res://assets/characters/player_attack_3.png
Loading resource: res://.godot/imported/player_attack_3.png-a90ac90177309dd41c23d7a196b1ecc5.ctex
Loading resource: res://assets/props/interact/ability.png
Loading resource: res://.godot/imported/ability.png-5e6c3b0f92cd7de4560df50f88c083ea.ctex
Loading resource: res://scripts/shaders/water_surface.gdshader
JOURNEY_ROOM room_013
load_threaded_get_status(): No threaded load for resource path 'res://scenes/rooms/room_014.tscn' has been initiated or its result has already been collected.
Loading resource: res://scenes/rooms/room_014.tscn
Loading resource: res://assets/architecture/stormglass/floor_strip.png
Loading resource: res://.godot/imported/floor_strip.png-3127571388846079ee6d000228c9a69d.ctex
Loading resource: res://assets/props/biome_0/biome_0_prop_11.png
Loading resource: res://.godot/imported/biome_0_prop_11.png-ed2bd5641f011f7120f0ef6865d5fcc7.ctex
Loading resource: res://assets/props/biome_0/biome_0_prop_6.png
Loading resource: res://.godot/imported/biome_0_prop_6.png-f1219e3c174ea13acd6cd2cbc22eafed.ctex
Loading resource: res://assets/architecture/stormglass/conditions/flooded_arch.png
Loading resource: res://.godot/imported/flooded_arch.png-5f5ba0162ea7c7999f31c4b9ac1a983c.ctex
Loading resource: res://assets/architecture/stormglass/conditions/flooded_puddle.png
Loading resource: res://.godot/imported/flooded_puddle.png-aad96cd15ef478f3403b9a6e34a0075f.ctex
Loading resource: res://assets/architecture/stormglass/conditions/flooded_roots.png
Loading resource: res://.godot/imported/flooded_roots.png-9007b0578f6c76a2f48d894c1556b5f5.ctex
TRANSITION_PROFILE from=room_012 to=room_013 physics_wait_ms=0.17 resource_ms=0.04 instantiate_ms=56.82 presentation_ms=1.11 fade_out_ms=157.85 fade_out_remainder_ms=98.94 fade_in_ms=132.25 total_ms=290.14
JOURNEY_PROGRESS {"attacks":29,"bosses":["boss_000"],"health":70.0,"player":[1210.20593261719,908.007690429688],"room":"room_013","steps":14,"tMs":95581,"velocity":[245.0,-478.333343505859]}
Loading resource: res://assets/characters/player_walk.png
Loading resource: res://.godot/imported/player_walk.png-d859f324b180e620b35176465490dc5b.ctex
Loading resource: res://assets/characters/player_run.png
Loading resource: res://.godot/imported/player_run.png-5e1ce216cbd5012d226154b2ece4de96.ctex
Loading resource: res://assets/characters/player_attack.png
Loading resource: res://.godot/imported/player_attack.png-4863c0bf2c0460d3acf05ba44fde6f12.ctex
Loading resource: res://assets/characters/player_hurt.png
Loading resource: res://.godot/imported/player_hurt.png-c4194612d851672462e70be083dfc07f.ctex
Loading resource: res://assets/characters/player_death.png
Loading resource: res://.godot/imported/player_death.png-c449be6e42ed0b63a564aca0303227d9.ctex
Loading resource: res://assets/characters/player_idle.png
Loading resource: res://.godot/imported/player_idle.png-57ac0c2f07b9c78d58884a3ea75b7817.ctex
Loading resource: res://assets/characters/player_walk.png
Loading resource: res://.godot/imported/player_walk.png-d859f324b180e620b35176465490dc5b.ctex
Loading resource: res://assets/characters/player_jump_start.png
Loading resource: res://.godot/imported/player_jump_start.png-31b8f78669a8f177025dfe4f1c97a7c8.ctex
Loading resource: res://assets/characters/player_jump.png
Loading resource: res://.godot/imported/player_jump.png-9a86ba95e37eabc7f640245357b986c1.ctex
Loading resource: res://assets/characters/player_fall.png
Loading resource: res://.godot/imported/player_fall.png-94cc22ab1c11bd32466bca9f5ab527db.ctex
Loading resource: res://assets/characters/player_land.png
Loading resource: res://.godot/imported/player_land.png-bf586b100a0da4f0aa95acb11fbc1f7d.ctex
Loading resource: res://assets/characters/player_dash.png
Loading resource: res://.godot/imported/player_dash.png-7ae88d1d170590815fc6d555ac1c1b62.ctex
Loading resource: res://assets/characters/player_air_dash.png
Loading resource: res://.godot/imported/player_air_dash.png-a17aeeea7ab8931b27ac07da8a9a7ff2.ctex
Loading resource: res://assets/characters/player_double_jump.png
Loading resource: res://.godot/imported/player_double_jump.png-2618f84677f00029c0b113f21f999b50.ctex
Loading resource: res://assets/characters/player_wall_slide.png
Loading resource: res://.godot/imported/player_wall_slide.png-5768614b71e9b3e0872f45ce5135734d.ctex
Loading resource: res://assets/characters/player_wall_jump.png
Loading resource: res://.godot/imported/player_wall_jump.png-30d156fc0d137391c640850602e5d41b.ctex
Loading resource: res://assets/characters/player_swim.png
Loading resource: res://.godot/imported/player_swim.png-183785111f8e5e270807e4b8d3b4c206.ctex
Loading resource: res://assets/characters/player_swim_idle.png
Loading resource: res://.godot/imported/player_swim_idle.png-5e9711526bd3abf4e7493d936b3c405c.ctex
Loading resource: res://assets/characters/player_attack_2.png
Loading resource: res://.godot/imported/player_attack_2.png-1c3f75e251b4adc983f5963fc1194ace.ctex
Loading resource: res://assets/characters/player_attack_3.png
Loading resource: res://.godot/imported/player_attack_3.png-a90ac90177309dd41c23d7a196b1ecc5.ctex
Loading resource: res://assets/characters/player_ground_slam_start.png
Loading resource: res://.godot/imported/player_ground_slam_start.png-35670b6c1cb5778bb4084d6cda5fca78.ctex
Loading resource: res://assets/characters/player_ground_slam_fall.png
Loading resource: res://.godot/imported/player_ground_slam_fall.png-1ad4ff118b2f4c88029b7f2bd3933c92.ctex
Loading resource: res://assets/characters/player_ground_slam_impact.png
Loading resource: res://.godot/imported/player_ground_slam_impact.png-df1883c04ae51799d954a523995e2d38.ctex
Loading resource: res://assets/characters/player_grapple.png
Loading resource: res://.godot/imported/player_grapple.png-c9312f27489134016e09b62924ccfc54.ctex
Loading resource: res://assets/characters/player_phase.png
Loading resource: res://.godot/imported/player_phase.png-3f765db36d4f954395040195c665afcc.ctex
Loading resource: res://assets/characters/player_respawn.png
Loading resource: res://.godot/imported/player_respawn.png-6711506d9e2421b29e0cf23ea3d836b5.ctex
Loading resource: res://assets/characters/player_interact.png
Loading resource: res://.godot/imported/player_interact.png-321dc2368f547749c59501183d04f4c3.ctex
Loading resource: res://assets/characters/player_ability_acquire.png
Loading resource: res://.godot/imported/player_ability_acquire.png-4b16c2516cf783e3158a3cf5318c7b80.ctex
Loading resource: res://assets/characters/player_idle.png
Loading resource: res://.godot/imported/player_idle.png-57ac0c2f07b9c78d58884a3ea75b7817.ctex
Loading resource: res://assets/characters/player_attack_2.png
Loading resource: res://.godot/imported/player_attack_2.png-1c3f75e251b4adc983f5963fc1194ace.ctex
Loading resource: res://assets/characters/player_attack_3.png
Loading resource: res://.godot/imported/player_attack_3.png-a90ac90177309dd41c23d7a196b1ecc5.ctex
Loading resource: res://assets/enemies/enemy_014_walk.png
Loading resource: res://.godot/imported/enemy_014_walk.png-e4e99f5523c829dc486c2602f3fd26e6.ctex
Loading resource: res://assets/enemies/enemy_014_run.png
Loading resource: res://.godot/imported/enemy_014_run.png-b9a13f7a1d346b5e4493514b712fa763.ctex
Loading resource: res://assets/enemies/enemy_014_attack.png
Loading resource: res://.godot/imported/enemy_014_attack.png-2b0b92f5c3650777227f14affb3b930d.ctex
Loading resource: res://assets/enemies/enemy_014_hurt.png
Loading resource: res://.godot/imported/enemy_014_hurt.png-ba1d9599bb035eecffeb214f78848b16.ctex
Loading resource: res://assets/enemies/enemy_014_death.png
Loading resource: res://.godot/imported/enemy_014_death.png-694ff31c7a38ea53443a77058656cdf6.ctex
Loading resource: res://assets/enemies/enemy_000_idle.png
Loading resource: res://.godot/imported/enemy_000_idle.png-76c61c9d6383a2667495b6e586abbcc6.ctex
Loading resource: res://assets/enemies/enemy_014_idle.png
Loading resource: res://.godot/imported/enemy_014_idle.png-bf12a00d5cef957634a525669678bcd5.ctex
Loading resource: res://assets/enemies/enemy_016_walk.png
Loading resource: res://.godot/imported/enemy_016_walk.png-8e84cb9152fcb6cf6f6fa332c589c02c.ctex
Loading resource: res://assets/enemies/enemy_016_run.png
Loading resource: res://.godot/imported/enemy_016_run.png-ab4076937512cdcd55bfc8e9a068f2c7.ctex
Loading resource: res://assets/enemies/enemy_016_attack.png
Loading resource: res://.godot/imported/enemy_016_attack.png-131e7feb362a63e6cf2ba4191ef21a8f.ctex
Loading resource: res://assets/enemies/enemy_016_hurt.png
Loading resource: res://.godot/imported/enemy_016_hurt.png-370c1bfa96d7a71c8e2b1a190a2d7db8.ctex
Loading resource: res://assets/enemies/enemy_016_death.png
Loading resource: res://.godot/imported/enemy_016_death.png-c8b93bc23d791c963923dda0c8fd61ea.ctex
Loading resource: res://assets/enemies/enemy_000_idle.png
Loading resource: res://.godot/imported/enemy_000_idle.png-76c61c9d6383a2667495b6e586abbcc6.ctex
Loading resource: res://assets/enemies/enemy_016_idle.png
Loading resource: res://.godot/imported/enemy_016_idle.png-919ba0d005ff70ad27c621d1cbd2e695.ctex
Loading resource: res://assets/enemies/enemy_018_walk.png
Loading resource: res://.godot/imported/enemy_018_walk.png-307c01d2a4d71e7597b6be8bb3e2da1e.ctex
Loading resource: res://assets/enemies/enemy_018_run.png
Loading resource: res://.godot/imported/enemy_018_run.png-5ff792a063ff1c1bf8a1d7f9eafaf077.ctex
Loading resource: res://assets/enemies/enemy_018_attack.png
Loading resource: res://.godot/imported/enemy_018_attack.png-b0fbf3a00718c77ee2c0d005288aaf38.ctex
Loading resource: res://assets/enemies/enemy_018_hurt.png
Loading resource: res://.godot/imported/enemy_018_hurt.png-f66711008ed1c9a2c25bd7634811fcba.ctex
Loading resource: res://assets/enemies/enemy_018_death.png
Loading resource: res://.godot/imported/enemy_018_death.png-09a099bf051b3e75f23a8605b89d4c3e.ctex
Loading resource: res://assets/enemies/enemy_000_idle.png
Loading resource: res://.godot/imported/enemy_000_idle.png-76c61c9d6383a2667495b6e586abbcc6.ctex
Loading resource: res://assets/enemies/enemy_018_idle.png
Loading resource: res://.godot/imported/enemy_018_idle.png-f2becea014807c5c9410cbf270822b54.ctex
Loading resource: res://assets/enemies/enemy_000_walk.png
Loading resource: res://.godot/imported/enemy_000_walk.png-b9934c5e5e1e3d2bcb09e4bb327e10e6.ctex
Loading resource: res://assets/enemies/enemy_000_run.png
Loading resource: res://.godot/imported/enemy_000_run.png-45edd7b3a3989eff3ac61d05d1e55295.ctex
Loading resource: res://assets/enemies/enemy_000_attack.png
Loading resource: res://.godot/imported/enemy_000_attack.png-3a0f7e3e71e8f09be1e3929a8fb9c16d.ctex
Loading resource: res://assets/enemies/enemy_000_hurt.png
Loading resource: res://.godot/imported/enemy_000_hurt.png-3acd4001a04d6d66beda720e1a6261a7.ctex
Loading resource: res://assets/enemies/enemy_000_death.png
Loading resource: res://.godot/imported/enemy_000_death.png-8b3e61caded7d7c2022f684297d5a61d.ctex
Loading resource: res://assets/enemies/enemy_000_idle.png
Loading resource: res://.godot/imported/enemy_000_idle.png-76c61c9d6383a2667495b6e586abbcc6.ctex
Loading resource: res://assets/enemies/enemy_000_idle.png
Loading resource: res://.godot/imported/enemy_000_idle.png-76c61c9d6383a2667495b6e586abbcc6.ctex
Loading resource: res://assets/enemies/enemy_002_walk.png
Loading resource: res://.godot/imported/enemy_002_walk.png-b417e82ff4a62fbbd0f62cef74c9fc96.ctex
Loading resource: res://assets/enemies/enemy_002_run.png
Loading resource: res://.godot/imported/enemy_002_run.png-df3913afec5e0e6f685d7fbdaba05b97.ctex
Loading resource: res://assets/enemies/enemy_002_attack.png
Loading resource: res://.godot/imported/enemy_002_attack.png-98f181f8445163967a847a4b21772e45.ctex
Loading resource: res://assets/enemies/enemy_002_hurt.png
Loading resource: res://.godot/imported/enemy_002_hurt.png-025717c52c6c38c8f632bc68fc760ba3.ctex
Loading resource: res://assets/enemies/enemy_002_death.png
Loading resource: res://.godot/imported/enemy_002_death.png-804c574e58e725364625bd6d2c2d3ac8.ctex
Loading resource: res://assets/enemies/enemy_000_idle.png
Loading resource: res://.godot/imported/enemy_000_idle.png-76c61c9d6383a2667495b6e586abbcc6.ctex
Loading resource: res://assets/enemies/enemy_002_idle.png
Loading resource: res://.godot/imported/enemy_002_idle.png-cb65520f1f23691a5ffb0a3b175c18c2.ctex
Loading resource: res://assets/enemies/enemy_002_fly.png
Loading resource: res://.godot/imported/enemy_002_fly.png-54f1dc9fe3e91d3316c43f2b3537eae9.ctex
Loading resource: res://assets/enemies/enemy_004_walk.png
Loading resource: res://.godot/imported/enemy_004_walk.png-64ff563a90a3d9c1d878114fd0b0f5ea.ctex
Loading resource: res://assets/enemies/enemy_004_run.png
Loading resource: res://.godot/imported/enemy_004_run.png-91e69725e5e86b29d07025f92f93eece.ctex
Loading resource: res://assets/enemies/enemy_004_attack.png
Loading resource: res://.godot/imported/enemy_004_attack.png-b408692943f11c1ff6d5a8239bf08656.ctex
Loading resource: res://assets/enemies/enemy_004_hurt.png
Loading resource: res://.godot/imported/enemy_004_hurt.png-83764096931c835d327c412380864c82.ctex
Loading resource: res://assets/enemies/enemy_004_death.png
Loading resource: res://.godot/imported/enemy_004_death.png-fe3863f1e7d21399c8e8405730166192.ctex
Loading resource: res://assets/enemies/enemy_000_idle.png
Loading resource: res://.godot/imported/enemy_000_idle.png-76c61c9d6383a2667495b6e586abbcc6.ctex
Loading resource: res://assets/enemies/enemy_004_idle.png
Loading resource: res://.godot/imported/enemy_004_idle.png-c29b5860ea7fddbfbc24d7eb5f50da5f.ctex
Loading resource: res://scripts/shaders/water_surface.gdshader
JOURNEY_ROOM room_014
load_threaded_get_status(): No threaded load for resource path 'res://scenes/rooms/room_015.tscn' has been initiated or its result has already been collected.
Loading resource: res://scenes/rooms/room_015.tscn
Loading resource: res://assets/props/biome_0/biome_0_prop_8.png
Loading resource: res://.godot/imported/biome_0_prop_8.png-b15de6f6b4655c20288f53adf905da33.ctex
Loading resource: res://assets/props/biome_0/biome_0_prop_0.png
Loading resource: res://.godot/imported/biome_0_prop_0.png-73e40292eac12b3c1912a289dc9715a2.ctex
Loading resource: res://assets/props/biome_0/biome_0_prop_5.png
Loading resource: res://.godot/imported/biome_0_prop_5.png-bfec1b2adaa6e97f9e107371a92144db.ctex
Loading resource: res://assets/architecture/stormglass/conditions/flooded_roots.png
Loading resource: res://.godot/imported/flooded_roots.png-9007b0578f6c76a2f48d894c1556b5f5.ctex
Loading resource: res://assets/architecture/stormglass/conditions/flooded_waterline.png
Loading resource: res://.godot/imported/flooded_waterline.png-92dcba9013d524c992e4480d7f10a47a.ctex
Loading resource: res://assets/architecture/stormglass/conditions/flooded_puddle.png
Loading resource: res://.godot/imported/flooded_puddle.png-aad96cd15ef478f3403b9a6e34a0075f.ctex
TRANSITION_PROFILE from=room_013 to=room_014 physics_wait_ms=0.11 resource_ms=0.02 instantiate_ms=162.25 presentation_ms=4.46 fade_out_ms=290.12 fade_out_remainder_ms=122.46 fade_in_ms=30.72 total_ms=320.86
JOURNEY_PROGRESS {"attacks":31,"bosses":["boss_000"],"health":70.0,"player":[1356.77001953125,1318.77990722656],"room":"room_014","steps":15,"tMs":100586,"velocity":[220.0,142.333435058594]}
Loading resource: res://assets/characters/player_walk.png
Loading resource: res://.godot/imported/player_walk.png-d859f324b180e620b35176465490dc5b.ctex
Loading resource: res://assets/characters/player_run.png
Loading resource: res://.godot/imported/player_run.png-5e1ce216cbd5012d226154b2ece4de96.ctex
Loading resource: res://assets/characters/player_attack.png
Loading resource: res://.godot/imported/player_attack.png-4863c0bf2c0460d3acf05ba44fde6f12.ctex
Loading resource: res://assets/characters/player_hurt.png
Loading resource: res://.godot/imported/player_hurt.png-c4194612d851672462e70be083dfc07f.ctex
Loading resource: res://assets/characters/player_death.png
Loading resource: res://.godot/imported/player_death.png-c449be6e42ed0b63a564aca0303227d9.ctex
Loading resource: res://assets/characters/player_idle.png
Loading resource: res://.godot/imported/player_idle.png-57ac0c2f07b9c78d58884a3ea75b7817.ctex
Loading resource: res://assets/characters/player_walk.png
Loading resource: res://.godot/imported/player_walk.png-d859f324b180e620b35176465490dc5b.ctex
Loading resource: res://assets/characters/player_jump_start.png
Loading resource: res://.godot/imported/player_jump_start.png-31b8f78669a8f177025dfe4f1c97a7c8.ctex
Loading resource: res://assets/characters/player_jump.png
Loading resource: res://.godot/imported/player_jump.png-9a86ba95e37eabc7f640245357b986c1.ctex
Loading resource: res://assets/characters/player_fall.png
Loading resource: res://.godot/imported/player_fall.png-94cc22ab1c11bd32466bca9f5ab527db.ctex
Loading resource: res://assets/characters/player_land.png
Loading resource: res://.godot/imported/player_land.png-bf586b100a0da4f0aa95acb11fbc1f7d.ctex
Loading resource: res://assets/characters/player_dash.png
Loading resource: res://.godot/imported/player_dash.png-7ae88d1d170590815fc6d555ac1c1b62.ctex
Loading resource: res://assets/characters/player_air_dash.png
Loading resource: res://.godot/imported/player_air_dash.png-a17aeeea7ab8931b27ac07da8a9a7ff2.ctex
Loading resource: res://assets/characters/player_double_jump.png
Loading resource: res://.godot/imported/player_double_jump.png-2618f84677f00029c0b113f21f999b50.ctex
Loading resource: res://assets/characters/player_wall_slide.png
Loading resource: res://.godot/imported/player_wall_slide.png-5768614b71e9b3e0872f45ce5135734d.ctex
Loading resource: res://assets/characters/player_wall_jump.png
Loading resource: res://.godot/imported/player_wall_jump.png-30d156fc0d137391c640850602e5d41b.ctex
Loading resource: res://assets/characters/player_swim.png
Loading resource: res://.godot/imported/player_swim.png-183785111f8e5e270807e4b8d3b4c206.ctex
Loading resource: res://assets/characters/player_swim_idle.png
Loading resource: res://.godot/imported/player_swim_idle.png-5e9711526bd3abf4e7493d936b3c405c.ctex
Loading resource: res://assets/characters/player_attack_2.png
Loading resource: res://.godot/imported/player_attack_2.png-1c3f75e251b4adc983f5963fc1194ace.ctex
Loading resource: res://assets/characters/player_attack_3.png
Loading resource: res://.godot/imported/player_attack_3.png-a90ac90177309dd41c23d7a196b1ecc5.ctex
Loading resource: res://assets/characters/player_ground_slam_start.png
Loading resource: res://.godot/imported/player_ground_slam_start.png-35670b6c1cb5778bb4084d6cda5fca78.ctex
Loading resource: res://assets/characters/player_ground_slam_fall.png
Loading resource: res://.godot/imported/player_ground_slam_fall.png-1ad4ff118b2f4c88029b7f2bd3933c92.ctex
Loading resource: res://assets/characters/player_ground_slam_impact.png
Loading resource: res://.godot/imported/player_ground_slam_impact.png-df1883c04ae51799d954a523995e2d38.ctex
Loading resource: res://assets/characters/player_grapple.png
Loading resource: res://.godot/imported/player_grapple.png-c9312f27489134016e09b62924ccfc54.ctex
Loading resource: res://assets/characters/player_phase.png
Loading resource: res://.godot/imported/player_phase.png-3f765db36d4f954395040195c665afcc.ctex
Loading resource: res://assets/characters/player_respawn.png
Loading resource: res://.godot/imported/player_respawn.png-6711506d9e2421b29e0cf23ea3d836b5.ctex
Loading resource: res://assets/characters/player_interact.png
Loading resource: res://.godot/imported/player_interact.png-321dc2368f547749c59501183d04f4c3.ctex
Loading resource: res://assets/characters/player_ability_acquire.png
Loading resource: res://.godot/imported/player_ability_acquire.png-4b16c2516cf783e3158a3cf5318c7b80.ctex
Loading resource: res://assets/characters/player_idle.png
Loading resource: res://.godot/imported/player_idle.png-57ac0c2f07b9c78d58884a3ea75b7817.ctex
Loading resource: res://assets/characters/player_attack_2.png
Loading resource: res://.godot/imported/player_attack_2.png-1c3f75e251b4adc983f5963fc1194ace.ctex
Loading resource: res://assets/characters/player_attack_3.png
Loading resource: res://.godot/imported/player_attack_3.png-a90ac90177309dd41c23d7a196b1ecc5.ctex
Loading resource: res://assets/enemies/enemy_015_walk.png
Loading resource: res://.godot/imported/enemy_015_walk.png-2e816a90bd410174be23b64cd1b93e4d.ctex
Loading resource: res://assets/enemies/enemy_015_run.png
Loading resource: res://.godot/imported/enemy_015_run.png-11e8e135e9fa27961b2202f7bddafdb9.ctex
Loading resource: res://assets/enemies/enemy_015_attack.png
Loading resource: res://.godot/imported/enemy_015_attack.png-26a34999b23f98c4a16add67fd48f8d6.ctex
Loading resource: res://assets/enemies/enemy_015_hurt.png
Loading resource: res://.godot/imported/enemy_015_hurt.png-f63484a262a2152bd340e45273767ee7.ctex
Loading resource: res://assets/enemies/enemy_015_death.png
Loading resource: res://.godot/imported/enemy_015_death.png-9f7b8d88d46620e2997b01045a6bdb87.ctex
Loading resource: res://assets/enemies/enemy_000_idle.png
Loading resource: res://.godot/imported/enemy_000_idle.png-76c61c9d6383a2667495b6e586abbcc6.ctex
Loading resource: res://assets/enemies/enemy_015_idle.png
Loading resource: res://.godot/imported/enemy_015_idle.png-abc2bb93ec30c2d93384792af092ee09.ctex
Loading resource: res://assets/enemies/enemy_017_walk.png
Loading resource: res://.godot/imported/enemy_017_walk.png-c9eef9c8853743370a960b9967800039.ctex
Loading resource: res://assets/enemies/enemy_017_run.png
Loading resource: res://.godot/imported/enemy_017_run.png-afa21e77096335216eaec1c4d5ec8426.ctex
Loading resource: res://assets/enemies/enemy_017_attack.png
Loading resource: res://.godot/imported/enemy_017_attack.png-2c656b42959e0b4e7a07b3b2d0d169cc.ctex
Loading resource: res://assets/enemies/enemy_017_hurt.png
Loading resource: res://.godot/imported/enemy_017_hurt.png-b55f859ba7da4854da32f8f3ee15995a.ctex
Loading resource: res://assets/enemies/enemy_017_death.png
Loading resource: res://.godot/imported/enemy_017_death.png-a8a95c50de66905016104648b6d31996.ctex
Loading resource: res://assets/enemies/enemy_000_idle.png
Loading resource: res://.godot/imported/enemy_000_idle.png-76c61c9d6383a2667495b6e586abbcc6.ctex
Loading resource: res://assets/enemies/enemy_017_idle.png
Loading resource: res://.godot/imported/enemy_017_idle.png-f1b9e784a786855f8d18c46b5170ec12.ctex
Loading resource: res://assets/enemies/enemy_019_walk.png
Loading resource: res://.godot/imported/enemy_019_walk.png-55189d8fc3078caea65ff07b827bfefe.ctex
Loading resource: res://assets/enemies/enemy_019_run.png
Loading resource: res://.godot/imported/enemy_019_run.png-e464c1cc7b16f891fbb9831baf4f573d.ctex
Loading resource: res://assets/enemies/enemy_019_attack.png
Loading resource: res://.godot/imported/enemy_019_attack.png-ef22248047c7eb09b80b7557ca8ac950.ctex
Loading resource: res://assets/enemies/enemy_019_hurt.png
Loading resource: res://.godot/imported/enemy_019_hurt.png-53783d98a1ff67a3064be3f6b6fcd6ab.ctex
Loading resource: res://assets/enemies/enemy_019_death.png
Loading resource: res://.godot/imported/enemy_019_death.png-c54d46b52f8ef8976f5b7fef31b07dd0.ctex
Loading resource: res://assets/enemies/enemy_000_idle.png
Loading resource: res://.godot/imported/enemy_000_idle.png-76c61c9d6383a2667495b6e586abbcc6.ctex
Loading resource: res://assets/enemies/enemy_019_idle.png
Loading resource: res://.godot/imported/enemy_019_idle.png-ac73f3527e4144092eb031cb426d5b1a.ctex
Loading resource: res://scripts/shaders/water_surface.gdshader
JOURNEY_ROOM room_015
load_threaded_get_status(): No threaded load for resource path 'res://scenes/rooms/room_016.tscn' has been initiated or its result has already been collected.
Loading resource: res://scenes/rooms/room_016.tscn
load_threaded_get_status(): No threaded load for resource path 'res://scenes/rooms/room_017.tscn' has been initiated or its result has already been collected.
Loading resource: res://scenes/rooms/room_017.tscn
Loading resource: res://assets/props/biome_0/biome_0_prop_4.png
Loading resource: res://.godot/imported/biome_0_prop_4.png-3e477cd9fd333a2f7bb1206d873841a1.ctex
Loading resource: res://assets/props/biome_0/biome_0_prop_3.png
Loading resource: res://.godot/imported/biome_0_prop_3.png-73daeec458904d2d8774f8d068ddf645.ctex
Loading resource: res://assets/props/biome_0/biome_0_prop_5.png
Loading resource: res://.godot/imported/biome_0_prop_5.png-bfec1b2adaa6e97f9e107371a92144db.ctex
Loading resource: res://assets/architecture/stormglass/conditions/flooded_puddle.png
Loading resource: res://.godot/imported/flooded_puddle.png-aad96cd15ef478f3403b9a6e34a0075f.ctex
Loading resource: res://assets/architecture/stormglass/conditions/flooded_arch.png
Loading resource: res://.godot/imported/flooded_arch.png-5f5ba0162ea7c7999f31c4b9ac1a983c.ctex
Loading resource: res://assets/architecture/stormglass/conditions/flooded_waterline.png
Loading resource: res://.godot/imported/flooded_waterline.png-92dcba9013d524c992e4480d7f10a47a.ctex
TRANSITION_PROFILE from=room_014 to=room_015 physics_wait_ms=0.13 resource_ms=0.03 instantiate_ms=91.34 presentation_ms=1.10 fade_out_ms=218.95 fade_out_remainder_ms=124.26 fade_in_ms=146.08 total_ms=365.05
JOURNEY_PROGRESS {"attacks":34,"bosses":["boss_000"],"health":70.0,"player":[1245.00073242188,2161.75830078125],"room":"room_015","steps":16,"tMs":105595,"velocity":[220.0,403.666839599609]}
Loading resource: res://assets/characters/player_walk.png
Loading resource: res://.godot/imported/player_walk.png-d859f324b180e620b35176465490dc5b.ctex
Loading resource: res://assets/characters/player_run.png
Loading resource: res://.godot/imported/player_run.png-5e1ce216cbd5012d226154b2ece4de96.ctex
Loading resource: res://assets/characters/player_attack.png
Loading resource: res://.godot/imported/player_attack.png-4863c0bf2c0460d3acf05ba44fde6f12.ctex
Loading resource: res://assets/characters/player_hurt.png
Loading resource: res://.godot/imported/player_hurt.png-c4194612d851672462e70be083dfc07f.ctex
Loading resource: res://assets/characters/player_death.png
Loading resource: res://.godot/imported/player_death.png-c449be6e42ed0b63a564aca0303227d9.ctex
Loading resource: res://assets/characters/player_idle.png
Loading resource: res://.godot/imported/player_idle.png-57ac0c2f07b9c78d58884a3ea75b7817.ctex
Loading resource: res://assets/characters/player_walk.png
Loading resource: res://.godot/imported/player_walk.png-d859f324b180e620b35176465490dc5b.ctex
Loading resource: res://assets/characters/player_jump_start.png
Loading resource: res://.godot/imported/player_jump_start.png-31b8f78669a8f177025dfe4f1c97a7c8.ctex
Loading resource: res://assets/characters/player_jump.png
Loading resource: res://.godot/imported/player_jump.png-9a86ba95e37eabc7f640245357b986c1.ctex
Loading resource: res://assets/characters/player_fall.png
Loading resource: res://.godot/imported/player_fall.png-94cc22ab1c11bd32466bca9f5ab527db.ctex
Loading resource: res://assets/characters/player_land.png
Loading resource: res://.godot/imported/player_land.png-bf586b100a0da4f0aa95acb11fbc1f7d.ctex
Loading resource: res://assets/characters/player_dash.png
Loading resource: res://.godot/imported/player_dash.png-7ae88d1d170590815fc6d555ac1c1b62.ctex
Loading resource: res://assets/characters/player_air_dash.png
Loading resource: res://.godot/imported/player_air_dash.png-a17aeeea7ab8931b27ac07da8a9a7ff2.ctex
Loading resource: res://assets/characters/player_double_jump.png
Loading resource: res://.godot/imported/player_double_jump.png-2618f84677f00029c0b113f21f999b50.ctex
Loading resource: res://assets/characters/player_wall_slide.png
Loading resource: res://.godot/imported/player_wall_slide.png-5768614b71e9b3e0872f45ce5135734d.ctex
Loading resource: res://assets/characters/player_wall_jump.png
Loading resource: res://.godot/imported/player_wall_jump.png-30d156fc0d137391c640850602e5d41b.ctex
Loading resource: res://assets/characters/player_swim.png
Loading resource: res://.godot/imported/player_swim.png-183785111f8e5e270807e4b8d3b4c206.ctex
Loading resource: res://assets/characters/player_swim_idle.png
Loading resource: res://.godot/imported/player_swim_idle.png-5e9711526bd3abf4e7493d936b3c405c.ctex
Loading resource: res://assets/characters/player_attack_2.png
Loading resource: res://.godot/imported/player_attack_2.png-1c3f75e251b4adc983f5963fc1194ace.ctex
Loading resource: res://assets/characters/player_attack_3.png
Loading resource: res://.godot/imported/player_attack_3.png-a90ac90177309dd41c23d7a196b1ecc5.ctex
Loading resource: res://assets/characters/player_ground_slam_start.png
Loading resource: res://.godot/imported/player_ground_slam_start.png-35670b6c1cb5778bb4084d6cda5fca78.ctex
Loading resource: res://assets/characters/player_ground_slam_fall.png
Loading resource: res://.godot/imported/player_ground_slam_fall.png-1ad4ff118b2f4c88029b7f2bd3933c92.ctex
Loading resource: res://assets/characters/player_ground_slam_impact.png
Loading resource: res://.godot/imported/player_ground_slam_impact.png-df1883c04ae51799d954a523995e2d38.ctex
Loading resource: res://assets/characters/player_grapple.png
Loading resource: res://.godot/imported/player_grapple.png-c9312f27489134016e09b62924ccfc54.ctex
Loading resource: res://assets/characters/player_phase.png
Loading resource: res://.godot/imported/player_phase.png-3f765db36d4f954395040195c665afcc.ctex
Loading resource: res://assets/characters/player_respawn.png
Loading resource: res://.godot/imported/player_respawn.png-6711506d9e2421b29e0cf23ea3d836b5.ctex
Loading resource: res://assets/characters/player_interact.png
Loading resource: res://.godot/imported/player_interact.png-321dc2368f547749c59501183d04f4c3.ctex
Loading resource: res://assets/characters/player_ability_acquire.png
Loading resource: res://.godot/imported/player_ability_acquire.png-4b16c2516cf783e3158a3cf5318c7b80.ctex
Loading resource: res://assets/characters/player_idle.png
Loading resource: res://.godot/imported/player_idle.png-57ac0c2f07b9c78d58884a3ea75b7817.ctex
Loading resource: res://assets/characters/player_attack_2.png
Loading resource: res://.godot/imported/player_attack_2.png-1c3f75e251b4adc983f5963fc1194ace.ctex
Loading resource: res://assets/characters/player_attack_3.png
Loading resource: res://.godot/imported/player_attack_3.png-a90ac90177309dd41c23d7a196b1ecc5.ctex
Loading resource: res://assets/props/interact/save_shrine.png
Loading resource: res://.godot/imported/save_shrine.png-7c7937d95488683935d79327ccf91acd.ctex
Loading resource: res://assets/npcs/npc_001_walk.png
Loading resource: res://.godot/imported/npc_001_walk.png-98db14b63ff8e579467e45b1fa871129.ctex
Loading resource: res://assets/npcs/npc_001_idle.png
Loading resource: res://.godot/imported/npc_001_idle.png-4cbeaf0f246814d593d7716b4bce3c55.ctex
Loading resource: res://assets/npcs/npc_001_talk.png
Loading resource: res://.godot/imported/npc_001_talk.png-997f805aa7776ab4bc712a9f4b199f4d.ctex
Loading resource: res://assets/npcs/npc_001_listen.png
Loading resource: res://.godot/imported/npc_001_listen.png-71586976130f03ebc0cf0287729d99d7.ctex
Loading resource: res://assets/npcs/npc_001_idle.png
Loading resource: res://.godot/imported/npc_001_idle.png-4cbeaf0f246814d593d7716b4bce3c55.ctex
Loading resource: res://assets/npcs/npc_001_talk.png
Loading resource: res://.godot/imported/npc_001_talk.png-997f805aa7776ab4bc712a9f4b199f4d.ctex
Loading resource: res://assets/npcs/npc_001_listen.png
Loading resource: res://.godot/imported/npc_001_listen.png-71586976130f03ebc0cf0287729d99d7.ctex
Loading resource: res://assets/npcs/npc_005_walk.png
Loading resource: res://.godot/imported/npc_005_walk.png-d46c999fc10e59354082f0b38f1a32a4.ctex
Loading resource: res://assets/npcs/npc_005_idle.png
Loading resource: res://.godot/imported/npc_005_idle.png-8036e7441003eb037497f073dfb0c2a5.ctex
Loading resource: res://assets/npcs/npc_005_talk.png
Loading resource: res://.godot/imported/npc_005_talk.png-87fed48089b17b8a470d9a71c38e1f30.ctex
Loading resource: res://assets/npcs/npc_005_listen.png
Loading resource: res://.godot/imported/npc_005_listen.png-7826c2eb98395eb125c343f5144754c9.ctex
Loading resource: res://assets/npcs/npc_005_idle.png
Loading resource: res://.godot/imported/npc_005_idle.png-8036e7441003eb037497f073dfb0c2a5.ctex
Loading resource: res://assets/npcs/npc_005_talk.png
Loading resource: res://.godot/imported/npc_005_talk.png-87fed48089b17b8a470d9a71c38e1f30.ctex
Loading resource: res://assets/npcs/npc_005_listen.png
Loading resource: res://.godot/imported/npc_005_listen.png-7826c2eb98395eb125c343f5144754c9.ctex
Loading resource: res://scripts/shaders/water_surface.gdshader
JOURNEY_ROOM room_016
load_threaded_get_status(): No threaded load for resource path 'res://scenes/rooms/room_018.tscn' has been initiated or its result has already been collected.
Loading resource: res://scenes/rooms/room_018.tscn
Loading resource: res://assets/props/biome_0/biome_0_prop_1.png
Loading resource: res://.godot/imported/biome_0_prop_1.png-86880268cfd1f58e2534f2c37198f718.ctex
Loading resource: res://assets/props/biome_0/biome_0_prop_6.png
Loading resource: res://.godot/imported/biome_0_prop_6.png-f1219e3c174ea13acd6cd2cbc22eafed.ctex
Loading resource: res://assets/architecture/stormglass/conditions/flooded_waterline.png
Loading resource: res://.godot/imported/flooded_waterline.png-92dcba9013d524c992e4480d7f10a47a.ctex
Loading resource: res://assets/architecture/stormglass/conditions/flooded_roots.png
Loading resource: res://.godot/imported/flooded_roots.png-9007b0578f6c76a2f48d894c1556b5f5.ctex
TRANSITION_PROFILE from=room_015 to=room_016 physics_wait_ms=0.13 resource_ms=0.03 instantiate_ms=95.78 presentation_ms=1.03 fade_out_ms=147.64 fade_out_remainder_ms=49.93 fade_in_ms=152.81 total_ms=300.47
JOURNEY_PROGRESS {"attacks":34,"bosses":["boss_000"],"health":100.0,"player":[1461.92529296875,642.463500976563],"room":"room_016","steps":17,"tMs":110605,"velocity":[15.0,439.333404541016]}
Loading resource: res://assets/characters/player_walk.png
Loading resource: res://.godot/imported/player_walk.png-d859f324b180e620b35176465490dc5b.ctex
Loading resource: res://assets/characters/player_run.png
Loading resource: res://.godot/imported/player_run.png-5e1ce216cbd5012d226154b2ece4de96.ctex
Loading resource: res://assets/characters/player_attack.png
Loading resource: res://.godot/imported/player_attack.png-4863c0bf2c0460d3acf05ba44fde6f12.ctex
Loading resource: res://assets/characters/player_hurt.png
Loading resource: res://.godot/imported/player_hurt.png-c4194612d851672462e70be083dfc07f.ctex
Loading resource: res://assets/characters/player_death.png
Loading resource: res://.godot/imported/player_death.png-c449be6e42ed0b63a564aca0303227d9.ctex
Loading resource: res://assets/characters/player_idle.png
Loading resource: res://.godot/imported/player_idle.png-57ac0c2f07b9c78d58884a3ea75b7817.ctex
Loading resource: res://assets/characters/player_walk.png
Loading resource: res://.godot/imported/player_walk.png-d859f324b180e620b35176465490dc5b.ctex
Loading resource: res://assets/characters/player_jump_start.png
Loading resource: res://.godot/imported/player_jump_start.png-31b8f78669a8f177025dfe4f1c97a7c8.ctex
Loading resource: res://assets/characters/player_jump.png
Loading resource: res://.godot/imported/player_jump.png-9a86ba95e37eabc7f640245357b986c1.ctex
Loading resource: res://assets/characters/player_fall.png
Loading resource: res://.godot/imported/player_fall.png-94cc22ab1c11bd32466bca9f5ab527db.ctex
Loading resource: res://assets/characters/player_land.png
Loading resource: res://.godot/imported/player_land.png-bf586b100a0da4f0aa95acb11fbc1f7d.ctex
Loading resource: res://assets/characters/player_dash.png
Loading resource: res://.godot/imported/player_dash.png-7ae88d1d170590815fc6d555ac1c1b62.ctex
Loading resource: res://assets/characters/player_air_dash.png
Loading resource: res://.godot/imported/player_air_dash.png-a17aeeea7ab8931b27ac07da8a9a7ff2.ctex
Loading resource: res://assets/characters/player_double_jump.png
Loading resource: res://.godot/imported/player_double_jump.png-2618f84677f00029c0b113f21f999b50.ctex
Loading resource: res://assets/characters/player_wall_slide.png
Loading resource: res://.godot/imported/player_wall_slide.png-5768614b71e9b3e0872f45ce5135734d.ctex
Loading resource: res://assets/characters/player_wall_jump.png
Loading resource: res://.godot/imported/player_wall_jump.png-30d156fc0d137391c640850602e5d41b.ctex
Loading resource: res://assets/characters/player_swim.png
Loading resource: res://.godot/imported/player_swim.png-183785111f8e5e270807e4b8d3b4c206.ctex
Loading resource: res://assets/characters/player_swim_idle.png
Loading resource: res://.godot/imported/player_swim_idle.png-5e9711526bd3abf4e7493d936b3c405c.ctex
Loading resource: res://assets/characters/player_attack_2.png
Loading resource: res://.godot/imported/player_attack_2.png-1c3f75e251b4adc983f5963fc1194ace.ctex
Loading resource: res://assets/characters/player_attack_3.png
Loading resource: res://.godot/imported/player_attack_3.png-a90ac90177309dd41c23d7a196b1ecc5.ctex
Loading resource: res://assets/characters/player_ground_slam_start.png
Loading resource: res://.godot/imported/player_ground_slam_start.png-35670b6c1cb5778bb4084d6cda5fca78.ctex
Loading resource: res://assets/characters/player_ground_slam_fall.png
Loading resource: res://.godot/imported/player_ground_slam_fall.png-1ad4ff118b2f4c88029b7f2bd3933c92.ctex
Loading resource: res://assets/characters/player_ground_slam_impact.png
Loading resource: res://.godot/imported/player_ground_slam_impact.png-df1883c04ae51799d954a523995e2d38.ctex
Loading resource: res://assets/characters/player_grapple.png
Loading resource: res://.godot/imported/player_grapple.png-c9312f27489134016e09b62924ccfc54.ctex
Loading resource: res://assets/characters/player_phase.png
Loading resource: res://.godot/imported/player_phase.png-3f765db36d4f954395040195c665afcc.ctex
Loading resource: res://assets/characters/player_respawn.png
Loading resource: res://.godot/imported/player_respawn.png-6711506d9e2421b29e0cf23ea3d836b5.ctex
Loading resource: res://assets/characters/player_interact.png
Loading resource: res://.godot/imported/player_interact.png-321dc2368f547749c59501183d04f4c3.ctex
Loading resource: res://assets/characters/player_ability_acquire.png
Loading resource: res://.godot/imported/player_ability_acquire.png-4b16c2516cf783e3158a3cf5318c7b80.ctex
Loading resource: res://assets/characters/player_idle.png
Loading resource: res://.godot/imported/player_idle.png-57ac0c2f07b9c78d58884a3ea75b7817.ctex
Loading resource: res://assets/characters/player_attack_2.png
Loading resource: res://.godot/imported/player_attack_2.png-1c3f75e251b4adc983f5963fc1194ace.ctex
Loading resource: res://assets/characters/player_attack_3.png
Loading resource: res://.godot/imported/player_attack_3.png-a90ac90177309dd41c23d7a196b1ecc5.ctex
Loading resource: res://assets/bosses/boss_001_walk.png
Loading resource: res://.godot/imported/boss_001_walk.png-07e0a1ebaa4e9312bd4d7cc5f498dc4f.ctex
Loading resource: res://assets/bosses/boss_001_run.png
Loading resource: res://.godot/imported/boss_001_run.png-633ffc0a4d250faa495eaaff23374da5.ctex
Loading resource: res://assets/bosses/boss_001_attack.png
Loading resource: res://.godot/imported/boss_001_attack.png-854df17ec2b97e37f9cea3dc47981146.ctex
Loading resource: res://assets/bosses/boss_001_hurt.png
Loading resource: res://.godot/imported/boss_001_hurt.png-89d0aa73d2010ee2ed091fcfbcabddc3.ctex
Loading resource: res://assets/bosses/boss_001_death.png
Loading resource: res://.godot/imported/boss_001_death.png-1f2b40341f017c77a79e14b20aca991c.ctex
Loading resource: res://assets/bosses/boss_001_idle.png
Loading resource: res://.godot/imported/boss_001_idle.png-12aba94463d4808a0b73d25bdafac727.ctex
Loading resource: res://scripts/shaders/water_surface.gdshader
Loading resource: res://audio/music/boss.wav
Loading resource: res://.godot/imported/boss.wav-394a0e64a4290d255e56b5ef22f0f495.sample
JOURNEY_ROOM room_018
load_threaded_get_status(): No threaded load for resource path 'res://scenes/rooms/room_019.tscn' has been initiated or its result has already been collected.
Loading resource: res://scenes/rooms/room_019.tscn
JOURNEY_COMBAT {"attacks":34,"boss":"boss_001","bossHealth":119.0,"bossY":959.964233398438,"distance":912.0,"phase":1,"playerHealth":100.0,"playerY":960.0}
Loading resource: res://assets/props/biome_0/biome_0_prop_8.png
Loading resource: res://.godot/imported/biome_0_prop_8.png-b15de6f6b4655c20288f53adf905da33.ctex
Loading resource: res://assets/props/biome_0/biome_0_prop_4.png
Loading resource: res://.godot/imported/biome_0_prop_4.png-3e477cd9fd333a2f7bb1206d873841a1.ctex
Loading resource: res://assets/architecture/stormglass/conditions/flooded_roots.png
Loading resource: res://.godot/imported/flooded_roots.png-9007b0578f6c76a2f48d894c1556b5f5.ctex
Loading resource: res://assets/architecture/stormglass/conditions/flooded_waterline.png
Loading resource: res://.godot/imported/flooded_waterline.png-92dcba9013d524c992e4480d7f10a47a.ctex
TRANSITION_PROFILE from=room_016 to=room_018 physics_wait_ms=0.15 resource_ms=0.04 instantiate_ms=177.38 presentation_ms=5.81 fade_out_ms=221.21 fade_out_remainder_ms=32.23 fade_in_ms=107.45 total_ms=328.70
Loading resource: res://scenes/enemies/Projectile.tscn
Loading resource: res://assets/vfx/ranged_projectile.png
Loading resource: res://.godot/imported/ranged_projectile.png-cf57c54979fe6b1c93302e0dd9a24a10.ctex
Loading resource: res://assets/vfx/projectile_trail.png
Loading resource: res://.godot/imported/projectile_trail.png-00b19686ba30c3b9f71c092ad7447538.ctex
JOURNEY_PROGRESS {"attacks":34,"bosses":["boss_000"],"health":90.0,"player":[844.330322265625,959.925231933594],"room":"room_018","steps":18,"tMs":115615,"velocity":[220.0,0.0]}
JOURNEY_COMBAT {"attacks":34,"boss":"boss_001","bossHealth":119.0,"bossY":960.035766601563,"distance":117.335998535156,"phase":1,"playerHealth":90.0,"playerY":959.925231933594}
Loading resource: res://scenes/enemies/Projectile.tscn
Loading resource: res://assets/vfx/ranged_projectile.png
Loading resource: res://.godot/imported/ranged_projectile.png-cf57c54979fe6b1c93302e0dd9a24a10.ctex
Loading resource: res://assets/vfx/projectile_trail.png
Loading resource: res://.godot/imported/projectile_trail.png-00b19686ba30c3b9f71c092ad7447538.ctex
JOURNEY_PROGRESS {"attacks":43,"bosses":["boss_000"],"health":80.0,"player":[904.564025878906,959.925231933594],"room":"room_018","steps":18,"tMs":120622,"velocity":[220.0,0.0]}
JOURNEY_COMBAT {"attacks":44,"boss":"boss_001","bossHealth":39.0,"bossY":959.964233398438,"distance":71.6019287109375,"phase":1,"playerHealth":80.0,"playerY":950.590759277344}
JOURNEY_PROGRESS {"attacks":45,"bosses":["boss_000"],"health":80.0,"player":[874.541748046875,950.590759277344],"room":"room_018","steps":18,"tMs":125628,"velocity":[-500.0,0.0]}
JOURNEY_COMBAT {"attacks":45,"boss":"boss_001","bossHealth":39.0,"bossY":959.964233398438,"distance":288.958068847656,"phase":1,"playerHealth":80.0,"playerY":959.925231933594}
Loading resource: res://scenes/enemies/Projectile.tscn
Loading resource: res://assets/vfx/ranged_projectile.png
Loading resource: res://.godot/imported/ranged_projectile.png-cf57c54979fe6b1c93302e0dd9a24a10.ctex
Loading resource: res://assets/vfx/projectile_trail.png
Loading resource: res://.godot/imported/projectile_trail.png-00b19686ba30c3b9f71c092ad7447538.ctex
JOURNEY_PROGRESS {"attacks":49,"bosses":["boss_000","boss_001"],"health":70.0,"player":[1221.00036621094,941.529907226563],"room":"room_018","steps":18,"tMs":130765,"velocity":[305.0,-543.666687011719]}
Loading resource: res://assets/characters/player_walk.png
Loading resource: res://.godot/imported/player_walk.png-d859f324b180e620b35176465490dc5b.ctex
Loading resource: res://assets/characters/player_run.png
Loading resource: res://.godot/imported/player_run.png-5e1ce216cbd5012d226154b2ece4de96.ctex
Loading resource: res://assets/characters/player_attack.png
Loading resource: res://.godot/imported/player_attack.png-4863c0bf2c0460d3acf05ba44fde6f12.ctex
Loading resource: res://assets/characters/player_hurt.png
Loading resource: res://.godot/imported/player_hurt.png-c4194612d851672462e70be083dfc07f.ctex
Loading resource: res://assets/characters/player_death.png
Loading resource: res://.godot/imported/player_death.png-c449be6e42ed0b63a564aca0303227d9.ctex
Loading resource: res://assets/characters/player_idle.png
Loading resource: res://.godot/imported/player_idle.png-57ac0c2f07b9c78d58884a3ea75b7817.ctex
Loading resource: res://assets/characters/player_walk.png
Loading resource: res://.godot/imported/player_walk.png-d859f324b180e620b35176465490dc5b.ctex
Loading resource: res://assets/characters/player_jump_start.png
Loading resource: res://.godot/imported/player_jump_start.png-31b8f78669a8f177025dfe4f1c97a7c8.ctex
Loading resource: res://assets/characters/player_jump.png
Loading resource: res://.godot/imported/player_jump.png-9a86ba95e37eabc7f640245357b986c1.ctex
Loading resource: res://assets/characters/player_fall.png
Loading resource: res://.godot/imported/player_fall.png-94cc22ab1c11bd32466bca9f5ab527db.ctex
Loading resource: res://assets/characters/player_land.png
Loading resource: res://.godot/imported/player_land.png-bf586b100a0da4f0aa95acb11fbc1f7d.ctex
Loading resource: res://assets/characters/player_dash.png
Loading resource: res://.godot/imported/player_dash.png-7ae88d1d170590815fc6d555ac1c1b62.ctex
Loading resource: res://assets/characters/player_air_dash.png
Loading resource: res://.godot/imported/player_air_dash.png-a17aeeea7ab8931b27ac07da8a9a7ff2.ctex
Loading resource: res://assets/characters/player_double_jump.png
Loading resource: res://.godot/imported/player_double_jump.png-2618f84677f00029c0b113f21f999b50.ctex
Loading resource: res://assets/characters/player_wall_slide.png
Loading resource: res://.godot/imported/player_wall_slide.png-5768614b71e9b3e0872f45ce5135734d.ctex
Loading resource: res://assets/characters/player_wall_jump.png
Loading resource: res://.godot/imported/player_wall_jump.png-30d156fc0d137391c640850602e5d41b.ctex
Loading resource: res://assets/characters/player_swim.png
Loading resource: res://.godot/imported/player_swim.png-183785111f8e5e270807e4b8d3b4c206.ctex
Loading resource: res://assets/characters/player_swim_idle.png
Loading resource: res://.godot/imported/player_swim_idle.png-5e9711526bd3abf4e7493d936b3c405c.ctex
Loading resource: res://assets/characters/player_attack_2.png
Loading resource: res://.godot/imported/player_attack_2.png-1c3f75e251b4adc983f5963fc1194ace.ctex
Loading resource: res://assets/characters/player_attack_3.png
Loading resource: res://.godot/imported/player_attack_3.png-a90ac90177309dd41c23d7a196b1ecc5.ctex
Loading resource: res://assets/characters/player_ground_slam_start.png
Loading resource: res://.godot/imported/player_ground_slam_start.png-35670b6c1cb5778bb4084d6cda5fca78.ctex
Loading resource: res://assets/characters/player_ground_slam_fall.png
Loading resource: res://.godot/imported/player_ground_slam_fall.png-1ad4ff118b2f4c88029b7f2bd3933c92.ctex
Loading resource: res://assets/characters/player_ground_slam_impact.png
Loading resource: res://.godot/imported/player_ground_slam_impact.png-df1883c04ae51799d954a523995e2d38.ctex
Loading resource: res://assets/characters/player_grapple.png
Loading resource: res://.godot/imported/player_grapple.png-c9312f27489134016e09b62924ccfc54.ctex
Loading resource: res://assets/characters/player_phase.png
Loading resource: res://.godot/imported/player_phase.png-3f765db36d4f954395040195c665afcc.ctex
Loading resource: res://assets/characters/player_respawn.png
Loading resource: res://.godot/imported/player_respawn.png-6711506d9e2421b29e0cf23ea3d836b5.ctex
Loading resource: res://assets/characters/player_interact.png
Loading resource: res://.godot/imported/player_interact.png-321dc2368f547749c59501183d04f4c3.ctex
Loading resource: res://assets/characters/player_ability_acquire.png
Loading resource: res://.godot/imported/player_ability_acquire.png-4b16c2516cf783e3158a3cf5318c7b80.ctex
Loading resource: res://assets/characters/player_idle.png
Loading resource: res://.godot/imported/player_idle.png-57ac0c2f07b9c78d58884a3ea75b7817.ctex
Loading resource: res://assets/characters/player_attack_2.png
Loading resource: res://.godot/imported/player_attack_2.png-1c3f75e251b4adc983f5963fc1194ace.ctex
Loading resource: res://assets/characters/player_attack_3.png
Loading resource: res://.godot/imported/player_attack_3.png-a90ac90177309dd41c23d7a196b1ecc5.ctex
Loading resource: res://scripts/shaders/water_surface.gdshader
Loading resource: res://audio/music/biome_0.wav
Loading resource: res://.godot/imported/biome_0.wav-dec2867ebdec0d665572c802462d1119.sample
JOURNEY_ROOM room_019
load_threaded_get_status(): No threaded load for resource path 'res://scenes/rooms/room_020.tscn' has been initiated or its result has already been collected.
Loading resource: res://scenes/rooms/room_020.tscn
Loading resource: res://assets/props/biome_0/biome_0_prop_5.png
Loading resource: res://.godot/imported/biome_0_prop_5.png-bfec1b2adaa6e97f9e107371a92144db.ctex
Loading resource: res://assets/props/biome_0/biome_0_prop_0.png
Loading resource: res://.godot/imported/biome_0_prop_0.png-73e40292eac12b3c1912a289dc9715a2.ctex
Loading resource: res://assets/architecture/stormglass/conditions/flooded_puddle.png
Loading resource: res://.godot/imported/flooded_puddle.png-aad96cd15ef478f3403b9a6e34a0075f.ctex
Loading resource: res://assets/architecture/stormglass/conditions/flooded_arch.png
Loading resource: res://.godot/imported/flooded_arch.png-5f5ba0162ea7c7999f31c4b9ac1a983c.ctex
Loading resource: res://assets/architecture/stormglass/conditions/flooded_waterline.png
Loading resource: res://.godot/imported/flooded_waterline.png-92dcba9013d524c992e4480d7f10a47a.ctex
TRANSITION_PROFILE from=room_018 to=room_019 physics_wait_ms=0.17 resource_ms=0.04 instantiate_ms=68.60 presentation_ms=2.16 fade_out_ms=165.74 fade_out_remainder_ms=93.83 fade_in_ms=145.36 total_ms=311.13
Loading resource: res://assets/characters/player_walk.png
Loading resource: res://.godot/imported/player_walk.png-d859f324b180e620b35176465490dc5b.ctex
Loading resource: res://assets/characters/player_run.png
Loading resource: res://.godot/imported/player_run.png-5e1ce216cbd5012d226154b2ece4de96.ctex
Loading resource: res://assets/characters/player_attack.png
Loading resource: res://.godot/imported/player_attack.png-4863c0bf2c0460d3acf05ba44fde6f12.ctex
Loading resource: res://assets/characters/player_hurt.png
Loading resource: res://.godot/imported/player_hurt.png-c4194612d851672462e70be083dfc07f.ctex
Loading resource: res://assets/characters/player_death.png
Loading resource: res://.godot/imported/player_death.png-c449be6e42ed0b63a564aca0303227d9.ctex
Loading resource: res://assets/characters/player_idle.png
Loading resource: res://.godot/imported/player_idle.png-57ac0c2f07b9c78d58884a3ea75b7817.ctex
Loading resource: res://assets/characters/player_walk.png
Loading resource: res://.godot/imported/player_walk.png-d859f324b180e620b35176465490dc5b.ctex
Loading resource: res://assets/characters/player_jump_start.png
Loading resource: res://.godot/imported/player_jump_start.png-31b8f78669a8f177025dfe4f1c97a7c8.ctex
Loading resource: res://assets/characters/player_jump.png
Loading resource: res://.godot/imported/player_jump.png-9a86ba95e37eabc7f640245357b986c1.ctex
Loading resource: res://assets/characters/player_fall.png
Loading resource: res://.godot/imported/player_fall.png-94cc22ab1c11bd32466bca9f5ab527db.ctex
Loading resource: res://assets/characters/player_land.png
Loading resource: res://.godot/imported/player_land.png-bf586b100a0da4f0aa95acb11fbc1f7d.ctex
Loading resource: res://assets/characters/player_dash.png
Loading resource: res://.godot/imported/player_dash.png-7ae88d1d170590815fc6d555ac1c1b62.ctex
Loading resource: res://assets/characters/player_air_dash.png
Loading resource: res://.godot/imported/player_air_dash.png-a17aeeea7ab8931b27ac07da8a9a7ff2.ctex
Loading resource: res://assets/characters/player_double_jump.png
Loading resource: res://.godot/imported/player_double_jump.png-2618f84677f00029c0b113f21f999b50.ctex
Loading resource: res://assets/characters/player_wall_slide.png
Loading resource: res://.godot/imported/player_wall_slide.png-5768614b71e9b3e0872f45ce5135734d.ctex
Loading resource: res://assets/characters/player_wall_jump.png
Loading resource: res://.godot/imported/player_wall_jump.png-30d156fc0d137391c640850602e5d41b.ctex
Loading resource: res://assets/characters/player_swim.png
Loading resource: res://.godot/imported/player_swim.png-183785111f8e5e270807e4b8d3b4c206.ctex
Loading resource: res://assets/characters/player_swim_idle.png
Loading resource: res://.godot/imported/player_swim_idle.png-5e9711526bd3abf4e7493d936b3c405c.ctex
Loading resource: res://assets/characters/player_attack_2.png
Loading resource: res://.godot/imported/player_attack_2.png-1c3f75e251b4adc983f5963fc1194ace.ctex
Loading resource: res://assets/characters/player_attack_3.png
Loading resource: res://.godot/imported/player_attack_3.png-a90ac90177309dd41c23d7a196b1ecc5.ctex
Loading resource: res://assets/characters/player_ground_slam_start.png
Loading resource: res://.godot/imported/player_ground_slam_start.png-35670b6c1cb5778bb4084d6cda5fca78.ctex
Loading resource: res://assets/characters/player_ground_slam_fall.png
Loading resource: res://.godot/imported/player_ground_slam_fall.png-1ad4ff118b2f4c88029b7f2bd3933c92.ctex
Loading resource: res://assets/characters/player_ground_slam_impact.png
Loading resource: res://.godot/imported/player_ground_slam_impact.png-df1883c04ae51799d954a523995e2d38.ctex
Loading resource: res://assets/characters/player_grapple.png
Loading resource: res://.godot/imported/player_grapple.png-c9312f27489134016e09b62924ccfc54.ctex
Loading resource: res://assets/characters/player_phase.png
Loading resource: res://.godot/imported/player_phase.png-3f765db36d4f954395040195c665afcc.ctex
Loading resource: res://assets/characters/player_respawn.png
Loading resource: res://.godot/imported/player_respawn.png-6711506d9e2421b29e0cf23ea3d836b5.ctex
Loading resource: res://assets/characters/player_interact.png
Loading resource: res://.godot/imported/player_interact.png-321dc2368f547749c59501183d04f4c3.ctex
Loading resource: res://assets/characters/player_ability_acquire.png
Loading resource: res://.godot/imported/player_ability_acquire.png-4b16c2516cf783e3158a3cf5318c7b80.ctex
Loading resource: res://assets/characters/player_idle.png
Loading resource: res://.godot/imported/player_idle.png-57ac0c2f07b9c78d58884a3ea75b7817.ctex
Loading resource: res://assets/characters/player_attack_2.png
Loading resource: res://.godot/imported/player_attack_2.png-1c3f75e251b4adc983f5963fc1194ace.ctex
Loading resource: res://assets/characters/player_attack_3.png
Loading resource: res://.godot/imported/player_attack_3.png-a90ac90177309dd41c23d7a196b1ecc5.ctex
Loading resource: res://scripts/shaders/water_surface.gdshader
JOURNEY_ROOM room_018
Loading resource: res://assets/props/biome_0/biome_0_prop_8.png
Loading resource: res://.godot/imported/biome_0_prop_8.png-b15de6f6b4655c20288f53adf905da33.ctex
Loading resource: res://assets/props/biome_0/biome_0_prop_4.png
Loading resource: res://.godot/imported/biome_0_prop_4.png-3e477cd9fd333a2f7bb1206d873841a1.ctex
Loading resource: res://assets/architecture/stormglass/conditions/flooded_roots.png
Loading resource: res://.godot/imported/flooded_roots.png-9007b0578f6c76a2f48d894c1556b5f5.ctex
Loading resource: res://assets/architecture/stormglass/conditions/flooded_waterline.png
Loading resource: res://.godot/imported/flooded_waterline.png-92dcba9013d524c992e4480d7f10a47a.ctex
TRANSITION_PROFILE from=room_019 to=room_018 physics_wait_ms=13.89 resource_ms=0.01 instantiate_ms=56.46 presentation_ms=1.13 fade_out_ms=153.44 fade_out_remainder_ms=81.70 fade_in_ms=164.21 total_ms=317.66
Loading resource: res://assets/characters/player_walk.png
Loading resource: res://.godot/imported/player_walk.png-d859f324b180e620b35176465490dc5b.ctex
Loading resource: res://assets/characters/player_run.png
Loading resource: res://.godot/imported/player_run.png-5e1ce216cbd5012d226154b2ece4de96.ctex
Loading resource: res://assets/characters/player_attack.png
Loading resource: res://.godot/imported/player_attack.png-4863c0bf2c0460d3acf05ba44fde6f12.ctex
Loading resource: res://assets/characters/player_hurt.png
Loading resource: res://.godot/imported/player_hurt.png-c4194612d851672462e70be083dfc07f.ctex
Loading resource: res://assets/characters/player_death.png
Loading resource: res://.godot/imported/player_death.png-c449be6e42ed0b63a564aca0303227d9.ctex
Loading resource: res://assets/characters/player_idle.png
Loading resource: res://.godot/imported/player_idle.png-57ac0c2f07b9c78d58884a3ea75b7817.ctex
Loading resource: res://assets/characters/player_walk.png
Loading resource: res://.godot/imported/player_walk.png-d859f324b180e620b35176465490dc5b.ctex
Loading resource: res://assets/characters/player_jump_start.png
Loading resource: res://.godot/imported/player_jump_start.png-31b8f78669a8f177025dfe4f1c97a7c8.ctex
Loading resource: res://assets/characters/player_jump.png
Loading resource: res://.godot/imported/player_jump.png-9a86ba95e37eabc7f640245357b986c1.ctex
Loading resource: res://assets/characters/player_fall.png
Loading resource: res://.godot/imported/player_fall.png-94cc22ab1c11bd32466bca9f5ab527db.ctex
Loading resource: res://assets/characters/player_land.png
Loading resource: res://.godot/imported/player_land.png-bf586b100a0da4f0aa95acb11fbc1f7d.ctex
Loading resource: res://assets/characters/player_dash.png
Loading resource: res://.godot/imported/player_dash.png-7ae88d1d170590815fc6d555ac1c1b62.ctex
Loading resource: res://assets/characters/player_air_dash.png
Loading resource: res://.godot/imported/player_air_dash.png-a17aeeea7ab8931b27ac07da8a9a7ff2.ctex
Loading resource: res://assets/characters/player_double_jump.png
Loading resource: res://.godot/imported/player_double_jump.png-2618f84677f00029c0b113f21f999b50.ctex
Loading resource: res://assets/characters/player_wall_slide.png
Loading resource: res://.godot/imported/player_wall_slide.png-5768614b71e9b3e0872f45ce5135734d.ctex
Loading resource: res://assets/characters/player_wall_jump.png
Loading resource: res://.godot/imported/player_wall_jump.png-30d156fc0d137391c640850602e5d41b.ctex
Loading resource: res://assets/characters/player_swim.png
Loading resource: res://.godot/imported/player_swim.png-183785111f8e5e270807e4b8d3b4c206.ctex
Loading resource: res://assets/characters/player_swim_idle.png
Loading resource: res://.godot/imported/player_swim_idle.png-5e9711526bd3abf4e7493d936b3c405c.ctex
Loading resource: res://assets/characters/player_attack_2.png
Loading resource: res://.godot/imported/player_attack_2.png-1c3f75e251b4adc983f5963fc1194ace.ctex
Loading resource: res://assets/characters/player_attack_3.png
Loading resource: res://.godot/imported/player_attack_3.png-a90ac90177309dd41c23d7a196b1ecc5.ctex
Loading resource: res://assets/characters/player_ground_slam_start.png
Loading resource: res://.godot/imported/player_ground_slam_start.png-35670b6c1cb5778bb4084d6cda5fca78.ctex
Loading resource: res://assets/characters/player_ground_slam_fall.png
Loading resource: res://.godot/imported/player_ground_slam_fall.png-1ad4ff118b2f4c88029b7f2bd3933c92.ctex
Loading resource: res://assets/characters/player_ground_slam_impact.png
Loading resource: res://.godot/imported/player_ground_slam_impact.png-df1883c04ae51799d954a523995e2d38.ctex
Loading resource: res://assets/characters/player_grapple.png
Loading resource: res://.godot/imported/player_grapple.png-c9312f27489134016e09b62924ccfc54.ctex
Loading resource: res://assets/characters/player_phase.png
Loading resource: res://.godot/imported/player_phase.png-3f765db36d4f954395040195c665afcc.ctex
Loading resource: res://assets/characters/player_respawn.png
Loading resource: res://.godot/imported/player_respawn.png-6711506d9e2421b29e0cf23ea3d836b5.ctex
Loading resource: res://assets/characters/player_interact.png
Loading resource: res://.godot/imported/player_interact.png-321dc2368f547749c59501183d04f4c3.ctex
Loading resource: res://assets/characters/player_ability_acquire.png
Loading resource: res://.godot/imported/player_ability_acquire.png-4b16c2516cf783e3158a3cf5318c7b80.ctex
Loading resource: res://assets/characters/player_idle.png
Loading resource: res://.godot/imported/player_idle.png-57ac0c2f07b9c78d58884a3ea75b7817.ctex
Loading resource: res://assets/characters/player_attack_2.png
Loading resource: res://.godot/imported/player_attack_2.png-1c3f75e251b4adc983f5963fc1194ace.ctex
Loading resource: res://assets/characters/player_attack_3.png
Loading resource: res://.godot/imported/player_attack_3.png-a90ac90177309dd41c23d7a196b1ecc5.ctex
Loading resource: res://scripts/shaders/water_surface.gdshader
JOURNEY_ROOM room_019
Loading resource: res://assets/props/biome_0/biome_0_prop_5.png
Loading resource: res://.godot/imported/biome_0_prop_5.png-bfec1b2adaa6e97f9e107371a92144db.ctex
Loading resource: res://assets/props/biome_0/biome_0_prop_0.png
Loading resource: res://.godot/imported/biome_0_prop_0.png-73e40292eac12b3c1912a289dc9715a2.ctex
Loading resource: res://assets/architecture/stormglass/conditions/flooded_puddle.png
Loading resource: res://.godot/imported/flooded_puddle.png-aad96cd15ef478f3403b9a6e34a0075f.ctex
Loading resource: res://assets/architecture/stormglass/conditions/flooded_arch.png
Loading resource: res://.godot/imported/flooded_arch.png-5f5ba0162ea7c7999f31c4b9ac1a983c.ctex
Loading resource: res://assets/architecture/stormglass/conditions/flooded_waterline.png
Loading resource: res://.godot/imported/flooded_waterline.png-92dcba9013d524c992e4480d7f10a47a.ctex
TRANSITION_PROFILE from=room_018 to=room_019 physics_wait_ms=13.37 resource_ms=0.01 instantiate_ms=71.99 presentation_ms=1.71 fade_out_ms=195.85 fade_out_remainder_ms=108.38 fade_in_ms=146.29 total_ms=342.16
JOURNEY_PROGRESS {"attacks":49,"bosses":["boss_000","boss_001"],"health":70.0,"player":[697.425537109375,950.5908203125],"room":"room_019","steps":21,"tMs":135820,"velocity":[500.0,0.0]}
Loading resource: res://assets/characters/player_walk.png
Loading resource: res://.godot/imported/player_walk.png-d859f324b180e620b35176465490dc5b.ctex
Loading resource: res://assets/characters/player_run.png
Loading resource: res://.godot/imported/player_run.png-5e1ce216cbd5012d226154b2ece4de96.ctex
Loading resource: res://assets/characters/player_attack.png
Loading resource: res://.godot/imported/player_attack.png-4863c0bf2c0460d3acf05ba44fde6f12.ctex
Loading resource: res://assets/characters/player_hurt.png
Loading resource: res://.godot/imported/player_hurt.png-c4194612d851672462e70be083dfc07f.ctex
Loading resource: res://assets/characters/player_death.png
Loading resource: res://.godot/imported/player_death.png-c449be6e42ed0b63a564aca0303227d9.ctex
Loading resource: res://assets/characters/player_idle.png
Loading resource: res://.godot/imported/player_idle.png-57ac0c2f07b9c78d58884a3ea75b7817.ctex
Loading resource: res://assets/characters/player_walk.png
Loading resource: res://.godot/imported/player_walk.png-d859f324b180e620b35176465490dc5b.ctex
Loading resource: res://assets/characters/player_jump_start.png
Loading resource: res://.godot/imported/player_jump_start.png-31b8f78669a8f177025dfe4f1c97a7c8.ctex
Loading resource: res://assets/characters/player_jump.png
Loading resource: res://.godot/imported/player_jump.png-9a86ba95e37eabc7f640245357b986c1.ctex
Loading resource: res://assets/characters/player_fall.png
Loading resource: res://.godot/imported/player_fall.png-94cc22ab1c11bd32466bca9f5ab527db.ctex
Loading resource: res://assets/characters/player_land.png
Loading resource: res://.godot/imported/player_land.png-bf586b100a0da4f0aa95acb11fbc1f7d.ctex
Loading resource: res://assets/characters/player_dash.png
Loading resource: res://.godot/imported/player_dash.png-7ae88d1d170590815fc6d555ac1c1b62.ctex
Loading resource: res://assets/characters/player_air_dash.png
Loading resource: res://.godot/imported/player_air_dash.png-a17aeeea7ab8931b27ac07da8a9a7ff2.ctex
Loading resource: res://assets/characters/player_double_jump.png
Loading resource: res://.godot/imported/player_double_jump.png-2618f84677f00029c0b113f21f999b50.ctex
Loading resource: res://assets/characters/player_wall_slide.png
Loading resource: res://.godot/imported/player_wall_slide.png-5768614b71e9b3e0872f45ce5135734d.ctex
Loading resource: res://assets/characters/player_wall_jump.png
Loading resource: res://.godot/imported/player_wall_jump.png-30d156fc0d137391c640850602e5d41b.ctex
Loading resource: res://assets/characters/player_swim.png
Loading resource: res://.godot/imported/player_swim.png-183785111f8e5e270807e4b8d3b4c206.ctex
Loading resource: res://assets/characters/player_swim_idle.png
Loading resource: res://.godot/imported/player_swim_idle.png-5e9711526bd3abf4e7493d936b3c405c.ctex
Loading resource: res://assets/characters/player_attack_2.png
Loading resource: res://.godot/imported/player_attack_2.png-1c3f75e251b4adc983f5963fc1194ace.ctex
Loading resource: res://assets/characters/player_attack_3.png
Loading resource: res://.godot/imported/player_attack_3.png-a90ac90177309dd41c23d7a196b1ecc5.ctex
Loading resource: res://assets/characters/player_ground_slam_start.png
Loading resource: res://.godot/imported/player_ground_slam_start.png-35670b6c1cb5778bb4084d6cda5fca78.ctex
Loading resource: res://assets/characters/player_ground_slam_fall.png
Loading resource: res://.godot/imported/player_ground_slam_fall.png-1ad4ff118b2f4c88029b7f2bd3933c92.ctex
Loading resource: res://assets/characters/player_ground_slam_impact.png
Loading resource: res://.godot/imported/player_ground_slam_impact.png-df1883c04ae51799d954a523995e2d38.ctex
Loading resource: res://assets/characters/player_grapple.png
Loading resource: res://.godot/imported/player_grapple.png-c9312f27489134016e09b62924ccfc54.ctex
Loading resource: res://assets/characters/player_phase.png
Loading resource: res://.godot/imported/player_phase.png-3f765db36d4f954395040195c665afcc.ctex
Loading resource: res://assets/characters/player_respawn.png
Loading resource: res://.godot/imported/player_respawn.png-6711506d9e2421b29e0cf23ea3d836b5.ctex
Loading resource: res://assets/characters/player_interact.png
Loading resource: res://.godot/imported/player_interact.png-321dc2368f547749c59501183d04f4c3.ctex
Loading resource: res://assets/characters/player_ability_acquire.png
Loading resource: res://.godot/imported/player_ability_acquire.png-4b16c2516cf783e3158a3cf5318c7b80.ctex
Loading resource: res://assets/characters/player_idle.png
Loading resource: res://.godot/imported/player_idle.png-57ac0c2f07b9c78d58884a3ea75b7817.ctex
Loading resource: res://assets/characters/player_attack_2.png
Loading resource: res://.godot/imported/player_attack_2.png-1c3f75e251b4adc983f5963fc1194ace.ctex
Loading resource: res://assets/characters/player_attack_3.png
Loading resource: res://.godot/imported/player_attack_3.png-a90ac90177309dd41c23d7a196b1ecc5.ctex
Loading resource: res://scripts/shaders/water_surface.gdshader
JOURNEY_ROOM room_020
load_threaded_get_status(): No threaded load for resource path 'res://scenes/rooms/room_021.tscn' has been initiated or its result has already been collected.
Loading resource: res://scenes/rooms/room_021.tscn
Loading resource: res://assets/props/biome_0/biome_0_prop_0.png
Loading resource: res://.godot/imported/biome_0_prop_0.png-73e40292eac12b3c1912a289dc9715a2.ctex
Loading resource: res://assets/props/biome_0/biome_0_prop_5.png
Loading resource: res://.godot/imported/biome_0_prop_5.png-bfec1b2adaa6e97f9e107371a92144db.ctex
Loading resource: res://assets/architecture/stormglass/conditions/archive_bookcase.png
Loading resource: res://.godot/imported/archive_bookcase.png-8348ed48ed76d2030cee7aa161d2813e.ctex
Loading resource: res://assets/architecture/stormglass/conditions/archive_rubble.png
Loading resource: res://.godot/imported/archive_rubble.png-8ed21cf211745273f791600fd881f332.ctex
Loading resource: res://assets/architecture/stormglass/conditions/archive_books.png
Loading resource: res://.godot/imported/archive_books.png-dc0470931fdc0c9e8f86c2e7aee7a5c8.ctex
JOURNEY_PROGRESS {"attacks":49,"bosses":["boss_000","boss_001"],"health":70.0,"player":[130.174591064453,694.5927734375],"room":"room_020","steps":22,"tMs":140886,"velocity":[500.0,0.0]}
TRANSITION_PROFILE from=room_019 to=room_020 physics_wait_ms=0.09 resource_ms=0.03 instantiate_ms=61.90 presentation_ms=1.11 fade_out_ms=284.17 fade_out_remainder_ms=220.14 fade_in_ms=133.06 total_ms=417.25
Loading resource: res://assets/characters/player_walk.png
Loading resource: res://.godot/imported/player_walk.png-d859f324b180e620b35176465490dc5b.ctex
Loading resource: res://assets/characters/player_run.png
Loading resource: res://.godot/imported/player_run.png-5e1ce216cbd5012d226154b2ece4de96.ctex
Loading resource: res://assets/characters/player_attack.png
Loading resource: res://.godot/imported/player_attack.png-4863c0bf2c0460d3acf05ba44fde6f12.ctex
Loading resource: res://assets/characters/player_hurt.png
Loading resource: res://.godot/imported/player_hurt.png-c4194612d851672462e70be083dfc07f.ctex
Loading resource: res://assets/characters/player_death.png
Loading resource: res://.godot/imported/player_death.png-c449be6e42ed0b63a564aca0303227d9.ctex
Loading resource: res://assets/characters/player_idle.png
Loading resource: res://.godot/imported/player_idle.png-57ac0c2f07b9c78d58884a3ea75b7817.ctex
Loading resource: res://assets/characters/player_walk.png
Loading resource: res://.godot/imported/player_walk.png-d859f324b180e620b35176465490dc5b.ctex
Loading resource: res://assets/characters/player_jump_start.png
Loading resource: res://.godot/imported/player_jump_start.png-31b8f78669a8f177025dfe4f1c97a7c8.ctex
Loading resource: res://assets/characters/player_jump.png
Loading resource: res://.godot/imported/player_jump.png-9a86ba95e37eabc7f640245357b986c1.ctex
Loading resource: res://assets/characters/player_fall.png
Loading resource: res://.godot/imported/player_fall.png-94cc22ab1c11bd32466bca9f5ab527db.ctex
Loading resource: res://assets/characters/player_land.png
Loading resource: res://.godot/imported/player_land.png-bf586b100a0da4f0aa95acb11fbc1f7d.ctex
Loading resource: res://assets/characters/player_dash.png
Loading resource: res://.godot/imported/player_dash.png-7ae88d1d170590815fc6d555ac1c1b62.ctex
Loading resource: res://assets/characters/player_air_dash.png
Loading resource: res://.godot/imported/player_air_dash.png-a17aeeea7ab8931b27ac07da8a9a7ff2.ctex
Loading resource: res://assets/characters/player_double_jump.png
Loading resource: res://.godot/imported/player_double_jump.png-2618f84677f00029c0b113f21f999b50.ctex
Loading resource: res://assets/characters/player_wall_slide.png
Loading resource: res://.godot/imported/player_wall_slide.png-5768614b71e9b3e0872f45ce5135734d.ctex
Loading resource: res://assets/characters/player_wall_jump.png
Loading resource: res://.godot/imported/player_wall_jump.png-30d156fc0d137391c640850602e5d41b.ctex
Loading resource: res://assets/characters/player_swim.png
Loading resource: res://.godot/imported/player_swim.png-183785111f8e5e270807e4b8d3b4c206.ctex
Loading resource: res://assets/characters/player_swim_idle.png
Loading resource: res://.godot/imported/player_swim_idle.png-5e9711526bd3abf4e7493d936b3c405c.ctex
Loading resource: res://assets/characters/player_attack_2.png
Loading resource: res://.godot/imported/player_attack_2.png-1c3f75e251b4adc983f5963fc1194ace.ctex
Loading resource: res://assets/characters/player_attack_3.png
Loading resource: res://.godot/imported/player_attack_3.png-a90ac90177309dd41c23d7a196b1ecc5.ctex
Loading resource: res://assets/characters/player_ground_slam_start.png
Loading resource: res://.godot/imported/player_ground_slam_start.png-35670b6c1cb5778bb4084d6cda5fca78.ctex
Loading resource: res://assets/characters/player_ground_slam_fall.png
Loading resource: res://.godot/imported/player_ground_slam_fall.png-1ad4ff118b2f4c88029b7f2bd3933c92.ctex
Loading resource: res://assets/characters/player_ground_slam_impact.png
Loading resource: res://.godot/imported/player_ground_slam_impact.png-df1883c04ae51799d954a523995e2d38.ctex
Loading resource: res://assets/characters/player_grapple.png
Loading resource: res://.godot/imported/player_grapple.png-c9312f27489134016e09b62924ccfc54.ctex
Loading resource: res://assets/characters/player_phase.png
Loading resource: res://.godot/imported/player_phase.png-3f765db36d4f954395040195c665afcc.ctex
Loading resource: res://assets/characters/player_respawn.png
Loading resource: res://.godot/imported/player_respawn.png-6711506d9e2421b29e0cf23ea3d836b5.ctex
Loading resource: res://assets/characters/player_interact.png
Loading resource: res://.godot/imported/player_interact.png-321dc2368f547749c59501183d04f4c3.ctex
Loading resource: res://assets/characters/player_ability_acquire.png
Loading resource: res://.godot/imported/player_ability_acquire.png-4b16c2516cf783e3158a3cf5318c7b80.ctex
Loading resource: res://assets/characters/player_idle.png
Loading resource: res://.godot/imported/player_idle.png-57ac0c2f07b9c78d58884a3ea75b7817.ctex
Loading resource: res://assets/characters/player_attack_2.png
Loading resource: res://.godot/imported/player_attack_2.png-1c3f75e251b4adc983f5963fc1194ace.ctex
Loading resource: res://assets/characters/player_attack_3.png
Loading resource: res://.godot/imported/player_attack_3.png-a90ac90177309dd41c23d7a196b1ecc5.ctex
Loading resource: res://assets/enemies/enemy_001_walk.png
Loading resource: res://.godot/imported/enemy_001_walk.png-9cbabe5661b8752cdaff4753e2200256.ctex
Loading resource: res://assets/enemies/enemy_001_run.png
Loading resource: res://.godot/imported/enemy_001_run.png-4f611f7bb5a2ffde06b28c823530eb5c.ctex
Loading resource: res://assets/enemies/enemy_001_attack.png
Loading resource: res://.godot/imported/enemy_001_attack.png-43df2e5cdc90afbedaa0ede27bd2b2a6.ctex
Loading resource: res://assets/enemies/enemy_001_hurt.png
Loading resource: res://.godot/imported/enemy_001_hurt.png-8ccb5c6ff3b9e5c8f7713b8ee2725438.ctex
Loading resource: res://assets/enemies/enemy_001_death.png
Loading resource: res://.godot/imported/enemy_001_death.png-c9638a17eaf8fe038817d01d778ae7fe.ctex
Loading resource: res://assets/enemies/enemy_000_idle.png
Loading resource: res://.godot/imported/enemy_000_idle.png-76c61c9d6383a2667495b6e586abbcc6.ctex
Loading resource: res://assets/enemies/enemy_001_idle.png
Loading resource: res://.godot/imported/enemy_001_idle.png-461999063ed7a36ddceb5572d9b5c3a6.ctex
Loading resource: res://assets/enemies/enemy_003_walk.png
Loading resource: res://.godot/imported/enemy_003_walk.png-31ec4746ecb454e7afa9832c4f11e414.ctex
Loading resource: res://assets/enemies/enemy_003_run.png
Loading resource: res://.godot/imported/enemy_003_run.png-3a7f8727d7cd9338960b1853bfd0e231.ctex
Loading resource: res://assets/enemies/enemy_003_attack.png
Loading resource: res://.godot/imported/enemy_003_attack.png-11c997b149bbeb70239df287692e50e4.ctex
Loading resource: res://assets/enemies/enemy_003_hurt.png
Loading resource: res://.godot/imported/enemy_003_hurt.png-ea273e1b5959e6ae7ff75c890bf6f91f.ctex
Loading resource: res://assets/enemies/enemy_003_death.png
Loading resource: res://.godot/imported/enemy_003_death.png-51d8008f5327815029b710c95713c548.ctex
Loading resource: res://assets/enemies/enemy_000_idle.png
Loading resource: res://.godot/imported/enemy_000_idle.png-76c61c9d6383a2667495b6e586abbcc6.ctex
Loading resource: res://assets/enemies/enemy_003_idle.png
Loading resource: res://.godot/imported/enemy_003_idle.png-b7c9d489347aea559ce55176ea954503.ctex
Loading resource: res://assets/enemies/enemy_003_fly.png
Loading resource: res://.godot/imported/enemy_003_fly.png-a844831a3cacd8a9564321c32f75da44.ctex
Loading resource: res://assets/enemies/enemy_005_walk.png
Loading resource: res://.godot/imported/enemy_005_walk.png-9a0c2c4fff06839f969b24c99bd17a41.ctex
Loading resource: res://assets/enemies/enemy_005_run.png
Loading resource: res://.godot/imported/enemy_005_run.png-84e01ee174d2cac6724fba96fee7defc.ctex
Loading resource: res://assets/enemies/enemy_005_attack.png
Loading resource: res://.godot/imported/enemy_005_attack.png-71ede53e45690480d31b3b9c86b22069.ctex
Loading resource: res://assets/enemies/enemy_005_hurt.png
Loading resource: res://.godot/imported/enemy_005_hurt.png-75ac49e7467cd5dd0d58cd7fc95475b1.ctex
Loading resource: res://assets/enemies/enemy_005_death.png
Loading resource: res://.godot/imported/enemy_005_death.png-fc49f7da908acde264d919c3217da531.ctex
Loading resource: res://assets/enemies/enemy_000_idle.png
Loading resource: res://.godot/imported/enemy_000_idle.png-76c61c9d6383a2667495b6e586abbcc6.ctex
Loading resource: res://assets/enemies/enemy_005_idle.png
Loading resource: res://.godot/imported/enemy_005_idle.png-00bc4b00441a6d6dda7f57a475102c10.ctex
Loading resource: res://assets/enemies/enemy_007_walk.png
Loading resource: res://.godot/imported/enemy_007_walk.png-7b26fee389d5320e0a48561296249b8c.ctex
Loading resource: res://assets/enemies/enemy_007_run.png
Loading resource: res://.godot/imported/enemy_007_run.png-20effc5da70f2e083362ca5f0705b4ce.ctex
Loading resource: res://assets/enemies/enemy_007_attack.png
Loading resource: res://.godot/imported/enemy_007_attack.png-463753e2a1f96f247ab8f15b598e951b.ctex
Loading resource: res://assets/enemies/enemy_007_hurt.png
Loading resource: res://.godot/imported/enemy_007_hurt.png-031436a48b5cb00187cf312b8f648dd8.ctex
Loading resource: res://assets/enemies/enemy_007_death.png
Loading resource: res://.godot/imported/enemy_007_death.png-d92672976f26cb6f83e5b943e0535283.ctex
Loading resource: res://assets/enemies/enemy_000_idle.png
Loading resource: res://.godot/imported/enemy_000_idle.png-76c61c9d6383a2667495b6e586abbcc6.ctex
Loading resource: res://assets/enemies/enemy_007_idle.png
Loading resource: res://.godot/imported/enemy_007_idle.png-a72680aeb6e731cf5ac6dce6be4fe528.ctex
Loading resource: res://scripts/shaders/water_surface.gdshader
JOURNEY_ROOM room_021
load_threaded_get_status(): No threaded load for resource path 'res://scenes/rooms/room_022.tscn' has been initiated or its result has already been collected.
Loading resource: res://scenes/rooms/room_022.tscn
JOURNEY_PROGRESS {"attacks":49,"bosses":["boss_000","boss_001"],"health":70.0,"player":[112.0,1472.0],"room":"room_021","steps":22,"tMs":145941,"velocity":[0.0,0.0]}
Loading resource: res://assets/props/biome_0/biome_0_prop_8.png
Loading resource: res://.godot/imported/biome_0_prop_8.png-b15de6f6b4655c20288f53adf905da33.ctex
Loading resource: res://assets/props/biome_0/biome_0_prop_0.png
Loading resource: res://.godot/imported/biome_0_prop_0.png-73e40292eac12b3c1912a289dc9715a2.ctex
Loading resource: res://assets/props/biome_0/biome_0_prop_5.png
Loading resource: res://.godot/imported/biome_0_prop_5.png-bfec1b2adaa6e97f9e107371a92144db.ctex
Loading resource: res://assets/architecture/stormglass/conditions/archive_books.png
Loading resource: res://.godot/imported/archive_books.png-dc0470931fdc0c9e8f86c2e7aee7a5c8.ctex
Loading resource: res://assets/architecture/stormglass/conditions/archive_balcony.png
Loading resource: res://.godot/imported/archive_balcony.png-1c3ad6ef970e4601b4568e33599dcc54.ctex
TRANSITION_PROFILE from=room_020 to=room_021 physics_wait_ms=0.12 resource_ms=0.03 instantiate_ms=102.40 presentation_ms=1.09 fade_out_ms=212.06 fade_out_remainder_ms=107.40 fade_in_ms=132.34 total_ms=344.43
JOURNEY_PROGRESS {"attacks":52,"bosses":["boss_000","boss_001"],"health":70.0,"player":[1833.01049804688,1340.49731445313],"room":"room_021","steps":23,"tMs":150944,"velocity":[305.0,-511.000030517578]}
Loading resource: res://assets/characters/player_walk.png
Loading resource: res://.godot/imported/player_walk.png-d859f324b180e620b35176465490dc5b.ctex
Loading resource: res://assets/characters/player_run.png
Loading resource: res://.godot/imported/player_run.png-5e1ce216cbd5012d226154b2ece4de96.ctex
Loading resource: res://assets/characters/player_attack.png
Loading resource: res://.godot/imported/player_attack.png-4863c0bf2c0460d3acf05ba44fde6f12.ctex
Loading resource: res://assets/characters/player_hurt.png
Loading resource: res://.godot/imported/player_hurt.png-c4194612d851672462e70be083dfc07f.ctex
Loading resource: res://assets/characters/player_death.png
Loading resource: res://.godot/imported/player_death.png-c449be6e42ed0b63a564aca0303227d9.ctex
Loading resource: res://assets/characters/player_idle.png
Loading resource: res://.godot/imported/player_idle.png-57ac0c2f07b9c78d58884a3ea75b7817.ctex
Loading resource: res://assets/characters/player_walk.png
Loading resource: res://.godot/imported/player_walk.png-d859f324b180e620b35176465490dc5b.ctex
Loading resource: res://assets/characters/player_jump_start.png
Loading resource: res://.godot/imported/player_jump_start.png-31b8f78669a8f177025dfe4f1c97a7c8.ctex
Loading resource: res://assets/characters/player_jump.png
Loading resource: res://.godot/imported/player_jump.png-9a86ba95e37eabc7f640245357b986c1.ctex
Loading resource: res://assets/characters/player_fall.png
Loading resource: res://.godot/imported/player_fall.png-94cc22ab1c11bd32466bca9f5ab527db.ctex
Loading resource: res://assets/characters/player_land.png
Loading resource: res://.godot/imported/player_land.png-bf586b100a0da4f0aa95acb11fbc1f7d.ctex
Loading resource: res://assets/characters/player_dash.png
Loading resource: res://.godot/imported/player_dash.png-7ae88d1d170590815fc6d555ac1c1b62.ctex
Loading resource: res://assets/characters/player_air_dash.png
Loading resource: res://.godot/imported/player_air_dash.png-a17aeeea7ab8931b27ac07da8a9a7ff2.ctex
Loading resource: res://assets/characters/player_double_jump.png
Loading resource: res://.godot/imported/player_double_jump.png-2618f84677f00029c0b113f21f999b50.ctex
Loading resource: res://assets/characters/player_wall_slide.png
Loading resource: res://.godot/imported/player_wall_slide.png-5768614b71e9b3e0872f45ce5135734d.ctex
Loading resource: res://assets/characters/player_wall_jump.png
Loading resource: res://.godot/imported/player_wall_jump.png-30d156fc0d137391c640850602e5d41b.ctex
Loading resource: res://assets/characters/player_swim.png
Loading resource: res://.godot/imported/player_swim.png-183785111f8e5e270807e4b8d3b4c206.ctex
Loading resource: res://assets/characters/player_swim_idle.png
Loading resource: res://.godot/imported/player_swim_idle.png-5e9711526bd3abf4e7493d936b3c405c.ctex
Loading resource: res://assets/characters/player_attack_2.png
Loading resource: res://.godot/imported/player_attack_2.png-1c3f75e251b4adc983f5963fc1194ace.ctex
Loading resource: res://assets/characters/player_attack_3.png
Loading resource: res://.godot/imported/player_attack_3.png-a90ac90177309dd41c23d7a196b1ecc5.ctex
Loading resource: res://assets/characters/player_ground_slam_start.png
Loading resource: res://.godot/imported/player_ground_slam_start.png-35670b6c1cb5778bb4084d6cda5fca78.ctex
Loading resource: res://assets/characters/player_ground_slam_fall.png
Loading resource: res://.godot/imported/player_ground_slam_fall.png-1ad4ff118b2f4c88029b7f2bd3933c92.ctex
Loading resource: res://assets/characters/player_ground_slam_impact.png
Loading resource: res://.godot/imported/player_ground_slam_impact.png-df1883c04ae51799d954a523995e2d38.ctex
Loading resource: res://assets/characters/player_grapple.png
Loading resource: res://.godot/imported/player_grapple.png-c9312f27489134016e09b62924ccfc54.ctex
Loading resource: res://assets/characters/player_phase.png
Loading resource: res://.godot/imported/player_phase.png-3f765db36d4f954395040195c665afcc.ctex
Loading resource: res://assets/characters/player_respawn.png
Loading resource: res://.godot/imported/player_respawn.png-6711506d9e2421b29e0cf23ea3d836b5.ctex
Loading resource: res://assets/characters/player_interact.png
Loading resource: res://.godot/imported/player_interact.png-321dc2368f547749c59501183d04f4c3.ctex
Loading resource: res://assets/characters/player_ability_acquire.png
Loading resource: res://.godot/imported/player_ability_acquire.png-4b16c2516cf783e3158a3cf5318c7b80.ctex
Loading resource: res://assets/characters/player_idle.png
Loading resource: res://.godot/imported/player_idle.png-57ac0c2f07b9c78d58884a3ea75b7817.ctex
Loading resource: res://assets/characters/player_attack_2.png
Loading resource: res://.godot/imported/player_attack_2.png-1c3f75e251b4adc983f5963fc1194ace.ctex
Loading resource: res://assets/characters/player_attack_3.png
Loading resource: res://.godot/imported/player_attack_3.png-a90ac90177309dd41c23d7a196b1ecc5.ctex
Loading resource: res://assets/enemies/enemy_002_walk.png
Loading resource: res://.godot/imported/enemy_002_walk.png-b417e82ff4a62fbbd0f62cef74c9fc96.ctex
Loading resource: res://assets/enemies/enemy_002_run.png
Loading resource: res://.godot/imported/enemy_002_run.png-df3913afec5e0e6f685d7fbdaba05b97.ctex
Loading resource: res://assets/enemies/enemy_002_attack.png
Loading resource: res://.godot/imported/enemy_002_attack.png-98f181f8445163967a847a4b21772e45.ctex
Loading resource: res://assets/enemies/enemy_002_hurt.png
Loading resource: res://.godot/imported/enemy_002_hurt.png-025717c52c6c38c8f632bc68fc760ba3.ctex
Loading resource: res://assets/enemies/enemy_002_death.png
Loading resource: res://.godot/imported/enemy_002_death.png-804c574e58e725364625bd6d2c2d3ac8.ctex
Loading resource: res://assets/enemies/enemy_000_idle.png
Loading resource: res://.godot/imported/enemy_000_idle.png-76c61c9d6383a2667495b6e586abbcc6.ctex
Loading resource: res://assets/enemies/enemy_002_idle.png
Loading resource: res://.godot/imported/enemy_002_idle.png-cb65520f1f23691a5ffb0a3b175c18c2.ctex
Loading resource: res://assets/enemies/enemy_002_fly.png
Loading resource: res://.godot/imported/enemy_002_fly.png-54f1dc9fe3e91d3316c43f2b3537eae9.ctex
Loading resource: res://assets/enemies/enemy_004_walk.png
Loading resource: res://.godot/imported/enemy_004_walk.png-64ff563a90a3d9c1d878114fd0b0f5ea.ctex
Loading resource: res://assets/enemies/enemy_004_run.png
Loading resource: res://.godot/imported/enemy_004_run.png-91e69725e5e86b29d07025f92f93eece.ctex
Loading resource: res://assets/enemies/enemy_004_attack.png
Loading resource: res://.godot/imported/enemy_004_attack.png-b408692943f11c1ff6d5a8239bf08656.ctex
Loading resource: res://assets/enemies/enemy_004_hurt.png
Loading resource: res://.godot/imported/enemy_004_hurt.png-83764096931c835d327c412380864c82.ctex
Loading resource: res://assets/enemies/enemy_004_death.png
Loading resource: res://.godot/imported/enemy_004_death.png-fe3863f1e7d21399c8e8405730166192.ctex
Loading resource: res://assets/enemies/enemy_000_idle.png
Loading resource: res://.godot/imported/enemy_000_idle.png-76c61c9d6383a2667495b6e586abbcc6.ctex
Loading resource: res://assets/enemies/enemy_004_idle.png
Loading resource: res://.godot/imported/enemy_004_idle.png-c29b5860ea7fddbfbc24d7eb5f50da5f.ctex
Loading resource: res://scripts/shaders/water_surface.gdshader
JOURNEY_ROOM room_022
load_threaded_get_status(): No threaded load for resource path 'res://scenes/rooms/room_023.tscn' has been initiated or its result has already been collected.
Loading resource: res://scenes/rooms/room_023.tscn
Loading resource: res://assets/props/biome_0/biome_0_prop_4.png
Loading resource: res://.godot/imported/biome_0_prop_4.png-3e477cd9fd333a2f7bb1206d873841a1.ctex
Loading resource: res://assets/props/biome_0/biome_0_prop_3.png
Loading resource: res://.godot/imported/biome_0_prop_3.png-73daeec458904d2d8774f8d068ddf645.ctex
Loading resource: res://assets/props/biome_0/biome_0_prop_5.png
Loading resource: res://.godot/imported/biome_0_prop_5.png-bfec1b2adaa6e97f9e107371a92144db.ctex
Loading resource: res://assets/architecture/stormglass/conditions/archive_rubble.png
Loading resource: res://.godot/imported/archive_rubble.png-8ed21cf211745273f791600fd881f332.ctex
Loading resource: res://assets/architecture/stormglass/conditions/archive_bookcase.png
Loading resource: res://.godot/imported/archive_bookcase.png-8348ed48ed76d2030cee7aa161d2813e.ctex
TRANSITION_PROFILE from=room_021 to=room_022 physics_wait_ms=0.12 resource_ms=0.04 instantiate_ms=91.15 presentation_ms=1.48 fade_out_ms=274.77 fade_out_remainder_ms=180.73 fade_in_ms=145.89 total_ms=420.69
JOURNEY_PROGRESS {"attacks":53,"bosses":["boss_000","boss_001"],"health":70.0,"player":[1406.25939941406,2161.75830078125],"room":"room_022","steps":24,"tMs":155986,"velocity":[220.0,403.666839599609]}
Loading resource: res://assets/characters/player_walk.png
Loading resource: res://.godot/imported/player_walk.png-d859f324b180e620b35176465490dc5b.ctex
Loading resource: res://assets/characters/player_run.png
Loading resource: res://.godot/imported/player_run.png-5e1ce216cbd5012d226154b2ece4de96.ctex
Loading resource: res://assets/characters/player_attack.png
Loading resource: res://.godot/imported/player_attack.png-4863c0bf2c0460d3acf05ba44fde6f12.ctex
Loading resource: res://assets/characters/player_hurt.png
Loading resource: res://.godot/imported/player_hurt.png-c4194612d851672462e70be083dfc07f.ctex
Loading resource: res://assets/characters/player_death.png
Loading resource: res://.godot/imported/player_death.png-c449be6e42ed0b63a564aca0303227d9.ctex
Loading resource: res://assets/characters/player_idle.png
Loading resource: res://.godot/imported/player_idle.png-57ac0c2f07b9c78d58884a3ea75b7817.ctex
Loading resource: res://assets/characters/player_walk.png
Loading resource: res://.godot/imported/player_walk.png-d859f324b180e620b35176465490dc5b.ctex
Loading resource: res://assets/characters/player_jump_start.png
Loading resource: res://.godot/imported/player_jump_start.png-31b8f78669a8f177025dfe4f1c97a7c8.ctex
Loading resource: res://assets/characters/player_jump.png
Loading resource: res://.godot/imported/player_jump.png-9a86ba95e37eabc7f640245357b986c1.ctex
Loading resource: res://assets/characters/player_fall.png
Loading resource: res://.godot/imported/player_fall.png-94cc22ab1c11bd32466bca9f5ab527db.ctex
Loading resource: res://assets/characters/player_land.png
Loading resource: res://.godot/imported/player_land.png-bf586b100a0da4f0aa95acb11fbc1f7d.ctex
Loading resource: res://assets/characters/player_dash.png
Loading resource: res://.godot/imported/player_dash.png-7ae88d1d170590815fc6d555ac1c1b62.ctex
Loading resource: res://assets/characters/player_air_dash.png
Loading resource: res://.godot/imported/player_air_dash.png-a17aeeea7ab8931b27ac07da8a9a7ff2.ctex
Loading resource: res://assets/characters/player_double_jump.png
Loading resource: res://.godot/imported/player_double_jump.png-2618f84677f00029c0b113f21f999b50.ctex
Loading resource: res://assets/characters/player_wall_slide.png
Loading resource: res://.godot/imported/player_wall_slide.png-5768614b71e9b3e0872f45ce5135734d.ctex
Loading resource: res://assets/characters/player_wall_jump.png
Loading resource: res://.godot/imported/player_wall_jump.png-30d156fc0d137391c640850602e5d41b.ctex
Loading resource: res://assets/characters/player_swim.png
Loading resource: res://.godot/imported/player_swim.png-183785111f8e5e270807e4b8d3b4c206.ctex
Loading resource: res://assets/characters/player_swim_idle.png
Loading resource: res://.godot/imported/player_swim_idle.png-5e9711526bd3abf4e7493d936b3c405c.ctex
Loading resource: res://assets/characters/player_attack_2.png
Loading resource: res://.godot/imported/player_attack_2.png-1c3f75e251b4adc983f5963fc1194ace.ctex
Loading resource: res://assets/characters/player_attack_3.png
Loading resource: res://.godot/imported/player_attack_3.png-a90ac90177309dd41c23d7a196b1ecc5.ctex
Loading resource: res://assets/characters/player_ground_slam_start.png
Loading resource: res://.godot/imported/player_ground_slam_start.png-35670b6c1cb5778bb4084d6cda5fca78.ctex
Loading resource: res://assets/characters/player_ground_slam_fall.png
Loading resource: res://.godot/imported/player_ground_slam_fall.png-1ad4ff118b2f4c88029b7f2bd3933c92.ctex
Loading resource: res://assets/characters/player_ground_slam_impact.png
Loading resource: res://.godot/imported/player_ground_slam_impact.png-df1883c04ae51799d954a523995e2d38.ctex
Loading resource: res://assets/characters/player_grapple.png
Loading resource: res://.godot/imported/player_grapple.png-c9312f27489134016e09b62924ccfc54.ctex
Loading resource: res://assets/characters/player_phase.png
Loading resource: res://.godot/imported/player_phase.png-3f765db36d4f954395040195c665afcc.ctex
Loading resource: res://assets/characters/player_respawn.png
Loading resource: res://.godot/imported/player_respawn.png-6711506d9e2421b29e0cf23ea3d836b5.ctex
Loading resource: res://assets/characters/player_interact.png
Loading resource: res://.godot/imported/player_interact.png-321dc2368f547749c59501183d04f4c3.ctex
Loading resource: res://assets/characters/player_ability_acquire.png
Loading resource: res://.godot/imported/player_ability_acquire.png-4b16c2516cf783e3158a3cf5318c7b80.ctex
Loading resource: res://assets/characters/player_idle.png
Loading resource: res://.godot/imported/player_idle.png-57ac0c2f07b9c78d58884a3ea75b7817.ctex
Loading resource: res://assets/characters/player_attack_2.png
Loading resource: res://.godot/imported/player_attack_2.png-1c3f75e251b4adc983f5963fc1194ace.ctex
Loading resource: res://assets/characters/player_attack_3.png
Loading resource: res://.godot/imported/player_attack_3.png-a90ac90177309dd41c23d7a196b1ecc5.ctex
Loading resource: res://assets/props/interact/ability.png
Loading resource: res://.godot/imported/ability.png-5e6c3b0f92cd7de4560df50f88c083ea.ctex
Loading resource: res://scripts/shaders/water_surface.gdshader
JOURNEY_ROOM room_023
load_threaded_get_status(): No threaded load for resource path 'res://scenes/rooms/room_024.tscn' has been initiated or its result has already been collected.
Loading resource: res://scenes/rooms/room_024.tscn
Loading resource: res://assets/props/biome_0/biome_0_prop_11.png
Loading resource: res://.godot/imported/biome_0_prop_11.png-ed2bd5641f011f7120f0ef6865d5fcc7.ctex
Loading resource: res://assets/props/biome_0/biome_0_prop_6.png
Loading resource: res://.godot/imported/biome_0_prop_6.png-f1219e3c174ea13acd6cd2cbc22eafed.ctex
Loading resource: res://assets/architecture/stormglass/conditions/archive_balcony.png
Loading resource: res://.godot/imported/archive_balcony.png-1c3ad6ef970e4601b4568e33599dcc54.ctex
Loading resource: res://assets/architecture/stormglass/conditions/archive_books.png
Loading resource: res://.godot/imported/archive_books.png-dc0470931fdc0c9e8f86c2e7aee7a5c8.ctex
Loading resource: res://assets/architecture/stormglass/conditions/archive_bookcase.png
Loading resource: res://.godot/imported/archive_bookcase.png-8348ed48ed76d2030cee7aa161d2813e.ctex
TRANSITION_PROFILE from=room_022 to=room_023 physics_wait_ms=0.22 resource_ms=0.05 instantiate_ms=62.30 presentation_ms=1.58 fade_out_ms=237.44 fade_out_remainder_ms=172.05 fade_in_ms=119.00 total_ms=356.48
Loading resource: res://assets/characters/player_walk.png
Loading resource: res://.godot/imported/player_walk.png-d859f324b180e620b35176465490dc5b.ctex
Loading resource: res://assets/characters/player_run.png
Loading resource: res://.godot/imported/player_run.png-5e1ce216cbd5012d226154b2ece4de96.ctex
Loading resource: res://assets/characters/player_attack.png
Loading resource: res://.godot/imported/player_attack.png-4863c0bf2c0460d3acf05ba44fde6f12.ctex
Loading resource: res://assets/characters/player_hurt.png
Loading resource: res://.godot/imported/player_hurt.png-c4194612d851672462e70be083dfc07f.ctex
Loading resource: res://assets/characters/player_death.png
Loading resource: res://.godot/imported/player_death.png-c449be6e42ed0b63a564aca0303227d9.ctex
Loading resource: res://assets/characters/player_idle.png
Loading resource: res://.godot/imported/player_idle.png-57ac0c2f07b9c78d58884a3ea75b7817.ctex
Loading resource: res://assets/characters/player_walk.png
Loading resource: res://.godot/imported/player_walk.png-d859f324b180e620b35176465490dc5b.ctex
Loading resource: res://assets/characters/player_jump_start.png
Loading resource: res://.godot/imported/player_jump_start.png-31b8f78669a8f177025dfe4f1c97a7c8.ctex
Loading resource: res://assets/characters/player_jump.png
Loading resource: res://.godot/imported/player_jump.png-9a86ba95e37eabc7f640245357b986c1.ctex
Loading resource: res://assets/characters/player_fall.png
Loading resource: res://.godot/imported/player_fall.png-94cc22ab1c11bd32466bca9f5ab527db.ctex
Loading resource: res://assets/characters/player_land.png
Loading resource: res://.godot/imported/player_land.png-bf586b100a0da4f0aa95acb11fbc1f7d.ctex
Loading resource: res://assets/characters/player_dash.png
Loading resource: res://.godot/imported/player_dash.png-7ae88d1d170590815fc6d555ac1c1b62.ctex
Loading resource: res://assets/characters/player_air_dash.png
Loading resource: res://.godot/imported/player_air_dash.png-a17aeeea7ab8931b27ac07da8a9a7ff2.ctex
Loading resource: res://assets/characters/player_double_jump.png
Loading resource: res://.godot/imported/player_double_jump.png-2618f84677f00029c0b113f21f999b50.ctex
Loading resource: res://assets/characters/player_wall_slide.png
Loading resource: res://.godot/imported/player_wall_slide.png-5768614b71e9b3e0872f45ce5135734d.ctex
Loading resource: res://assets/characters/player_wall_jump.png
Loading resource: res://.godot/imported/player_wall_jump.png-30d156fc0d137391c640850602e5d41b.ctex
Loading resource: res://assets/characters/player_swim.png
Loading resource: res://.godot/imported/player_swim.png-183785111f8e5e270807e4b8d3b4c206.ctex
Loading resource: res://assets/characters/player_swim_idle.png
Loading resource: res://.godot/imported/player_swim_idle.png-5e9711526bd3abf4e7493d936b3c405c.ctex
Loading resource: res://assets/characters/player_attack_2.png
Loading resource: res://.godot/imported/player_attack_2.png-1c3f75e251b4adc983f5963fc1194ace.ctex
Loading resource: res://assets/characters/player_attack_3.png
Loading resource: res://.godot/imported/player_attack_3.png-a90ac90177309dd41c23d7a196b1ecc5.ctex
Loading resource: res://assets/characters/player_ground_slam_start.png
Loading resource: res://.godot/imported/player_ground_slam_start.png-35670b6c1cb5778bb4084d6cda5fca78.ctex
Loading resource: res://assets/characters/player_ground_slam_fall.png
Loading resource: res://.godot/imported/player_ground_slam_fall.png-1ad4ff118b2f4c88029b7f2bd3933c92.ctex
Loading resource: res://assets/characters/player_ground_slam_impact.png
Loading resource: res://.godot/imported/player_ground_slam_impact.png-df1883c04ae51799d954a523995e2d38.ctex
Loading resource: res://assets/characters/player_grapple.png
Loading resource: res://.godot/imported/player_grapple.png-c9312f27489134016e09b62924ccfc54.ctex
Loading resource: res://assets/characters/player_phase.png
Loading resource: res://.godot/imported/player_phase.png-3f765db36d4f954395040195c665afcc.ctex
Loading resource: res://assets/characters/player_respawn.png
Loading resource: res://.godot/imported/player_respawn.png-6711506d9e2421b29e0cf23ea3d836b5.ctex
Loading resource: res://assets/characters/player_interact.png
Loading resource: res://.godot/imported/player_interact.png-321dc2368f547749c59501183d04f4c3.ctex
Loading resource: res://assets/characters/player_ability_acquire.png
Loading resource: res://.godot/imported/player_ability_acquire.png-4b16c2516cf783e3158a3cf5318c7b80.ctex
Loading resource: res://assets/characters/player_idle.png
Loading resource: res://.godot/imported/player_idle.png-57ac0c2f07b9c78d58884a3ea75b7817.ctex
Loading resource: res://assets/characters/player_attack_2.png
Loading resource: res://.godot/imported/player_attack_2.png-1c3f75e251b4adc983f5963fc1194ace.ctex
Loading resource: res://assets/characters/player_attack_3.png
Loading resource: res://.godot/imported/player_attack_3.png-a90ac90177309dd41c23d7a196b1ecc5.ctex
Loading resource: res://assets/enemies/enemy_004_walk.png
Loading resource: res://.godot/imported/enemy_004_walk.png-64ff563a90a3d9c1d878114fd0b0f5ea.ctex
Loading resource: res://assets/enemies/enemy_004_run.png
Loading resource: res://.godot/imported/enemy_004_run.png-91e69725e5e86b29d07025f92f93eece.ctex
Loading resource: res://assets/enemies/enemy_004_attack.png
Loading resource: res://.godot/imported/enemy_004_attack.png-b408692943f11c1ff6d5a8239bf08656.ctex
Loading resource: res://assets/enemies/enemy_004_hurt.png
Loading resource: res://.godot/imported/enemy_004_hurt.png-83764096931c835d327c412380864c82.ctex
Loading resource: res://assets/enemies/enemy_004_death.png
Loading resource: res://.godot/imported/enemy_004_death.png-fe3863f1e7d21399c8e8405730166192.ctex
Loading resource: res://assets/enemies/enemy_000_idle.png
Loading resource: res://.godot/imported/enemy_000_idle.png-76c61c9d6383a2667495b6e586abbcc6.ctex
Loading resource: res://assets/enemies/enemy_004_idle.png
Loading resource: res://.godot/imported/enemy_004_idle.png-c29b5860ea7fddbfbc24d7eb5f50da5f.ctex
Loading resource: res://assets/enemies/enemy_006_walk.png
Loading resource: res://.godot/imported/enemy_006_walk.png-f4b7cc17d538ce3db7972baeecd9b8a9.ctex
Loading resource: res://assets/enemies/enemy_006_run.png
Loading resource: res://.godot/imported/enemy_006_run.png-cbf32aef5a7fbeb35f41d1baa44bd8b4.ctex
Loading resource: res://assets/enemies/enemy_006_attack.png
Loading resource: res://.godot/imported/enemy_006_attack.png-e912148ee711a85fbb6be3237903515b.ctex
Loading resource: res://assets/enemies/enemy_006_hurt.png
Loading resource: res://.godot/imported/enemy_006_hurt.png-c0d57c1627cce9a6c8f9aae6474bfbd6.ctex
Loading resource: res://assets/enemies/enemy_006_death.png
Loading resource: res://.godot/imported/enemy_006_death.png-79c59a9ff3d14193d862418f41bcfdd5.ctex
Loading resource: res://assets/enemies/enemy_000_idle.png
Loading resource: res://.godot/imported/enemy_000_idle.png-76c61c9d6383a2667495b6e586abbcc6.ctex
Loading resource: res://assets/enemies/enemy_006_idle.png
Loading resource: res://.godot/imported/enemy_006_idle.png-77f33afa45c735a2be2e8a665f09b1c5.ctex
Loading resource: res://assets/enemies/enemy_008_walk.png
Loading resource: res://.godot/imported/enemy_008_walk.png-38584f0c6615be9384f33854079544f0.ctex
Loading resource: res://assets/enemies/enemy_008_run.png
Loading resource: res://.godot/imported/enemy_008_run.png-d26dc9d411418f0faebb5b133087c886.ctex
Loading resource: res://assets/enemies/enemy_008_attack.png
Loading resource: res://.godot/imported/enemy_008_attack.png-31480baf75081f044ec1bf4a84c9b832.ctex
Loading resource: res://assets/enemies/enemy_008_hurt.png
Loading resource: res://.godot/imported/enemy_008_hurt.png-518a42971b6dd21680a714ede2283499.ctex
Loading resource: res://assets/enemies/enemy_008_death.png
Loading resource: res://.godot/imported/enemy_008_death.png-3b027e39e9e9b0474f810aea9bd74218.ctex
Loading resource: res://assets/enemies/enemy_000_idle.png
Loading resource: res://.godot/imported/enemy_000_idle.png-76c61c9d6383a2667495b6e586abbcc6.ctex
Loading resource: res://assets/enemies/enemy_008_idle.png
Loading resource: res://.godot/imported/enemy_008_idle.png-9288c10ee3db517cfe36108f11a56ad7.ctex
Loading resource: res://assets/enemies/enemy_010_walk.png
Loading resource: res://.godot/imported/enemy_010_walk.png-59a0157fe47a287ad87999d0d04ad41f.ctex
Loading resource: res://assets/enemies/enemy_010_run.png
Loading resource: res://.godot/imported/enemy_010_run.png-7fdb46bd038d4572196195487f19b4ba.ctex
Loading resource: res://assets/enemies/enemy_010_attack.png
Loading resource: res://.godot/imported/enemy_010_attack.png-9659ffad112670b261cf28a14102e2d4.ctex
Loading resource: res://assets/enemies/enemy_010_hurt.png
Loading resource: res://.godot/imported/enemy_010_hurt.png-425d143eba69f7078386d29707eab954.ctex
Loading resource: res://assets/enemies/enemy_010_death.png
Loading resource: res://.godot/imported/enemy_010_death.png-e224c3d5904b70320024eeb297540105.ctex
Loading resource: res://assets/enemies/enemy_000_idle.png
Loading resource: res://.godot/imported/enemy_000_idle.png-76c61c9d6383a2667495b6e586abbcc6.ctex
Loading resource: res://assets/enemies/enemy_010_idle.png
Loading resource: res://.godot/imported/enemy_010_idle.png-3eae440d067be3a5719c9cd8a826d6b4.ctex
Loading resource: res://scripts/shaders/water_surface.gdshader
JOURNEY_ROOM room_024
load_threaded_get_status(): No threaded load for resource path 'res://scenes/rooms/room_025.tscn' has been initiated or its result has already been collected.
Loading resource: res://scenes/rooms/room_025.tscn
Loading resource: res://scenes/world/WeakFloor.tscn
Loading resource: res://scripts/world/WeakFloor.gd
Loading resource: res://assets/props/biome_0/biome_0_prop_8.png
Loading resource: res://.godot/imported/biome_0_prop_8.png-b15de6f6b4655c20288f53adf905da33.ctex
Loading resource: res://assets/props/biome_0/biome_0_prop_0.png
Loading resource: res://.godot/imported/biome_0_prop_0.png-73e40292eac12b3c1912a289dc9715a2.ctex
Loading resource: res://assets/props/biome_0/biome_0_prop_5.png
Loading resource: res://.godot/imported/biome_0_prop_5.png-bfec1b2adaa6e97f9e107371a92144db.ctex
Loading resource: res://assets/architecture/stormglass/conditions/archive_bookcase.png
Loading resource: res://.godot/imported/archive_bookcase.png-8348ed48ed76d2030cee7aa161d2813e.ctex
Loading resource: res://assets/architecture/stormglass/conditions/archive_rubble.png
Loading resource: res://.godot/imported/archive_rubble.png-8ed21cf211745273f791600fd881f332.ctex
Loading resource: res://assets/architecture/stormglass/conditions/archive_books.png
Loading resource: res://.godot/imported/archive_books.png-dc0470931fdc0c9e8f86c2e7aee7a5c8.ctex
JOURNEY_PROGRESS {"attacks":53,"bosses":["boss_000","boss_001"],"health":70.0,"player":[213.507858276367,1462.5927734375],"room":"room_024","steps":26,"tMs":161089,"velocity":[500.0,0.0]}
TRANSITION_PROFILE from=room_023 to=room_024 physics_wait_ms=0.11 resource_ms=0.03 instantiate_ms=181.10 presentation_ms=4.84 fade_out_ms=433.69 fade_out_remainder_ms=246.39 fade_in_ms=145.81 total_ms=579.51
Loading resource: res://assets/characters/player_walk.png
Loading resource: res://.godot/imported/player_walk.png-d859f324b180e620b35176465490dc5b.ctex
Loading resource: res://assets/characters/player_run.png
Loading resource: res://.godot/imported/player_run.png-5e1ce216cbd5012d226154b2ece4de96.ctex
Loading resource: res://assets/characters/player_attack.png
Loading resource: res://.godot/imported/player_attack.png-4863c0bf2c0460d3acf05ba44fde6f12.ctex
Loading resource: res://assets/characters/player_hurt.png
Loading resource: res://.godot/imported/player_hurt.png-c4194612d851672462e70be083dfc07f.ctex
Loading resource: res://assets/characters/player_death.png
Loading resource: res://.godot/imported/player_death.png-c449be6e42ed0b63a564aca0303227d9.ctex
Loading resource: res://assets/characters/player_idle.png
Loading resource: res://.godot/imported/player_idle.png-57ac0c2f07b9c78d58884a3ea75b7817.ctex
Loading resource: res://assets/characters/player_walk.png
Loading resource: res://.godot/imported/player_walk.png-d859f324b180e620b35176465490dc5b.ctex
Loading resource: res://assets/characters/player_jump_start.png
Loading resource: res://.godot/imported/player_jump_start.png-31b8f78669a8f177025dfe4f1c97a7c8.ctex
Loading resource: res://assets/characters/player_jump.png
Loading resource: res://.godot/imported/player_jump.png-9a86ba95e37eabc7f640245357b986c1.ctex
Loading resource: res://assets/characters/player_fall.png
Loading resource: res://.godot/imported/player_fall.png-94cc22ab1c11bd32466bca9f5ab527db.ctex
Loading resource: res://assets/characters/player_land.png
Loading resource: res://.godot/imported/player_land.png-bf586b100a0da4f0aa95acb11fbc1f7d.ctex
Loading resource: res://assets/characters/player_dash.png
Loading resource: res://.godot/imported/player_dash.png-7ae88d1d170590815fc6d555ac1c1b62.ctex
Loading resource: res://assets/characters/player_air_dash.png
Loading resource: res://.godot/imported/player_air_dash.png-a17aeeea7ab8931b27ac07da8a9a7ff2.ctex
Loading resource: res://assets/characters/player_double_jump.png
Loading resource: res://.godot/imported/player_double_jump.png-2618f84677f00029c0b113f21f999b50.ctex
Loading resource: res://assets/characters/player_wall_slide.png
Loading resource: res://.godot/imported/player_wall_slide.png-5768614b71e9b3e0872f45ce5135734d.ctex
Loading resource: res://assets/characters/player_wall_jump.png
Loading resource: res://.godot/imported/player_wall_jump.png-30d156fc0d137391c640850602e5d41b.ctex
Loading resource: res://assets/characters/player_swim.png
Loading resource: res://.godot/imported/player_swim.png-183785111f8e5e270807e4b8d3b4c206.ctex
Loading resource: res://assets/characters/player_swim_idle.png
Loading resource: res://.godot/imported/player_swim_idle.png-5e9711526bd3abf4e7493d936b3c405c.ctex
Loading resource: res://assets/characters/player_attack_2.png
Loading resource: res://.godot/imported/player_attack_2.png-1c3f75e251b4adc983f5963fc1194ace.ctex
Loading resource: res://assets/characters/player_attack_3.png
Loading resource: res://.godot/imported/player_attack_3.png-a90ac90177309dd41c23d7a196b1ecc5.ctex
Loading resource: res://assets/characters/player_ground_slam_start.png
Loading resource: res://.godot/imported/player_ground_slam_start.png-35670b6c1cb5778bb4084d6cda5fca78.ctex
Loading resource: res://assets/characters/player_ground_slam_fall.png
Loading resource: res://.godot/imported/player_ground_slam_fall.png-1ad4ff118b2f4c88029b7f2bd3933c92.ctex
Loading resource: res://assets/characters/player_ground_slam_impact.png
Loading resource: res://.godot/imported/player_ground_slam_impact.png-df1883c04ae51799d954a523995e2d38.ctex
Loading resource: res://assets/characters/player_grapple.png
Loading resource: res://.godot/imported/player_grapple.png-c9312f27489134016e09b62924ccfc54.ctex
Loading resource: res://assets/characters/player_phase.png
Loading resource: res://.godot/imported/player_phase.png-3f765db36d4f954395040195c665afcc.ctex
Loading resource: res://assets/characters/player_respawn.png
Loading resource: res://.godot/imported/player_respawn.png-6711506d9e2421b29e0cf23ea3d836b5.ctex
Loading resource: res://assets/characters/player_interact.png
Loading resource: res://.godot/imported/player_interact.png-321dc2368f547749c59501183d04f4c3.ctex
Loading resource: res://assets/characters/player_ability_acquire.png
Loading resource: res://.godot/imported/player_ability_acquire.png-4b16c2516cf783e3158a3cf5318c7b80.ctex
Loading resource: res://assets/characters/player_idle.png
Loading resource: res://.godot/imported/player_idle.png-57ac0c2f07b9c78d58884a3ea75b7817.ctex
Loading resource: res://assets/characters/player_attack_2.png
Loading resource: res://.godot/imported/player_attack_2.png-1c3f75e251b4adc983f5963fc1194ace.ctex
Loading resource: res://assets/characters/player_attack_3.png
Loading resource: res://.godot/imported/player_attack_3.png-a90ac90177309dd41c23d7a196b1ecc5.ctex
Loading resource: res://scripts/shaders/water_surface.gdshader
JOURNEY_ROOM room_025
load_threaded_get_status(): No threaded load for resource path 'res://scenes/rooms/room_027.tscn' has been initiated or its result has already been collected.
load_threaded_get_status(): No threaded load for resource path 'res://scenes/rooms/room_026.tscn' has been initiated or its result has already been collected.
Loading resource: res://scenes/rooms/room_027.tscn
Loading resource: res://scenes/rooms/room_026.tscn
Loading resource: res://assets/props/biome_0/biome_0_prop_5.png
Loading resource: res://.godot/imported/biome_0_prop_5.png-bfec1b2adaa6e97f9e107371a92144db.ctex
Loading resource: res://assets/props/biome_0/biome_0_prop_0.png
Loading resource: res://.godot/imported/biome_0_prop_0.png-73e40292eac12b3c1912a289dc9715a2.ctex
Loading resource: res://assets/architecture/stormglass/conditions/archive_books.png
Loading resource: res://.godot/imported/archive_books.png-dc0470931fdc0c9e8f86c2e7aee7a5c8.ctex
Loading resource: res://assets/architecture/stormglass/conditions/archive_balcony.png
Loading resource: res://.godot/imported/archive_balcony.png-1c3ad6ef970e4601b4568e33599dcc54.ctex
Loading resource: res://assets/architecture/stormglass/conditions/archive_rubble.png
Loading resource: res://.godot/imported/archive_rubble.png-8ed21cf211745273f791600fd881f332.ctex
TRANSITION_PROFILE from=room_024 to=room_025 physics_wait_ms=0.14 resource_ms=0.03 instantiate_ms=67.53 presentation_ms=1.04 fade_out_ms=229.81 fade_out_remainder_ms=159.40 fade_in_ms=140.25 total_ms=370.09
JOURNEY_PROGRESS {"attacks":55,"bosses":["boss_000","boss_001"],"health":70.0,"player":[344.416870117188,959.925231933594],"room":"room_025","steps":27,"tMs":166098,"velocity":[350.0,0.0]}
JOURNEY_PROGRESS {"attacks":55,"bosses":["boss_000","boss_001"],"health":70.0,"player":[1960.94860839844,959.925231933594],"room":"room_025","steps":27,"tMs":171110,"velocity":[220.0,0.0]}
Loading resource: res://assets/characters/player_walk.png
Loading resource: res://.godot/imported/player_walk.png-d859f324b180e620b35176465490dc5b.ctex
Loading resource: res://assets/characters/player_run.png
Loading resource: res://.godot/imported/player_run.png-5e1ce216cbd5012d226154b2ece4de96.ctex
Loading resource: res://assets/characters/player_attack.png
Loading resource: res://.godot/imported/player_attack.png-4863c0bf2c0460d3acf05ba44fde6f12.ctex
Loading resource: res://assets/characters/player_hurt.png
Loading resource: res://.godot/imported/player_hurt.png-c4194612d851672462e70be083dfc07f.ctex
Loading resource: res://assets/characters/player_death.png
Loading resource: res://.godot/imported/player_death.png-c449be6e42ed0b63a564aca0303227d9.ctex
Loading resource: res://assets/characters/player_idle.png
Loading resource: res://.godot/imported/player_idle.png-57ac0c2f07b9c78d58884a3ea75b7817.ctex
Loading resource: res://assets/characters/player_walk.png
Loading resource: res://.godot/imported/player_walk.png-d859f324b180e620b35176465490dc5b.ctex
Loading resource: res://assets/characters/player_jump_start.png
Loading resource: res://.godot/imported/player_jump_start.png-31b8f78669a8f177025dfe4f1c97a7c8.ctex
Loading resource: res://assets/characters/player_jump.png
Loading resource: res://.godot/imported/player_jump.png-9a86ba95e37eabc7f640245357b986c1.ctex
Loading resource: res://assets/characters/player_fall.png
Loading resource: res://.godot/imported/player_fall.png-94cc22ab1c11bd32466bca9f5ab527db.ctex
Loading resource: res://assets/characters/player_land.png
Loading resource: res://.godot/imported/player_land.png-bf586b100a0da4f0aa95acb11fbc1f7d.ctex
Loading resource: res://assets/characters/player_dash.png
Loading resource: res://.godot/imported/player_dash.png-7ae88d1d170590815fc6d555ac1c1b62.ctex
Loading resource: res://assets/characters/player_air_dash.png
Loading resource: res://.godot/imported/player_air_dash.png-a17aeeea7ab8931b27ac07da8a9a7ff2.ctex
Loading resource: res://assets/characters/player_double_jump.png
Loading resource: res://.godot/imported/player_double_jump.png-2618f84677f00029c0b113f21f999b50.ctex
Loading resource: res://assets/characters/player_wall_slide.png
Loading resource: res://.godot/imported/player_wall_slide.png-5768614b71e9b3e0872f45ce5135734d.ctex
Loading resource: res://assets/characters/player_wall_jump.png
Loading resource: res://.godot/imported/player_wall_jump.png-30d156fc0d137391c640850602e5d41b.ctex
Loading resource: res://assets/characters/player_swim.png
Loading resource: res://.godot/imported/player_swim.png-183785111f8e5e270807e4b8d3b4c206.ctex
Loading resource: res://assets/characters/player_swim_idle.png
Loading resource: res://.godot/imported/player_swim_idle.png-5e9711526bd3abf4e7493d936b3c405c.ctex
Loading resource: res://assets/characters/player_attack_2.png
Loading resource: res://.godot/imported/player_attack_2.png-1c3f75e251b4adc983f5963fc1194ace.ctex
Loading resource: res://assets/characters/player_attack_3.png
Loading resource: res://.godot/imported/player_attack_3.png-a90ac90177309dd41c23d7a196b1ecc5.ctex
Loading resource: res://assets/characters/player_ground_slam_start.png
Loading resource: res://.godot/imported/player_ground_slam_start.png-35670b6c1cb5778bb4084d6cda5fca78.ctex
Loading resource: res://assets/characters/player_ground_slam_fall.png
Loading resource: res://.godot/imported/player_ground_slam_fall.png-1ad4ff118b2f4c88029b7f2bd3933c92.ctex
Loading resource: res://assets/characters/player_ground_slam_impact.png
Loading resource: res://.godot/imported/player_ground_slam_impact.png-df1883c04ae51799d954a523995e2d38.ctex
Loading resource: res://assets/characters/player_grapple.png
Loading resource: res://.godot/imported/player_grapple.png-c9312f27489134016e09b62924ccfc54.ctex
Loading resource: res://assets/characters/player_phase.png
Loading resource: res://.godot/imported/player_phase.png-3f765db36d4f954395040195c665afcc.ctex
Loading resource: res://assets/characters/player_respawn.png
Loading resource: res://.godot/imported/player_respawn.png-6711506d9e2421b29e0cf23ea3d836b5.ctex
Loading resource: res://assets/characters/player_interact.png
Loading resource: res://.godot/imported/player_interact.png-321dc2368f547749c59501183d04f4c3.ctex
Loading resource: res://assets/characters/player_ability_acquire.png
Loading resource: res://.godot/imported/player_ability_acquire.png-4b16c2516cf783e3158a3cf5318c7b80.ctex
Loading resource: res://assets/characters/player_idle.png
Loading resource: res://.godot/imported/player_idle.png-57ac0c2f07b9c78d58884a3ea75b7817.ctex
Loading resource: res://assets/characters/player_attack_2.png
Loading resource: res://.godot/imported/player_attack_2.png-1c3f75e251b4adc983f5963fc1194ace.ctex
Loading resource: res://assets/characters/player_attack_3.png
Loading resource: res://.godot/imported/player_attack_3.png-a90ac90177309dd41c23d7a196b1ecc5.ctex
Loading resource: res://assets/props/interact/save_shrine.png
Loading resource: res://.godot/imported/save_shrine.png-7c7937d95488683935d79327ccf91acd.ctex
Loading resource: res://assets/npcs/npc_002_walk.png
Loading resource: res://.godot/imported/npc_002_walk.png-a7f7559d6b84b79e8d522626920b3812.ctex
Loading resource: res://assets/npcs/npc_002_idle.png
Loading resource: res://.godot/imported/npc_002_idle.png-b0e0cf43dc3529c3e56f7f7c463ca45c.ctex
Loading resource: res://assets/npcs/npc_002_talk.png
Loading resource: res://.godot/imported/npc_002_talk.png-d082b95e541c5eb4a36546a94c6b7a9c.ctex
Loading resource: res://assets/npcs/npc_002_listen.png
Loading resource: res://.godot/imported/npc_002_listen.png-09edd5d062cc1ccfbad37b754c6216ee.ctex
Loading resource: res://assets/npcs/npc_002_idle.png
Loading resource: res://.godot/imported/npc_002_idle.png-b0e0cf43dc3529c3e56f7f7c463ca45c.ctex
Loading resource: res://assets/npcs/npc_002_talk.png
Loading resource: res://.godot/imported/npc_002_talk.png-d082b95e541c5eb4a36546a94c6b7a9c.ctex
Loading resource: res://assets/npcs/npc_002_listen.png
Loading resource: res://.godot/imported/npc_002_listen.png-09edd5d062cc1ccfbad37b754c6216ee.ctex
Loading resource: res://assets/npcs/npc_006_walk.png
Loading resource: res://.godot/imported/npc_006_walk.png-07213158cdfd9bb48cb587e867b06fba.ctex
Loading resource: res://assets/npcs/npc_006_idle.png
Loading resource: res://.godot/imported/npc_006_idle.png-6fb206959c8040a271576d8c2c4062e7.ctex
Loading resource: res://assets/npcs/npc_006_talk.png
Loading resource: res://.godot/imported/npc_006_talk.png-0809a3614c224ddbb53664489ba0d11b.ctex
Loading resource: res://assets/npcs/npc_006_listen.png
Loading resource: res://.godot/imported/npc_006_listen.png-d18b71d05563f233c09ee46099545edb.ctex
Loading resource: res://assets/npcs/npc_006_idle.png
Loading resource: res://.godot/imported/npc_006_idle.png-6fb206959c8040a271576d8c2c4062e7.ctex
Loading resource: res://assets/npcs/npc_006_talk.png
Loading resource: res://.godot/imported/npc_006_talk.png-0809a3614c224ddbb53664489ba0d11b.ctex
Loading resource: res://assets/npcs/npc_006_listen.png
Loading resource: res://.godot/imported/npc_006_listen.png-d18b71d05563f233c09ee46099545edb.ctex
Loading resource: res://scripts/shaders/water_surface.gdshader
JOURNEY_ROOM room_026
load_threaded_get_status(): No threaded load for resource path 'res://scenes/rooms/room_028.tscn' has been initiated or its result has already been collected.
Loading resource: res://scenes/rooms/room_028.tscn
Loading resource: res://assets/architecture/stormglass/floor_strip.png
Loading resource: res://.godot/imported/floor_strip.png-3127571388846079ee6d000228c9a69d.ctex
Loading resource: res://assets/props/biome_0/biome_0_prop_1.png
Loading resource: res://.godot/imported/biome_0_prop_1.png-86880268cfd1f58e2534f2c37198f718.ctex
Loading resource: res://assets/props/biome_0/biome_0_prop_6.png
Loading resource: res://.godot/imported/biome_0_prop_6.png-f1219e3c174ea13acd6cd2cbc22eafed.ctex
Loading resource: res://assets/architecture/stormglass/conditions/archive_rubble.png
Loading resource: res://.godot/imported/archive_rubble.png-8ed21cf211745273f791600fd881f332.ctex
Loading resource: res://assets/architecture/stormglass/conditions/archive_bookcase.png
Loading resource: res://.godot/imported/archive_bookcase.png-8348ed48ed76d2030cee7aa161d2813e.ctex
TRANSITION_PROFILE from=room_025 to=room_026 physics_wait_ms=0.07 resource_ms=0.02 instantiate_ms=193.29 presentation_ms=1.85 fade_out_ms=396.84 fade_out_remainder_ms=200.55 fade_in_ms=15.30 total_ms=412.16
Loading resource: res://assets/characters/player_walk.png
Loading resource: res://.godot/imported/player_walk.png-d859f324b180e620b35176465490dc5b.ctex
Loading resource: res://assets/characters/player_run.png
Loading resource: res://.godot/imported/player_run.png-5e1ce216cbd5012d226154b2ece4de96.ctex
Loading resource: res://assets/characters/player_attack.png
Loading resource: res://.godot/imported/player_attack.png-4863c0bf2c0460d3acf05ba44fde6f12.ctex
Loading resource: res://assets/characters/player_hurt.png
Loading resource: res://.godot/imported/player_hurt.png-c4194612d851672462e70be083dfc07f.ctex
Loading resource: res://assets/characters/player_death.png
Loading resource: res://.godot/imported/player_death.png-c449be6e42ed0b63a564aca0303227d9.ctex
Loading resource: res://assets/characters/player_idle.png
Loading resource: res://.godot/imported/player_idle.png-57ac0c2f07b9c78d58884a3ea75b7817.ctex
Loading resource: res://assets/characters/player_walk.png
Loading resource: res://.godot/imported/player_walk.png-d859f324b180e620b35176465490dc5b.ctex
Loading resource: res://assets/characters/player_jump_start.png
Loading resource: res://.godot/imported/player_jump_start.png-31b8f78669a8f177025dfe4f1c97a7c8.ctex
Loading resource: res://assets/characters/player_jump.png
Loading resource: res://.godot/imported/player_jump.png-9a86ba95e37eabc7f640245357b986c1.ctex
Loading resource: res://assets/characters/player_fall.png
Loading resource: res://.godot/imported/player_fall.png-94cc22ab1c11bd32466bca9f5ab527db.ctex
Loading resource: res://assets/characters/player_land.png
Loading resource: res://.godot/imported/player_land.png-bf586b100a0da4f0aa95acb11fbc1f7d.ctex
Loading resource: res://assets/characters/player_dash.png
Loading resource: res://.godot/imported/player_dash.png-7ae88d1d170590815fc6d555ac1c1b62.ctex
Loading resource: res://assets/characters/player_air_dash.png
Loading resource: res://.godot/imported/player_air_dash.png-a17aeeea7ab8931b27ac07da8a9a7ff2.ctex
Loading resource: res://assets/characters/player_double_jump.png
Loading resource: res://.godot/imported/player_double_jump.png-2618f84677f00029c0b113f21f999b50.ctex
Loading resource: res://assets/characters/player_wall_slide.png
Loading resource: res://.godot/imported/player_wall_slide.png-5768614b71e9b3e0872f45ce5135734d.ctex
Loading resource: res://assets/characters/player_wall_jump.png
Loading resource: res://.godot/imported/player_wall_jump.png-30d156fc0d137391c640850602e5d41b.ctex
Loading resource: res://assets/characters/player_swim.png
Loading resource: res://.godot/imported/player_swim.png-183785111f8e5e270807e4b8d3b4c206.ctex
Loading resource: res://assets/characters/player_swim_idle.png
Loading resource: res://.godot/imported/player_swim_idle.png-5e9711526bd3abf4e7493d936b3c405c.ctex
Loading resource: res://assets/characters/player_attack_2.png
Loading resource: res://.godot/imported/player_attack_2.png-1c3f75e251b4adc983f5963fc1194ace.ctex
Loading resource: res://assets/characters/player_attack_3.png
Loading resource: res://.godot/imported/player_attack_3.png-a90ac90177309dd41c23d7a196b1ecc5.ctex
Loading resource: res://assets/characters/player_ground_slam_start.png
Loading resource: res://.godot/imported/player_ground_slam_start.png-35670b6c1cb5778bb4084d6cda5fca78.ctex
Loading resource: res://assets/characters/player_ground_slam_fall.png
Loading resource: res://.godot/imported/player_ground_slam_fall.png-1ad4ff118b2f4c88029b7f2bd3933c92.ctex
Loading resource: res://assets/characters/player_ground_slam_impact.png
Loading resource: res://.godot/imported/player_ground_slam_impact.png-df1883c04ae51799d954a523995e2d38.ctex
Loading resource: res://assets/characters/player_grapple.png
Loading resource: res://.godot/imported/player_grapple.png-c9312f27489134016e09b62924ccfc54.ctex
Loading resource: res://assets/characters/player_phase.png
Loading resource: res://.godot/imported/player_phase.png-3f765db36d4f954395040195c665afcc.ctex
Loading resource: res://assets/characters/player_respawn.png
Loading resource: res://.godot/imported/player_respawn.png-6711506d9e2421b29e0cf23ea3d836b5.ctex
Loading resource: res://assets/characters/player_interact.png
Loading resource: res://.godot/imported/player_interact.png-321dc2368f547749c59501183d04f4c3.ctex
Loading resource: res://assets/characters/player_ability_acquire.png
Loading resource: res://.godot/imported/player_ability_acquire.png-4b16c2516cf783e3158a3cf5318c7b80.ctex
Loading resource: res://assets/characters/player_idle.png
Loading resource: res://.godot/imported/player_idle.png-57ac0c2f07b9c78d58884a3ea75b7817.ctex
Loading resource: res://assets/characters/player_attack_2.png
Loading resource: res://.godot/imported/player_attack_2.png-1c3f75e251b4adc983f5963fc1194ace.ctex
Loading resource: res://assets/characters/player_attack_3.png
Loading resource: res://.godot/imported/player_attack_3.png-a90ac90177309dd41c23d7a196b1ecc5.ctex
Loading resource: res://assets/bosses/boss_002_walk.png
Loading resource: res://.godot/imported/boss_002_walk.png-c7722f4b95e24c46954a33ca3eec95e5.ctex
Loading resource: res://assets/bosses/boss_002_run.png
Loading resource: res://.godot/imported/boss_002_run.png-7c95771fc1e496469bbb0875c8b29ca3.ctex
Loading resource: res://assets/bosses/boss_002_attack.png
Loading resource: res://.godot/imported/boss_002_attack.png-262daa9e9f350ffb50aa6c904d61d795.ctex
Loading resource: res://assets/bosses/boss_002_hurt.png
Loading resource: res://.godot/imported/boss_002_hurt.png-872132cc512f87f43bbb246ed50b8297.ctex
Loading resource: res://assets/bosses/boss_002_death.png
Loading resource: res://.godot/imported/boss_002_death.png-747f264e105982a4caaa0585f657b098.ctex
Loading resource: res://assets/bosses/boss_002_idle.png
Loading resource: res://.godot/imported/boss_002_idle.png-0bf576be6f9a9761d0d2056821480f06.ctex
Loading resource: res://scripts/shaders/water_surface.gdshader
Loading resource: res://audio/music/boss.wav
Loading resource: res://.godot/imported/boss.wav-394a0e64a4290d255e56b5ef22f0f495.sample
JOURNEY_ROOM room_028
load_threaded_get_status(): No threaded load for resource path 'res://scenes/rooms/room_029.tscn' has been initiated or its result has already been collected.
Loading resource: res://scenes/rooms/room_029.tscn
JOURNEY_COMBAT {"attacks":55,"boss":"boss_002","bossHealth":148.0,"bossY":959.964233398438,"distance":912.0,"phase":1,"playerHealth":100.0,"playerY":960.0}
Loading resource: res://assets/props/biome_0/biome_0_prop_8.png
Loading resource: res://.godot/imported/biome_0_prop_8.png-b15de6f6b4655c20288f53adf905da33.ctex
Loading resource: res://assets/props/biome_0/biome_0_prop_4.png
Loading resource: res://.godot/imported/biome_0_prop_4.png-3e477cd9fd333a2f7bb1206d873841a1.ctex
Loading resource: res://assets/architecture/stormglass/conditions/archive_bookcase.png
Loading resource: res://.godot/imported/archive_bookcase.png-8348ed48ed76d2030cee7aa161d2813e.ctex
Loading resource: res://assets/architecture/stormglass/conditions/archive_rubble.png
Loading resource: res://.godot/imported/archive_rubble.png-8ed21cf211745273f791600fd881f332.ctex
TRANSITION_PROFILE from=room_026 to=room_028 physics_wait_ms=0.07 resource_ms=0.01 instantiate_ms=389.86 presentation_ms=21.57 fade_out_ms=652.63 fade_out_remainder_ms=227.43 fade_in_ms=29.34 total_ms=681.99
JOURNEY_PROGRESS {"attacks":55,"bosses":["boss_000","boss_001"],"health":100.0,"player":[329.333282470703,960.0],"room":"room_028","steps":29,"tMs":176298,"velocity":[220.0,0.0]}
Loading resource: res://scenes/enemies/Projectile.tscn
Loading resource: res://assets/vfx/ranged_projectile.png
Loading resource: res://.godot/imported/ranged_projectile.png-cf57c54979fe6b1c93302e0dd9a24a10.ctex
Loading resource: res://assets/vfx/projectile_trail.png
Loading resource: res://.godot/imported/projectile_trail.png-00b19686ba30c3b9f71c092ad7447538.ctex
Loading resource: res://scenes/enemies/Projectile.tscn
Loading resource: res://assets/vfx/ranged_projectile.png
Loading resource: res://.godot/imported/ranged_projectile.png-cf57c54979fe6b1c93302e0dd9a24a10.ctex
Loading resource: res://assets/vfx/projectile_trail.png
Loading resource: res://.godot/imported/projectile_trail.png-00b19686ba30c3b9f71c092ad7447538.ctex
JOURNEY_COMBAT {"attacks":55,"boss":"boss_002","bossHealth":148.0,"bossY":960.035766601563,"distance":141.131652832031,"phase":1,"playerHealth":80.0,"playerY":959.925231933594}
JOURNEY_PROGRESS {"attacks":55,"bosses":["boss_000","boss_001"],"health":80.0,"player":[746.896911621094,811.057373046875],"room":"room_028","steps":29,"tMs":181319,"velocity":[220.0,-184.333236694336]}
Loading resource: res://scenes/enemies/Projectile.tscn
Loading resource: res://assets/vfx/ranged_projectile.png
Loading resource: res://.godot/imported/ranged_projectile.png-cf57c54979fe6b1c93302e0dd9a24a10.ctex
Loading resource: res://assets/vfx/projectile_trail.png
Loading resource: res://.godot/imported/projectile_trail.png-00b19686ba30c3b9f71c092ad7447538.ctex
JOURNEY_COMBAT {"attacks":57,"boss":"boss_002","bossHealth":128.0,"bossY":960.035766601563,"distance":37.20458984375,"phase":1,"playerHealth":70.0,"playerY":959.925231933594}
Loading resource: res://scenes/enemies/Projectile.tscn
Loading resource: res://assets/vfx/ranged_projectile.png
Loading resource: res://.godot/imported/ranged_projectile.png-cf57c54979fe6b1c93302e0dd9a24a10.ctex
Loading resource: res://assets/vfx/projectile_trail.png
Loading resource: res://.godot/imported/projectile_trail.png-00b19686ba30c3b9f71c092ad7447538.ctex
JOURNEY_PROGRESS {"attacks":60,"bosses":["boss_000","boss_001"],"health":60.0,"player":[982.803344726563,959.933898925781],"room":"room_028","steps":29,"tMs":186332,"velocity":[0.0,0.0]}
Loading resource: res://scenes/enemies/Projectile.tscn
Loading resource: res://assets/vfx/ranged_projectile.png
Loading resource: res://.godot/imported/ranged_projectile.png-cf57c54979fe6b1c93302e0dd9a24a10.ctex
Loading resource: res://assets/vfx/projectile_trail.png
Loading resource: res://.godot/imported/projectile_trail.png-00b19686ba30c3b9f71c092ad7447538.ctex
JOURNEY_COMBAT {"attacks":69,"boss":"boss_002","bossHealth":8.0,"bossY":960.035766601563,"distance":187.6884765625,"phase":1,"playerHealth":40.0,"playerY":950.590698242188}
JOURNEY_PROGRESS {"attacks":69,"bosses":["boss_000","boss_001"],"health":40.0,"player":[911.256530761719,959.925231933594],"room":"room_028","steps":29,"tMs":191339,"velocity":[220.0,0.0]}
Loading resource: res://assets/characters/player_walk.png
Loading resource: res://.godot/imported/player_walk.png-d859f324b180e620b35176465490dc5b.ctex
Loading resource: res://assets/characters/player_run.png
Loading resource: res://.godot/imported/player_run.png-5e1ce216cbd5012d226154b2ece4de96.ctex
Loading resource: res://assets/characters/player_attack.png
Loading resource: res://.godot/imported/player_attack.png-4863c0bf2c0460d3acf05ba44fde6f12.ctex
Loading resource: res://assets/characters/player_hurt.png
Loading resource: res://.godot/imported/player_hurt.png-c4194612d851672462e70be083dfc07f.ctex
Loading resource: res://assets/characters/player_death.png
Loading resource: res://.godot/imported/player_death.png-c449be6e42ed0b63a564aca0303227d9.ctex
Loading resource: res://assets/characters/player_idle.png
Loading resource: res://.godot/imported/player_idle.png-57ac0c2f07b9c78d58884a3ea75b7817.ctex
Loading resource: res://assets/characters/player_walk.png
Loading resource: res://.godot/imported/player_walk.png-d859f324b180e620b35176465490dc5b.ctex
Loading resource: res://assets/characters/player_jump_start.png
Loading resource: res://.godot/imported/player_jump_start.png-31b8f78669a8f177025dfe4f1c97a7c8.ctex
Loading resource: res://assets/characters/player_jump.png
Loading resource: res://.godot/imported/player_jump.png-9a86ba95e37eabc7f640245357b986c1.ctex
Loading resource: res://assets/characters/player_fall.png
Loading resource: res://.godot/imported/player_fall.png-94cc22ab1c11bd32466bca9f5ab527db.ctex
Loading resource: res://assets/characters/player_land.png
Loading resource: res://.godot/imported/player_land.png-bf586b100a0da4f0aa95acb11fbc1f7d.ctex
Loading resource: res://assets/characters/player_dash.png
Loading resource: res://.godot/imported/player_dash.png-7ae88d1d170590815fc6d555ac1c1b62.ctex
Loading resource: res://assets/characters/player_air_dash.png
Loading resource: res://.godot/imported/player_air_dash.png-a17aeeea7ab8931b27ac07da8a9a7ff2.ctex
Loading resource: res://assets/characters/player_double_jump.png
Loading resource: res://.godot/imported/player_double_jump.png-2618f84677f00029c0b113f21f999b50.ctex
Loading resource: res://assets/characters/player_wall_slide.png
Loading resource: res://.godot/imported/player_wall_slide.png-5768614b71e9b3e0872f45ce5135734d.ctex
Loading resource: res://assets/characters/player_wall_jump.png
Loading resource: res://.godot/imported/player_wall_jump.png-30d156fc0d137391c640850602e5d41b.ctex
Loading resource: res://assets/characters/player_swim.png
Loading resource: res://.godot/imported/player_swim.png-183785111f8e5e270807e4b8d3b4c206.ctex
Loading resource: res://assets/characters/player_swim_idle.png
Loading resource: res://.godot/imported/player_swim_idle.png-5e9711526bd3abf4e7493d936b3c405c.ctex
Loading resource: res://assets/characters/player_attack_2.png
Loading resource: res://.godot/imported/player_attack_2.png-1c3f75e251b4adc983f5963fc1194ace.ctex
Loading resource: res://assets/characters/player_attack_3.png
Loading resource: res://.godot/imported/player_attack_3.png-a90ac90177309dd41c23d7a196b1ecc5.ctex
Loading resource: res://assets/characters/player_ground_slam_start.png
Loading resource: res://.godot/imported/player_ground_slam_start.png-35670b6c1cb5778bb4084d6cda5fca78.ctex
Loading resource: res://assets/characters/player_ground_slam_fall.png
Loading resource: res://.godot/imported/player_ground_slam_fall.png-1ad4ff118b2f4c88029b7f2bd3933c92.ctex
Loading resource: res://assets/characters/player_ground_slam_impact.png
Loading resource: res://.godot/imported/player_ground_slam_impact.png-df1883c04ae51799d954a523995e2d38.ctex
Loading resource: res://assets/characters/player_grapple.png
Loading resource: res://.godot/imported/player_grapple.png-c9312f27489134016e09b62924ccfc54.ctex
Loading resource: res://assets/characters/player_phase.png
Loading resource: res://.godot/imported/player_phase.png-3f765db36d4f954395040195c665afcc.ctex
Loading resource: res://assets/characters/player_respawn.png
Loading resource: res://.godot/imported/player_respawn.png-6711506d9e2421b29e0cf23ea3d836b5.ctex
Loading resource: res://assets/characters/player_interact.png
Loading resource: res://.godot/imported/player_interact.png-321dc2368f547749c59501183d04f4c3.ctex
Loading resource: res://assets/characters/player_ability_acquire.png
Loading resource: res://.godot/imported/player_ability_acquire.png-4b16c2516cf783e3158a3cf5318c7b80.ctex
Loading resource: res://assets/characters/player_idle.png
Loading resource: res://.godot/imported/player_idle.png-57ac0c2f07b9c78d58884a3ea75b7817.ctex
Loading resource: res://assets/characters/player_attack_2.png
Loading resource: res://.godot/imported/player_attack_2.png-1c3f75e251b4adc983f5963fc1194ace.ctex
Loading resource: res://assets/characters/player_attack_3.png
Loading resource: res://.godot/imported/player_attack_3.png-a90ac90177309dd41c23d7a196b1ecc5.ctex
Loading resource: res://scripts/shaders/water_surface.gdshader
Loading resource: res://audio/music/biome_0.wav
Loading resource: res://.godot/imported/biome_0.wav-dec2867ebdec0d665572c802462d1119.sample
JOURNEY_ROOM room_029
load_threaded_get_status(): No threaded load for resource path 'res://scenes/rooms/room_030.tscn' has been initiated or its result has already been collected.
Loading resource: res://scenes/rooms/room_030.tscn
Loading resource: res://assets/props/biome_0/biome_0_prop_5.png
Loading resource: res://.godot/imported/biome_0_prop_5.png-bfec1b2adaa6e97f9e107371a92144db.ctex
Loading resource: res://assets/props/biome_0/biome_0_prop_0.png
Loading resource: res://.godot/imported/biome_0_prop_0.png-73e40292eac12b3c1912a289dc9715a2.ctex
Loading resource: res://assets/architecture/stormglass/conditions/archive_books.png
Loading resource: res://.godot/imported/archive_books.png-dc0470931fdc0c9e8f86c2e7aee7a5c8.ctex
Loading resource: res://assets/architecture/stormglass/conditions/archive_balcony.png
Loading resource: res://.godot/imported/archive_balcony.png-1c3ad6ef970e4601b4568e33599dcc54.ctex
Loading resource: res://assets/architecture/stormglass/conditions/archive_rubble.png
Loading resource: res://.godot/imported/archive_rubble.png-8ed21cf211745273f791600fd881f332.ctex
TRANSITION_PROFILE from=room_028 to=room_029 physics_wait_ms=0.16 resource_ms=0.04 instantiate_ms=66.45 presentation_ms=2.34 fade_out_ms=222.94 fade_out_remainder_ms=153.00 fade_in_ms=131.86 total_ms=354.82
Loading resource: res://assets/characters/player_walk.png
Loading resource: res://.godot/imported/player_walk.png-d859f324b180e620b35176465490dc5b.ctex
Loading resource: res://assets/characters/player_run.png
Loading resource: res://.godot/imported/player_run.png-5e1ce216cbd5012d226154b2ece4de96.ctex
Loading resource: res://assets/characters/player_attack.png
Loading resource: res://.godot/imported/player_attack.png-4863c0bf2c0460d3acf05ba44fde6f12.ctex
Loading resource: res://assets/characters/player_hurt.png
Loading resource: res://.godot/imported/player_hurt.png-c4194612d851672462e70be083dfc07f.ctex
Loading resource: res://assets/characters/player_death.png
Loading resource: res://.godot/imported/player_death.png-c449be6e42ed0b63a564aca0303227d9.ctex
Loading resource: res://assets/characters/player_idle.png
Loading resource: res://.godot/imported/player_idle.png-57ac0c2f07b9c78d58884a3ea75b7817.ctex
Loading resource: res://assets/characters/player_walk.png
Loading resource: res://.godot/imported/player_walk.png-d859f324b180e620b35176465490dc5b.ctex
Loading resource: res://assets/characters/player_jump_start.png
Loading resource: res://.godot/imported/player_jump_start.png-31b8f78669a8f177025dfe4f1c97a7c8.ctex
Loading resource: res://assets/characters/player_jump.png
Loading resource: res://.godot/imported/player_jump.png-9a86ba95e37eabc7f640245357b986c1.ctex
Loading resource: res://assets/characters/player_fall.png
Loading resource: res://.godot/imported/player_fall.png-94cc22ab1c11bd32466bca9f5ab527db.ctex
Loading resource: res://assets/characters/player_land.png
Loading resource: res://.godot/imported/player_land.png-bf586b100a0da4f0aa95acb11fbc1f7d.ctex
Loading resource: res://assets/characters/player_dash.png
Loading resource: res://.godot/imported/player_dash.png-7ae88d1d170590815fc6d555ac1c1b62.ctex
Loading resource: res://assets/characters/player_air_dash.png
Loading resource: res://.godot/imported/player_air_dash.png-a17aeeea7ab8931b27ac07da8a9a7ff2.ctex
Loading resource: res://assets/characters/player_double_jump.png
Loading resource: res://.godot/imported/player_double_jump.png-2618f84677f00029c0b113f21f999b50.ctex
Loading resource: res://assets/characters/player_wall_slide.png
Loading resource: res://.godot/imported/player_wall_slide.png-5768614b71e9b3e0872f45ce5135734d.ctex
Loading resource: res://assets/characters/player_wall_jump.png
Loading resource: res://.godot/imported/player_wall_jump.png-30d156fc0d137391c640850602e5d41b.ctex
Loading resource: res://assets/characters/player_swim.png
Loading resource: res://.godot/imported/player_swim.png-183785111f8e5e270807e4b8d3b4c206.ctex
Loading resource: res://assets/characters/player_swim_idle.png
Loading resource: res://.godot/imported/player_swim_idle.png-5e9711526bd3abf4e7493d936b3c405c.ctex
Loading resource: res://assets/characters/player_attack_2.png
Loading resource: res://.godot/imported/player_attack_2.png-1c3f75e251b4adc983f5963fc1194ace.ctex
Loading resource: res://assets/characters/player_attack_3.png
Loading resource: res://.godot/imported/player_attack_3.png-a90ac90177309dd41c23d7a196b1ecc5.ctex
Loading resource: res://assets/characters/player_ground_slam_start.png
Loading resource: res://.godot/imported/player_ground_slam_start.png-35670b6c1cb5778bb4084d6cda5fca78.ctex
Loading resource: res://assets/characters/player_ground_slam_fall.png
Loading resource: res://.godot/imported/player_ground_slam_fall.png-1ad4ff118b2f4c88029b7f2bd3933c92.ctex
Loading resource: res://assets/characters/player_ground_slam_impact.png
Loading resource: res://.godot/imported/player_ground_slam_impact.png-df1883c04ae51799d954a523995e2d38.ctex
Loading resource: res://assets/characters/player_grapple.png
Loading resource: res://.godot/imported/player_grapple.png-c9312f27489134016e09b62924ccfc54.ctex
Loading resource: res://assets/characters/player_phase.png
Loading resource: res://.godot/imported/player_phase.png-3f765db36d4f954395040195c665afcc.ctex
Loading resource: res://assets/characters/player_respawn.png
Loading resource: res://.godot/imported/player_respawn.png-6711506d9e2421b29e0cf23ea3d836b5.ctex
Loading resource: res://assets/characters/player_interact.png
Loading resource: res://.godot/imported/player_interact.png-321dc2368f547749c59501183d04f4c3.ctex
Loading resource: res://assets/characters/player_ability_acquire.png
Loading resource: res://.godot/imported/player_ability_acquire.png-4b16c2516cf783e3158a3cf5318c7b80.ctex
Loading resource: res://assets/characters/player_idle.png
Loading resource: res://.godot/imported/player_idle.png-57ac0c2f07b9c78d58884a3ea75b7817.ctex
Loading resource: res://assets/characters/player_attack_2.png
Loading resource: res://.godot/imported/player_attack_2.png-1c3f75e251b4adc983f5963fc1194ace.ctex
Loading resource: res://assets/characters/player_attack_3.png
Loading resource: res://.godot/imported/player_attack_3.png-a90ac90177309dd41c23d7a196b1ecc5.ctex
Loading resource: res://scripts/shaders/water_surface.gdshader
JOURNEY_ROOM room_028
Loading resource: res://assets/architecture/stormglass/platform.png
Loading resource: res://.godot/imported/platform.png-f1f7065b9e15933c1a5d1e0e91e52a28.ctex
Loading resource: res://assets/architecture/stormglass/floor_strip.png
Loading resource: res://.godot/imported/floor_strip.png-3127571388846079ee6d000228c9a69d.ctex
Loading resource: res://assets/props/biome_0/biome_0_prop_8.png
Loading resource: res://.godot/imported/biome_0_prop_8.png-b15de6f6b4655c20288f53adf905da33.ctex
Loading resource: res://assets/props/biome_0/biome_0_prop_4.png
Loading resource: res://.godot/imported/biome_0_prop_4.png-3e477cd9fd333a2f7bb1206d873841a1.ctex
Loading resource: res://assets/architecture/stormglass/conditions/archive_bookcase.png
Loading resource: res://.godot/imported/archive_bookcase.png-8348ed48ed76d2030cee7aa161d2813e.ctex
Loading resource: res://assets/architecture/stormglass/conditions/archive_rubble.png
Loading resource: res://.godot/imported/archive_rubble.png-8ed21cf211745273f791600fd881f332.ctex
TRANSITION_PROFILE from=room_029 to=room_028 physics_wait_ms=13.80 resource_ms=0.01 instantiate_ms=77.16 presentation_ms=1.01 fade_out_ms=261.73 fade_out_remainder_ms=169.39 fade_in_ms=141.79 total_ms=403.53
JOURNEY_PROGRESS {"attacks":70,"bosses":["boss_000","boss_001","boss_002"],"health":40.0,"player":[1988.49963378906,960.0],"room":"room_028","steps":31,"tMs":196390,"velocity":[0.0,0.0]}
Loading resource: res://assets/characters/player_walk.png
Loading resource: res://.godot/imported/player_walk.png-d859f324b180e620b35176465490dc5b.ctex
Loading resource: res://assets/characters/player_run.png
Loading resource: res://.godot/imported/player_run.png-5e1ce216cbd5012d226154b2ece4de96.ctex
Loading resource: res://assets/characters/player_attack.png
Loading resource: res://.godot/imported/player_attack.png-4863c0bf2c0460d3acf05ba44fde6f12.ctex
Loading resource: res://assets/characters/player_hurt.png
Loading resource: res://.godot/imported/player_hurt.png-c4194612d851672462e70be083dfc07f.ctex
Loading resource: res://assets/characters/player_death.png
Loading resource: res://.godot/imported/player_death.png-c449be6e42ed0b63a564aca0303227d9.ctex
Loading resource: res://assets/characters/player_idle.png
Loading resource: res://.godot/imported/player_idle.png-57ac0c2f07b9c78d58884a3ea75b7817.ctex
Loading resource: res://assets/characters/player_walk.png
Loading resource: res://.godot/imported/player_walk.png-d859f324b180e620b35176465490dc5b.ctex
Loading resource: res://assets/characters/player_jump_start.png
Loading resource: res://.godot/imported/player_jump_start.png-31b8f78669a8f177025dfe4f1c97a7c8.ctex
Loading resource: res://assets/characters/player_jump.png
Loading resource: res://.godot/imported/player_jump.png-9a86ba95e37eabc7f640245357b986c1.ctex
Loading resource: res://assets/characters/player_fall.png
Loading resource: res://.godot/imported/player_fall.png-94cc22ab1c11bd32466bca9f5ab527db.ctex
Loading resource: res://assets/characters/player_land.png
Loading resource: res://.godot/imported/player_land.png-bf586b100a0da4f0aa95acb11fbc1f7d.ctex
Loading resource: res://assets/characters/player_dash.png
Loading resource: res://.godot/imported/player_dash.png-7ae88d1d170590815fc6d555ac1c1b62.ctex
Loading resource: res://assets/characters/player_air_dash.png
Loading resource: res://.godot/imported/player_air_dash.png-a17aeeea7ab8931b27ac07da8a9a7ff2.ctex
Loading resource: res://assets/characters/player_double_jump.png
Loading resource: res://.godot/imported/player_double_jump.png-2618f84677f00029c0b113f21f999b50.ctex
Loading resource: res://assets/characters/player_wall_slide.png
Loading resource: res://.godot/imported/player_wall_slide.png-5768614b71e9b3e0872f45ce5135734d.ctex
Loading resource: res://assets/characters/player_wall_jump.png
Loading resource: res://.godot/imported/player_wall_jump.png-30d156fc0d137391c640850602e5d41b.ctex
Loading resource: res://assets/characters/player_swim.png
Loading resource: res://.godot/imported/player_swim.png-183785111f8e5e270807e4b8d3b4c206.ctex
Loading resource: res://assets/characters/player_swim_idle.png
Loading resource: res://.godot/imported/player_swim_idle.png-5e9711526bd3abf4e7493d936b3c405c.ctex
Loading resource: res://assets/characters/player_attack_2.png
Loading resource: res://.godot/imported/player_attack_2.png-1c3f75e251b4adc983f5963fc1194ace.ctex
Loading resource: res://assets/characters/player_attack_3.png
Loading resource: res://.godot/imported/player_attack_3.png-a90ac90177309dd41c23d7a196b1ecc5.ctex
Loading resource: res://assets/characters/player_ground_slam_start.png
Loading resource: res://.godot/imported/player_ground_slam_start.png-35670b6c1cb5778bb4084d6cda5fca78.ctex
Loading resource: res://assets/characters/player_ground_slam_fall.png
Loading resource: res://.godot/imported/player_ground_slam_fall.png-1ad4ff118b2f4c88029b7f2bd3933c92.ctex
Loading resource: res://assets/characters/player_ground_slam_impact.png
Loading resource: res://.godot/imported/player_ground_slam_impact.png-df1883c04ae51799d954a523995e2d38.ctex
Loading resource: res://assets/characters/player_grapple.png
Loading resource: res://.godot/imported/player_grapple.png-c9312f27489134016e09b62924ccfc54.ctex
Loading resource: res://assets/characters/player_phase.png
Loading resource: res://.godot/imported/player_phase.png-3f765db36d4f954395040195c665afcc.ctex
Loading resource: res://assets/characters/player_respawn.png
Loading resource: res://.godot/imported/player_respawn.png-6711506d9e2421b29e0cf23ea3d836b5.ctex
Loading resource: res://assets/characters/player_interact.png
Loading resource: res://.godot/imported/player_interact.png-321dc2368f547749c59501183d04f4c3.ctex
Loading resource: res://assets/characters/player_ability_acquire.png
Loading resource: res://.godot/imported/player_ability_acquire.png-4b16c2516cf783e3158a3cf5318c7b80.ctex
Loading resource: res://assets/characters/player_idle.png
Loading resource: res://.godot/imported/player_idle.png-57ac0c2f07b9c78d58884a3ea75b7817.ctex
Loading resource: res://assets/characters/player_attack_2.png
Loading resource: res://.godot/imported/player_attack_2.png-1c3f75e251b4adc983f5963fc1194ace.ctex
Loading resource: res://assets/characters/player_attack_3.png
Loading resource: res://.godot/imported/player_attack_3.png-a90ac90177309dd41c23d7a196b1ecc5.ctex
Loading resource: res://scripts/shaders/water_surface.gdshader
JOURNEY_ROOM room_029
Loading resource: res://assets/props/biome_0/biome_0_prop_5.png
Loading resource: res://.godot/imported/biome_0_prop_5.png-bfec1b2adaa6e97f9e107371a92144db.ctex
Loading resource: res://assets/props/biome_0/biome_0_prop_0.png
Loading resource: res://.godot/imported/biome_0_prop_0.png-73e40292eac12b3c1912a289dc9715a2.ctex
Loading resource: res://assets/architecture/stormglass/conditions/archive_books.png
Loading resource: res://.godot/imported/archive_books.png-dc0470931fdc0c9e8f86c2e7aee7a5c8.ctex
Loading resource: res://assets/architecture/stormglass/conditions/archive_balcony.png
Loading resource: res://.godot/imported/archive_balcony.png-1c3ad6ef970e4601b4568e33599dcc54.ctex
Loading resource: res://assets/architecture/stormglass/conditions/archive_rubble.png
Loading resource: res://.godot/imported/archive_rubble.png-8ed21cf211745273f791600fd881f332.ctex
TRANSITION_PROFILE from=room_028 to=room_029 physics_wait_ms=20.45 resource_ms=0.01 instantiate_ms=58.15 presentation_ms=1.07 fade_out_ms=228.44 fade_out_remainder_ms=148.43 fade_in_ms=140.17 total_ms=368.63
JOURNEY_GROUND_SLAM {"from":"room_029","saveKey":"room_029:room_030","tMs":199958,"to":"room_030"}
Loading resource: res://assets/characters/player_walk.png
Loading resource: res://.godot/imported/player_walk.png-d859f324b180e620b35176465490dc5b.ctex
Loading resource: res://assets/characters/player_run.png
Loading resource: res://.godot/imported/player_run.png-5e1ce216cbd5012d226154b2ece4de96.ctex
Loading resource: res://assets/characters/player_attack.png
Loading resource: res://.godot/imported/player_attack.png-4863c0bf2c0460d3acf05ba44fde6f12.ctex
Loading resource: res://assets/characters/player_hurt.png
Loading resource: res://.godot/imported/player_hurt.png-c4194612d851672462e70be083dfc07f.ctex
Loading resource: res://assets/characters/player_death.png
Loading resource: res://.godot/imported/player_death.png-c449be6e42ed0b63a564aca0303227d9.ctex
Loading resource: res://assets/characters/player_idle.png
Loading resource: res://.godot/imported/player_idle.png-57ac0c2f07b9c78d58884a3ea75b7817.ctex
Loading resource: res://assets/characters/player_walk.png
Loading resource: res://.godot/imported/player_walk.png-d859f324b180e620b35176465490dc5b.ctex
Loading resource: res://assets/characters/player_jump_start.png
Loading resource: res://.godot/imported/player_jump_start.png-31b8f78669a8f177025dfe4f1c97a7c8.ctex
Loading resource: res://assets/characters/player_jump.png
Loading resource: res://.godot/imported/player_jump.png-9a86ba95e37eabc7f640245357b986c1.ctex
Loading resource: res://assets/characters/player_fall.png
Loading resource: res://.godot/imported/player_fall.png-94cc22ab1c11bd32466bca9f5ab527db.ctex
Loading resource: res://assets/characters/player_land.png
Loading resource: res://.godot/imported/player_land.png-bf586b100a0da4f0aa95acb11fbc1f7d.ctex
Loading resource: res://assets/characters/player_dash.png
Loading resource: res://.godot/imported/player_dash.png-7ae88d1d170590815fc6d555ac1c1b62.ctex
Loading resource: res://assets/characters/player_air_dash.png
Loading resource: res://.godot/imported/player_air_dash.png-a17aeeea7ab8931b27ac07da8a9a7ff2.ctex
Loading resource: res://assets/characters/player_double_jump.png
Loading resource: res://.godot/imported/player_double_jump.png-2618f84677f00029c0b113f21f999b50.ctex
Loading resource: res://assets/characters/player_wall_slide.png
Loading resource: res://.godot/imported/player_wall_slide.png-5768614b71e9b3e0872f45ce5135734d.ctex
Loading resource: res://assets/characters/player_wall_jump.png
Loading resource: res://.godot/imported/player_wall_jump.png-30d156fc0d137391c640850602e5d41b.ctex
Loading resource: res://assets/characters/player_swim.png
Loading resource: res://.godot/imported/player_swim.png-183785111f8e5e270807e4b8d3b4c206.ctex
Loading resource: res://assets/characters/player_swim_idle.png
Loading resource: res://.godot/imported/player_swim_idle.png-5e9711526bd3abf4e7493d936b3c405c.ctex
Loading resource: res://assets/characters/player_attack_2.png
Loading resource: res://.godot/imported/player_attack_2.png-1c3f75e251b4adc983f5963fc1194ace.ctex
Loading resource: res://assets/characters/player_attack_3.png
Loading resource: res://.godot/imported/player_attack_3.png-a90ac90177309dd41c23d7a196b1ecc5.ctex
Loading resource: res://assets/characters/player_ground_slam_start.png
Loading resource: res://.godot/imported/player_ground_slam_start.png-35670b6c1cb5778bb4084d6cda5fca78.ctex
Loading resource: res://assets/characters/player_ground_slam_fall.png
Loading resource: res://.godot/imported/player_ground_slam_fall.png-1ad4ff118b2f4c88029b7f2bd3933c92.ctex
Loading resource: res://assets/characters/player_ground_slam_impact.png
Loading resource: res://.godot/imported/player_ground_slam_impact.png-df1883c04ae51799d954a523995e2d38.ctex
Loading resource: res://assets/characters/player_grapple.png
Loading resource: res://.godot/imported/player_grapple.png-c9312f27489134016e09b62924ccfc54.ctex
Loading resource: res://assets/characters/player_phase.png
Loading resource: res://.godot/imported/player_phase.png-3f765db36d4f954395040195c665afcc.ctex
Loading resource: res://assets/characters/player_respawn.png
Loading resource: res://.godot/imported/player_respawn.png-6711506d9e2421b29e0cf23ea3d836b5.ctex
Loading resource: res://assets/characters/player_interact.png
Loading resource: res://.godot/imported/player_interact.png-321dc2368f547749c59501183d04f4c3.ctex
Loading resource: res://assets/characters/player_ability_acquire.png
Loading resource: res://.godot/imported/player_ability_acquire.png-4b16c2516cf783e3158a3cf5318c7b80.ctex
Loading resource: res://assets/characters/player_idle.png
Loading resource: res://.godot/imported/player_idle.png-57ac0c2f07b9c78d58884a3ea75b7817.ctex
Loading resource: res://assets/characters/player_attack_2.png
Loading resource: res://.godot/imported/player_attack_2.png-1c3f75e251b4adc983f5963fc1194ace.ctex
Loading resource: res://assets/characters/player_attack_3.png
Loading resource: res://.godot/imported/player_attack_3.png-a90ac90177309dd41c23d7a196b1ecc5.ctex
Loading resource: res://scripts/shaders/water_surface.gdshader
JOURNEY_ROOM room_030
load_threaded_get_status(): No threaded load for resource path 'res://scenes/rooms/room_031.tscn' has been initiated or its result has already been collected.
Loading resource: res://scenes/rooms/room_031.tscn
Loading resource: res://assets/architecture/stormglass/platform.png
Loading resource: res://.godot/imported/platform.png-f1f7065b9e15933c1a5d1e0e91e52a28.ctex
Loading resource: res://assets/architecture/stormglass/floor_strip.png
Loading resource: res://.godot/imported/floor_strip.png-3127571388846079ee6d000228c9a69d.ctex
Loading resource: res://assets/props/biome_0/biome_0_prop_0.png
Loading resource: res://.godot/imported/biome_0_prop_0.png-73e40292eac12b3c1912a289dc9715a2.ctex
Loading resource: res://assets/props/biome_0/biome_0_prop_5.png
Loading resource: res://.godot/imported/biome_0_prop_5.png-bfec1b2adaa6e97f9e107371a92144db.ctex
Loading resource: res://assets/architecture/stormglass/conditions/frozen_icicles.png
Loading resource: res://.godot/imported/frozen_icicles.png-db8b015a227626141bf70bb37a08b0da.ctex
Loading resource: res://assets/architecture/stormglass/conditions/frozen_bell.png
Loading resource: res://.godot/imported/frozen_bell.png-53688fa9156757a0bede1ee61a03c465.ctex
Loading resource: res://assets/architecture/stormglass/conditions/frozen_window.png
Loading resource: res://.godot/imported/frozen_window.png-c9c00392928b8bb71dade459989767be.ctex
TRANSITION_PROFILE from=room_029 to=room_030 physics_wait_ms=0.15 resource_ms=0.06 instantiate_ms=64.20 presentation_ms=1.00 fade_out_ms=190.99 fade_out_remainder_ms=124.68 fade_in_ms=146.28 total_ms=337.30
JOURNEY_PROGRESS {"attacks":70,"bosses":["boss_000","boss_001","boss_002"],"health":40.0,"player":[1518.34289550781,700.308227539063],"room":"room_030","steps":33,"tMs":201400,"velocity":[410.0,98.0000076293945]}
Loading resource: res://assets/characters/player_walk.png
Loading resource: res://.godot/imported/player_walk.png-d859f324b180e620b35176465490dc5b.ctex
Loading resource: res://assets/characters/player_run.png
Loading resource: res://.godot/imported/player_run.png-5e1ce216cbd5012d226154b2ece4de96.ctex
Loading resource: res://assets/characters/player_attack.png
Loading resource: res://.godot/imported/player_attack.png-4863c0bf2c0460d3acf05ba44fde6f12.ctex
Loading resource: res://assets/characters/player_hurt.png
Loading resource: res://.godot/imported/player_hurt.png-c4194612d851672462e70be083dfc07f.ctex
Loading resource: res://assets/characters/player_death.png
Loading resource: res://.godot/imported/player_death.png-c449be6e42ed0b63a564aca0303227d9.ctex
Loading resource: res://assets/characters/player_idle.png
Loading resource: res://.godot/imported/player_idle.png-57ac0c2f07b9c78d58884a3ea75b7817.ctex
Loading resource: res://assets/characters/player_walk.png
Loading resource: res://.godot/imported/player_walk.png-d859f324b180e620b35176465490dc5b.ctex
Loading resource: res://assets/characters/player_jump_start.png
Loading resource: res://.godot/imported/player_jump_start.png-31b8f78669a8f177025dfe4f1c97a7c8.ctex
Loading resource: res://assets/characters/player_jump.png
Loading resource: res://.godot/imported/player_jump.png-9a86ba95e37eabc7f640245357b986c1.ctex
Loading resource: res://assets/characters/player_fall.png
Loading resource: res://.godot/imported/player_fall.png-94cc22ab1c11bd32466bca9f5ab527db.ctex
Loading resource: res://assets/characters/player_land.png
Loading resource: res://.godot/imported/player_land.png-bf586b100a0da4f0aa95acb11fbc1f7d.ctex
Loading resource: res://assets/characters/player_dash.png
Loading resource: res://.godot/imported/player_dash.png-7ae88d1d170590815fc6d555ac1c1b62.ctex
Loading resource: res://assets/characters/player_air_dash.png
Loading resource: res://.godot/imported/player_air_dash.png-a17aeeea7ab8931b27ac07da8a9a7ff2.ctex
Loading resource: res://assets/characters/player_double_jump.png
Loading resource: res://.godot/imported/player_double_jump.png-2618f84677f00029c0b113f21f999b50.ctex
Loading resource: res://assets/characters/player_wall_slide.png
Loading resource: res://.godot/imported/player_wall_slide.png-5768614b71e9b3e0872f45ce5135734d.ctex
Loading resource: res://assets/characters/player_wall_jump.png
Loading resource: res://.godot/imported/player_wall_jump.png-30d156fc0d137391c640850602e5d41b.ctex
Loading resource: res://assets/characters/player_swim.png
Loading resource: res://.godot/imported/player_swim.png-183785111f8e5e270807e4b8d3b4c206.ctex
Loading resource: res://assets/characters/player_swim_idle.png
Loading resource: res://.godot/imported/player_swim_idle.png-5e9711526bd3abf4e7493d936b3c405c.ctex
Loading resource: res://assets/characters/player_attack_2.png
Loading resource: res://.godot/imported/player_attack_2.png-1c3f75e251b4adc983f5963fc1194ace.ctex
Loading resource: res://assets/characters/player_attack_3.png
Loading resource: res://.godot/imported/player_attack_3.png-a90ac90177309dd41c23d7a196b1ecc5.ctex
Loading resource: res://assets/characters/player_ground_slam_start.png
Loading resource: res://.godot/imported/player_ground_slam_start.png-35670b6c1cb5778bb4084d6cda5fca78.ctex
Loading resource: res://assets/characters/player_ground_slam_fall.png
Loading resource: res://.godot/imported/player_ground_slam_fall.png-1ad4ff118b2f4c88029b7f2bd3933c92.ctex
Loading resource: res://assets/characters/player_ground_slam_impact.png
Loading resource: res://.godot/imported/player_ground_slam_impact.png-df1883c04ae51799d954a523995e2d38.ctex
Loading resource: res://assets/characters/player_grapple.png
Loading resource: res://.godot/imported/player_grapple.png-c9312f27489134016e09b62924ccfc54.ctex
Loading resource: res://assets/characters/player_phase.png
Loading resource: res://.godot/imported/player_phase.png-3f765db36d4f954395040195c665afcc.ctex
Loading resource: res://assets/characters/player_respawn.png
Loading resource: res://.godot/imported/player_respawn.png-6711506d9e2421b29e0cf23ea3d836b5.ctex
Loading resource: res://assets/characters/player_interact.png
Loading resource: res://.godot/imported/player_interact.png-321dc2368f547749c59501183d04f4c3.ctex
Loading resource: res://assets/characters/player_ability_acquire.png
Loading resource: res://.godot/imported/player_ability_acquire.png-4b16c2516cf783e3158a3cf5318c7b80.ctex
Loading resource: res://assets/characters/player_idle.png
Loading resource: res://.godot/imported/player_idle.png-57ac0c2f07b9c78d58884a3ea75b7817.ctex
Loading resource: res://assets/characters/player_attack_2.png
Loading resource: res://.godot/imported/player_attack_2.png-1c3f75e251b4adc983f5963fc1194ace.ctex
Loading resource: res://assets/characters/player_attack_3.png
Loading resource: res://.godot/imported/player_attack_3.png-a90ac90177309dd41c23d7a196b1ecc5.ctex
Loading resource: res://assets/enemies/enemy_011_walk.png
Loading resource: res://.godot/imported/enemy_011_walk.png-a9510593bc730d444f91b3765ca1082c.ctex
Loading resource: res://assets/enemies/enemy_011_run.png
Loading resource: res://.godot/imported/enemy_011_run.png-320e6d4e641fac3f71b00005af96a458.ctex
Loading resource: res://assets/enemies/enemy_011_attack.png
Loading resource: res://.godot/imported/enemy_011_attack.png-67b3c60524bee7f804ca39ed5fd8158c.ctex
Loading resource: res://assets/enemies/enemy_011_hurt.png
Loading resource: res://.godot/imported/enemy_011_hurt.png-68b1aa5180302613e55f7ee22c6e4c08.ctex
Loading resource: res://assets/enemies/enemy_011_death.png
Loading resource: res://.godot/imported/enemy_011_death.png-e959dadf29278187744d04aba099ac3b.ctex
Loading resource: res://assets/enemies/enemy_000_idle.png
Loading resource: res://.godot/imported/enemy_000_idle.png-76c61c9d6383a2667495b6e586abbcc6.ctex
Loading resource: res://assets/enemies/enemy_011_idle.png
Loading resource: res://.godot/imported/enemy_011_idle.png-29cb357e6d4455b7647f0d42553be35e.ctex
Loading resource: res://assets/enemies/enemy_013_walk.png
Loading resource: res://.godot/imported/enemy_013_walk.png-5a20fc6f1f8adec204a8b068d8aea469.ctex
Loading resource: res://assets/enemies/enemy_013_run.png
Loading resource: res://.godot/imported/enemy_013_run.png-a50b8e8e5aebdb8573b2ad97fa6b2572.ctex
Loading resource: res://assets/enemies/enemy_013_attack.png
Loading resource: res://.godot/imported/enemy_013_attack.png-df23bd2f145339cc55b4e81530efaa8e.ctex
Loading resource: res://assets/enemies/enemy_013_hurt.png
Loading resource: res://.godot/imported/enemy_013_hurt.png-19ecae73a337a06fb1f7115b789512ab.ctex
Loading resource: res://assets/enemies/enemy_013_death.png
Loading resource: res://.godot/imported/enemy_013_death.png-0f594132362798e330303ed1a7e678af.ctex
Loading resource: res://assets/enemies/enemy_000_idle.png
Loading resource: res://.godot/imported/enemy_000_idle.png-76c61c9d6383a2667495b6e586abbcc6.ctex
Loading resource: res://assets/enemies/enemy_013_idle.png
Loading resource: res://.godot/imported/enemy_013_idle.png-7b8304f61dae4ba974b8f4c7650a3581.ctex
Loading resource: res://assets/enemies/enemy_015_walk.png
Loading resource: res://.godot/imported/enemy_015_walk.png-2e816a90bd410174be23b64cd1b93e4d.ctex
Loading resource: res://assets/enemies/enemy_015_run.png
Loading resource: res://.godot/imported/enemy_015_run.png-11e8e135e9fa27961b2202f7bddafdb9.ctex
Loading resource: res://assets/enemies/enemy_015_attack.png
Loading resource: res://.godot/imported/enemy_015_attack.png-26a34999b23f98c4a16add67fd48f8d6.ctex
Loading resource: res://assets/enemies/enemy_015_hurt.png
Loading resource: res://.godot/imported/enemy_015_hurt.png-f63484a262a2152bd340e45273767ee7.ctex
Loading resource: res://assets/enemies/enemy_015_death.png
Loading resource: res://.godot/imported/enemy_015_death.png-9f7b8d88d46620e2997b01045a6bdb87.ctex
Loading resource: res://assets/enemies/enemy_000_idle.png
Loading resource: res://.godot/imported/enemy_000_idle.png-76c61c9d6383a2667495b6e586abbcc6.ctex
Loading resource: res://assets/enemies/enemy_015_idle.png
Loading resource: res://.godot/imported/enemy_015_idle.png-abc2bb93ec30c2d93384792af092ee09.ctex
Loading resource: res://assets/enemies/enemy_017_walk.png
Loading resource: res://.godot/imported/enemy_017_walk.png-c9eef9c8853743370a960b9967800039.ctex
Loading resource: res://assets/enemies/enemy_017_run.png
Loading resource: res://.godot/imported/enemy_017_run.png-afa21e77096335216eaec1c4d5ec8426.ctex
Loading resource: res://assets/enemies/enemy_017_attack.png
Loading resource: res://.godot/imported/enemy_017_attack.png-2c656b42959e0b4e7a07b3b2d0d169cc.ctex
Loading resource: res://assets/enemies/enemy_017_hurt.png
Loading resource: res://.godot/imported/enemy_017_hurt.png-b55f859ba7da4854da32f8f3ee15995a.ctex
Loading resource: res://assets/enemies/enemy_017_death.png
Loading resource: res://.godot/imported/enemy_017_death.png-a8a95c50de66905016104648b6d31996.ctex
Loading resource: res://assets/enemies/enemy_000_idle.png
Loading resource: res://.godot/imported/enemy_000_idle.png-76c61c9d6383a2667495b6e586abbcc6.ctex
Loading resource: res://assets/enemies/enemy_017_idle.png
Loading resource: res://.godot/imported/enemy_017_idle.png-f1b9e784a786855f8d18c46b5170ec12.ctex
Loading resource: res://assets/enemies/enemy_019_walk.png
Loading resource: res://.godot/imported/enemy_019_walk.png-55189d8fc3078caea65ff07b827bfefe.ctex
Loading resource: res://assets/enemies/enemy_019_run.png
Loading resource: res://.godot/imported/enemy_019_run.png-e464c1cc7b16f891fbb9831baf4f573d.ctex
Loading resource: res://assets/enemies/enemy_019_attack.png
Loading resource: res://.godot/imported/enemy_019_attack.png-ef22248047c7eb09b80b7557ca8ac950.ctex
Loading resource: res://assets/enemies/enemy_019_hurt.png
Loading resource: res://.godot/imported/enemy_019_hurt.png-53783d98a1ff67a3064be3f6b6fcd6ab.ctex
Loading resource: res://assets/enemies/enemy_019_death.png
Loading resource: res://.godot/imported/enemy_019_death.png-c54d46b52f8ef8976f5b7fef31b07dd0.ctex
Loading resource: res://assets/enemies/enemy_000_idle.png
Loading resource: res://.godot/imported/enemy_000_idle.png-76c61c9d6383a2667495b6e586abbcc6.ctex
Loading resource: res://assets/enemies/enemy_019_idle.png
Loading resource: res://.godot/imported/enemy_019_idle.png-ac73f3527e4144092eb031cb426d5b1a.ctex
Loading resource: res://scripts/shaders/water_surface.gdshader
JOURNEY_ROOM room_031
load_threaded_get_status(): No threaded load for resource path 'res://scenes/rooms/room_032.tscn' has been initiated or its result has already been collected.
Loading resource: res://scenes/rooms/room_032.tscn
Loading resource: res://assets/props/biome_0/biome_0_prop_8.png
Loading resource: res://.godot/imported/biome_0_prop_8.png-b15de6f6b4655c20288f53adf905da33.ctex
Loading resource: res://assets/props/biome_0/biome_0_prop_0.png
Loading resource: res://.godot/imported/biome_0_prop_0.png-73e40292eac12b3c1912a289dc9715a2.ctex
Loading resource: res://assets/props/biome_0/biome_0_prop_5.png
Loading resource: res://.godot/imported/biome_0_prop_5.png-bfec1b2adaa6e97f9e107371a92144db.ctex
Loading resource: res://assets/architecture/stormglass/conditions/frozen_window.png
Loading resource: res://.godot/imported/frozen_window.png-c9c00392928b8bb71dade459989767be.ctex
Loading resource: res://assets/architecture/stormglass/conditions/frozen_gears.png
Loading resource: res://.godot/imported/frozen_gears.png-a4c6c764ac4d28c4caeea5a55c40a0c0.ctex
TRANSITION_PROFILE from=room_030 to=room_031 physics_wait_ms=0.08 resource_ms=0.03 instantiate_ms=193.84 presentation_ms=1.13 fade_out_ms=236.37 fade_out_remainder_ms=40.48 fade_in_ms=131.98 total_ms=368.36
JOURNEY_PROGRESS {"attacks":74,"bosses":["boss_000","boss_001","boss_002"],"health":40.0,"player":[1708.79040527344,1462.59094238281],"room":"room_031","steps":34,"tMs":206403,"velocity":[500.0,0.0]}
Loading resource: res://assets/characters/player_walk.png
Loading resource: res://.godot/imported/player_walk.png-d859f324b180e620b35176465490dc5b.ctex
Loading resource: res://assets/characters/player_run.png
Loading resource: res://.godot/imported/player_run.png-5e1ce216cbd5012d226154b2ece4de96.ctex
Loading resource: res://assets/characters/player_attack.png
Loading resource: res://.godot/imported/player_attack.png-4863c0bf2c0460d3acf05ba44fde6f12.ctex
Loading resource: res://assets/characters/player_hurt.png
Loading resource: res://.godot/imported/player_hurt.png-c4194612d851672462e70be083dfc07f.ctex
Loading resource: res://assets/characters/player_death.png
Loading resource: res://.godot/imported/player_death.png-c449be6e42ed0b63a564aca0303227d9.ctex
Loading resource: res://assets/characters/player_idle.png
Loading resource: res://.godot/imported/player_idle.png-57ac0c2f07b9c78d58884a3ea75b7817.ctex
Loading resource: res://assets/characters/player_walk.png
Loading resource: res://.godot/imported/player_walk.png-d859f324b180e620b35176465490dc5b.ctex
Loading resource: res://assets/characters/player_jump_start.png
Loading resource: res://.godot/imported/player_jump_start.png-31b8f78669a8f177025dfe4f1c97a7c8.ctex
Loading resource: res://assets/characters/player_jump.png
Loading resource: res://.godot/imported/player_jump.png-9a86ba95e37eabc7f640245357b986c1.ctex
Loading resource: res://assets/characters/player_fall.png
Loading resource: res://.godot/imported/player_fall.png-94cc22ab1c11bd32466bca9f5ab527db.ctex
Loading resource: res://assets/characters/player_land.png
Loading resource: res://.godot/imported/player_land.png-bf586b100a0da4f0aa95acb11fbc1f7d.ctex
Loading resource: res://assets/characters/player_dash.png
Loading resource: res://.godot/imported/player_dash.png-7ae88d1d170590815fc6d555ac1c1b62.ctex
Loading resource: res://assets/characters/player_air_dash.png
Loading resource: res://.godot/imported/player_air_dash.png-a17aeeea7ab8931b27ac07da8a9a7ff2.ctex
Loading resource: res://assets/characters/player_double_jump.png
Loading resource: res://.godot/imported/player_double_jump.png-2618f84677f00029c0b113f21f999b50.ctex
Loading resource: res://assets/characters/player_wall_slide.png
Loading resource: res://.godot/imported/player_wall_slide.png-5768614b71e9b3e0872f45ce5135734d.ctex
Loading resource: res://assets/characters/player_wall_jump.png
Loading resource: res://.godot/imported/player_wall_jump.png-30d156fc0d137391c640850602e5d41b.ctex
Loading resource: res://assets/characters/player_swim.png
Loading resource: res://.godot/imported/player_swim.png-183785111f8e5e270807e4b8d3b4c206.ctex
Loading resource: res://assets/characters/player_swim_idle.png
Loading resource: res://.godot/imported/player_swim_idle.png-5e9711526bd3abf4e7493d936b3c405c.ctex
Loading resource: res://assets/characters/player_attack_2.png
Loading resource: res://.godot/imported/player_attack_2.png-1c3f75e251b4adc983f5963fc1194ace.ctex
Loading resource: res://assets/characters/player_attack_3.png
Loading resource: res://.godot/imported/player_attack_3.png-a90ac90177309dd41c23d7a196b1ecc5.ctex
Loading resource: res://assets/characters/player_ground_slam_start.png
Loading resource: res://.godot/imported/player_ground_slam_start.png-35670b6c1cb5778bb4084d6cda5fca78.ctex
Loading resource: res://assets/characters/player_ground_slam_fall.png
Loading resource: res://.godot/imported/player_ground_slam_fall.png-1ad4ff118b2f4c88029b7f2bd3933c92.ctex
Loading resource: res://assets/characters/player_ground_slam_impact.png
Loading resource: res://.godot/imported/player_ground_slam_impact.png-df1883c04ae51799d954a523995e2d38.ctex
Loading resource: res://assets/characters/player_grapple.png
Loading resource: res://.godot/imported/player_grapple.png-c9312f27489134016e09b62924ccfc54.ctex
Loading resource: res://assets/characters/player_phase.png
Loading resource: res://.godot/imported/player_phase.png-3f765db36d4f954395040195c665afcc.ctex
Loading resource: res://assets/characters/player_respawn.png
Loading resource: res://.godot/imported/player_respawn.png-6711506d9e2421b29e0cf23ea3d836b5.ctex
Loading resource: res://assets/characters/player_interact.png
Loading resource: res://.godot/imported/player_interact.png-321dc2368f547749c59501183d04f4c3.ctex
Loading resource: res://assets/characters/player_ability_acquire.png
Loading resource: res://.godot/imported/player_ability_acquire.png-4b16c2516cf783e3158a3cf5318c7b80.ctex
Loading resource: res://assets/characters/player_idle.png
Loading resource: res://.godot/imported/player_idle.png-57ac0c2f07b9c78d58884a3ea75b7817.ctex
Loading resource: res://assets/characters/player_attack_2.png
Loading resource: res://.godot/imported/player_attack_2.png-1c3f75e251b4adc983f5963fc1194ace.ctex
Loading resource: res://assets/characters/player_attack_3.png
Loading resource: res://.godot/imported/player_attack_3.png-a90ac90177309dd41c23d7a196b1ecc5.ctex
Loading resource: res://assets/enemies/enemy_012_walk.png
Loading resource: res://.godot/imported/enemy_012_walk.png-62e7414a7266c5cf94c2003ef4a3b94b.ctex
Loading resource: res://assets/enemies/enemy_012_run.png
Loading resource: res://.godot/imported/enemy_012_run.png-1f9e08e12da9677b9337c84f83c18b43.ctex
Loading resource: res://assets/enemies/enemy_012_attack.png
Loading resource: res://.godot/imported/enemy_012_attack.png-47147e1ce9ab9c9e3407ab421e50eed0.ctex
Loading resource: res://assets/enemies/enemy_012_hurt.png
Loading resource: res://.godot/imported/enemy_012_hurt.png-42042ca427fbd6331ae0337e4a206f30.ctex
Loading resource: res://assets/enemies/enemy_012_death.png
Loading resource: res://.godot/imported/enemy_012_death.png-6549e7a6263d2c52ee1b128b11f6c641.ctex
Loading resource: res://assets/enemies/enemy_000_idle.png
Loading resource: res://.godot/imported/enemy_000_idle.png-76c61c9d6383a2667495b6e586abbcc6.ctex
Loading resource: res://assets/enemies/enemy_012_idle.png
Loading resource: res://.godot/imported/enemy_012_idle.png-bf0b4a14275a930182566e727c524125.ctex
Loading resource: res://assets/enemies/enemy_014_walk.png
Loading resource: res://.godot/imported/enemy_014_walk.png-e4e99f5523c829dc486c2602f3fd26e6.ctex
Loading resource: res://assets/enemies/enemy_014_run.png
Loading resource: res://.godot/imported/enemy_014_run.png-b9a13f7a1d346b5e4493514b712fa763.ctex
Loading resource: res://assets/enemies/enemy_014_attack.png
Loading resource: res://.godot/imported/enemy_014_attack.png-2b0b92f5c3650777227f14affb3b930d.ctex
Loading resource: res://assets/enemies/enemy_014_hurt.png
Loading resource: res://.godot/imported/enemy_014_hurt.png-ba1d9599bb035eecffeb214f78848b16.ctex
Loading resource: res://assets/enemies/enemy_014_death.png
Loading resource: res://.godot/imported/enemy_014_death.png-694ff31c7a38ea53443a77058656cdf6.ctex
Loading resource: res://assets/enemies/enemy_000_idle.png
Loading resource: res://.godot/imported/enemy_000_idle.png-76c61c9d6383a2667495b6e586abbcc6.ctex
Loading resource: res://assets/enemies/enemy_014_idle.png
Loading resource: res://.godot/imported/enemy_014_idle.png-bf12a00d5cef957634a525669678bcd5.ctex
Loading resource: res://scripts/shaders/water_surface.gdshader
JOURNEY_ROOM room_032
load_threaded_get_status(): No threaded load for resource path 'res://scenes/rooms/room_033.tscn' has been initiated or its result has already been collected.
Loading resource: res://scenes/rooms/room_033.tscn
Loading resource: res://assets/props/biome_0/biome_0_prop_4.png
Loading resource: res://.godot/imported/biome_0_prop_4.png-3e477cd9fd333a2f7bb1206d873841a1.ctex
Loading resource: res://assets/props/biome_0/biome_0_prop_3.png
Loading resource: res://.godot/imported/biome_0_prop_3.png-73daeec458904d2d8774f8d068ddf645.ctex
Loading resource: res://assets/props/biome_0/biome_0_prop_5.png
Loading resource: res://.godot/imported/biome_0_prop_5.png-bfec1b2adaa6e97f9e107371a92144db.ctex
Loading resource: res://assets/architecture/stormglass/conditions/frozen_bell.png
Loading resource: res://.godot/imported/frozen_bell.png-53688fa9156757a0bede1ee61a03c465.ctex
Loading resource: res://assets/architecture/stormglass/conditions/frozen_icicles.png
Loading resource: res://.godot/imported/frozen_icicles.png-db8b015a227626141bf70bb37a08b0da.ctex
TRANSITION_PROFILE from=room_031 to=room_032 physics_wait_ms=0.11 resource_ms=0.02 instantiate_ms=95.30 presentation_ms=1.07 fade_out_ms=225.69 fade_out_remainder_ms=128.31 fade_in_ms=140.01 total_ms=365.72
Loading resource: res://assets/characters/player_walk.png
Loading resource: res://.godot/imported/player_walk.png-d859f324b180e620b35176465490dc5b.ctex
Loading resource: res://assets/characters/player_run.png
Loading resource: res://.godot/imported/player_run.png-5e1ce216cbd5012d226154b2ece4de96.ctex
Loading resource: res://assets/characters/player_attack.png
Loading resource: res://.godot/imported/player_attack.png-4863c0bf2c0460d3acf05ba44fde6f12.ctex
Loading resource: res://assets/characters/player_hurt.png
Loading resource: res://.godot/imported/player_hurt.png-c4194612d851672462e70be083dfc07f.ctex
Loading resource: res://assets/characters/player_death.png
Loading resource: res://.godot/imported/player_death.png-c449be6e42ed0b63a564aca0303227d9.ctex
Loading resource: res://assets/characters/player_idle.png
Loading resource: res://.godot/imported/player_idle.png-57ac0c2f07b9c78d58884a3ea75b7817.ctex
Loading resource: res://assets/characters/player_walk.png
Loading resource: res://.godot/imported/player_walk.png-d859f324b180e620b35176465490dc5b.ctex
Loading resource: res://assets/characters/player_jump_start.png
Loading resource: res://.godot/imported/player_jump_start.png-31b8f78669a8f177025dfe4f1c97a7c8.ctex
Loading resource: res://assets/characters/player_jump.png
Loading resource: res://.godot/imported/player_jump.png-9a86ba95e37eabc7f640245357b986c1.ctex
Loading resource: res://assets/characters/player_fall.png
Loading resource: res://.godot/imported/player_fall.png-94cc22ab1c11bd32466bca9f5ab527db.ctex
Loading resource: res://assets/characters/player_land.png
Loading resource: res://.godot/imported/player_land.png-bf586b100a0da4f0aa95acb11fbc1f7d.ctex
Loading resource: res://assets/characters/player_dash.png
Loading resource: res://.godot/imported/player_dash.png-7ae88d1d170590815fc6d555ac1c1b62.ctex
Loading resource: res://assets/characters/player_air_dash.png
Loading resource: res://.godot/imported/player_air_dash.png-a17aeeea7ab8931b27ac07da8a9a7ff2.ctex
Loading resource: res://assets/characters/player_double_jump.png
Loading resource: res://.godot/imported/player_double_jump.png-2618f84677f00029c0b113f21f999b50.ctex
Loading resource: res://assets/characters/player_wall_slide.png
Loading resource: res://.godot/imported/player_wall_slide.png-5768614b71e9b3e0872f45ce5135734d.ctex
Loading resource: res://assets/characters/player_wall_jump.png
Loading resource: res://.godot/imported/player_wall_jump.png-30d156fc0d137391c640850602e5d41b.ctex
Loading resource: res://assets/characters/player_swim.png
Loading resource: res://.godot/imported/player_swim.png-183785111f8e5e270807e4b8d3b4c206.ctex
Loading resource: res://assets/characters/player_swim_idle.png
Loading resource: res://.godot/imported/player_swim_idle.png-5e9711526bd3abf4e7493d936b3c405c.ctex
Loading resource: res://assets/characters/player_attack_2.png
Loading resource: res://.godot/imported/player_attack_2.png-1c3f75e251b4adc983f5963fc1194ace.ctex
Loading resource: res://assets/characters/player_attack_3.png
Loading resource: res://.godot/imported/player_attack_3.png-a90ac90177309dd41c23d7a196b1ecc5.ctex
Loading resource: res://assets/characters/player_ground_slam_start.png
Loading resource: res://.godot/imported/player_ground_slam_start.png-35670b6c1cb5778bb4084d6cda5fca78.ctex
Loading resource: res://assets/characters/player_ground_slam_fall.png
Loading resource: res://.godot/imported/player_ground_slam_fall.png-1ad4ff118b2f4c88029b7f2bd3933c92.ctex
Loading resource: res://assets/characters/player_ground_slam_impact.png
Loading resource: res://.godot/imported/player_ground_slam_impact.png-df1883c04ae51799d954a523995e2d38.ctex
Loading resource: res://assets/characters/player_grapple.png
Loading resource: res://.godot/imported/player_grapple.png-c9312f27489134016e09b62924ccfc54.ctex
Loading resource: res://assets/characters/player_phase.png
Loading resource: res://.godot/imported/player_phase.png-3f765db36d4f954395040195c665afcc.ctex
Loading resource: res://assets/characters/player_respawn.png
Loading resource: res://.godot/imported/player_respawn.png-6711506d9e2421b29e0cf23ea3d836b5.ctex
Loading resource: res://assets/characters/player_interact.png
Loading resource: res://.godot/imported/player_interact.png-321dc2368f547749c59501183d04f4c3.ctex
Loading resource: res://assets/characters/player_ability_acquire.png
Loading resource: res://.godot/imported/player_ability_acquire.png-4b16c2516cf783e3158a3cf5318c7b80.ctex
Loading resource: res://assets/characters/player_idle.png
Loading resource: res://.godot/imported/player_idle.png-57ac0c2f07b9c78d58884a3ea75b7817.ctex
Loading resource: res://assets/characters/player_attack_2.png
Loading resource: res://.godot/imported/player_attack_2.png-1c3f75e251b4adc983f5963fc1194ace.ctex
Loading resource: res://assets/characters/player_attack_3.png
Loading resource: res://.godot/imported/player_attack_3.png-a90ac90177309dd41c23d7a196b1ecc5.ctex
Loading resource: res://assets/props/interact/ability.png
Loading resource: res://.godot/imported/ability.png-5e6c3b0f92cd7de4560df50f88c083ea.ctex
Loading resource: res://scripts/shaders/water_surface.gdshader
JOURNEY_ROOM room_033
load_threaded_get_status(): No threaded load for resource path 'res://scenes/rooms/room_034.tscn' has been initiated or its result has already been collected.
Loading resource: res://scenes/rooms/room_034.tscn
Loading resource: res://assets/props/biome_0/biome_0_prop_11.png
Loading resource: res://.godot/imported/biome_0_prop_11.png-ed2bd5641f011f7120f0ef6865d5fcc7.ctex
Loading resource: res://assets/props/biome_0/biome_0_prop_6.png
Loading resource: res://.godot/imported/biome_0_prop_6.png-f1219e3c174ea13acd6cd2cbc22eafed.ctex
Loading resource: res://assets/architecture/stormglass/conditions/frozen_gears.png
Loading resource: res://.godot/imported/frozen_gears.png-a4c6c764ac4d28c4caeea5a55c40a0c0.ctex
Loading resource: res://assets/architecture/stormglass/conditions/frozen_window.png
Loading resource: res://.godot/imported/frozen_window.png-c9c00392928b8bb71dade459989767be.ctex
Loading resource: res://assets/architecture/stormglass/conditions/frozen_icicles.png
Loading resource: res://.godot/imported/frozen_icicles.png-db8b015a227626141bf70bb37a08b0da.ctex
TRANSITION_PROFILE from=room_032 to=room_033 physics_wait_ms=0.11 resource_ms=0.02 instantiate_ms=56.24 presentation_ms=1.15 fade_out_ms=153.03 fade_out_remainder_ms=94.70 fade_in_ms=160.59 total_ms=313.64
JOURNEY_PROGRESS {"attacks":75,"bosses":["boss_000","boss_001","boss_002"],"health":40.0,"player":[410.420043945313,872.23046875],"room":"room_033","steps":36,"tMs":211418,"velocity":[180.0,-396.666625976563]}
Loading resource: res://assets/characters/player_walk.png
Loading resource: res://.godot/imported/player_walk.png-d859f324b180e620b35176465490dc5b.ctex
Loading resource: res://assets/characters/player_run.png
Loading resource: res://.godot/imported/player_run.png-5e1ce216cbd5012d226154b2ece4de96.ctex
Loading resource: res://assets/characters/player_attack.png
Loading resource: res://.godot/imported/player_attack.png-4863c0bf2c0460d3acf05ba44fde6f12.ctex
Loading resource: res://assets/characters/player_hurt.png
Loading resource: res://.godot/imported/player_hurt.png-c4194612d851672462e70be083dfc07f.ctex
Loading resource: res://assets/characters/player_death.png
Loading resource: res://.godot/imported/player_death.png-c449be6e42ed0b63a564aca0303227d9.ctex
Loading resource: res://assets/characters/player_idle.png
Loading resource: res://.godot/imported/player_idle.png-57ac0c2f07b9c78d58884a3ea75b7817.ctex
Loading resource: res://assets/characters/player_walk.png
Loading resource: res://.godot/imported/player_walk.png-d859f324b180e620b35176465490dc5b.ctex
Loading resource: res://assets/characters/player_jump_start.png
Loading resource: res://.godot/imported/player_jump_start.png-31b8f78669a8f177025dfe4f1c97a7c8.ctex
Loading resource: res://assets/characters/player_jump.png
Loading resource: res://.godot/imported/player_jump.png-9a86ba95e37eabc7f640245357b986c1.ctex
Loading resource: res://assets/characters/player_fall.png
Loading resource: res://.godot/imported/player_fall.png-94cc22ab1c11bd32466bca9f5ab527db.ctex
Loading resource: res://assets/characters/player_land.png
Loading resource: res://.godot/imported/player_land.png-bf586b100a0da4f0aa95acb11fbc1f7d.ctex
Loading resource: res://assets/characters/player_dash.png
Loading resource: res://.godot/imported/player_dash.png-7ae88d1d170590815fc6d555ac1c1b62.ctex
Loading resource: res://assets/characters/player_air_dash.png
Loading resource: res://.godot/imported/player_air_dash.png-a17aeeea7ab8931b27ac07da8a9a7ff2.ctex
Loading resource: res://assets/characters/player_double_jump.png
Loading resource: res://.godot/imported/player_double_jump.png-2618f84677f00029c0b113f21f999b50.ctex
Loading resource: res://assets/characters/player_wall_slide.png
Loading resource: res://.godot/imported/player_wall_slide.png-5768614b71e9b3e0872f45ce5135734d.ctex
Loading resource: res://assets/characters/player_wall_jump.png
Loading resource: res://.godot/imported/player_wall_jump.png-30d156fc0d137391c640850602e5d41b.ctex
Loading resource: res://assets/characters/player_swim.png
Loading resource: res://.godot/imported/player_swim.png-183785111f8e5e270807e4b8d3b4c206.ctex
Loading resource: res://assets/characters/player_swim_idle.png
Loading resource: res://.godot/imported/player_swim_idle.png-5e9711526bd3abf4e7493d936b3c405c.ctex
Loading resource: res://assets/characters/player_attack_2.png
Loading resource: res://.godot/imported/player_attack_2.png-1c3f75e251b4adc983f5963fc1194ace.ctex
Loading resource: res://assets/characters/player_attack_3.png
Loading resource: res://.godot/imported/player_attack_3.png-a90ac90177309dd41c23d7a196b1ecc5.ctex
Loading resource: res://assets/characters/player_ground_slam_start.png
Loading resource: res://.godot/imported/player_ground_slam_start.png-35670b6c1cb5778bb4084d6cda5fca78.ctex
Loading resource: res://assets/characters/player_ground_slam_fall.png
Loading resource: res://.godot/imported/player_ground_slam_fall.png-1ad4ff118b2f4c88029b7f2bd3933c92.ctex
Loading resource: res://assets/characters/player_ground_slam_impact.png
Loading resource: res://.godot/imported/player_ground_slam_impact.png-df1883c04ae51799d954a523995e2d38.ctex
Loading resource: res://assets/characters/player_grapple.png
Loading resource: res://.godot/imported/player_grapple.png-c9312f27489134016e09b62924ccfc54.ctex
Loading resource: res://assets/characters/player_phase.png
Loading resource: res://.godot/imported/player_phase.png-3f765db36d4f954395040195c665afcc.ctex
Loading resource: res://assets/characters/player_respawn.png
Loading resource: res://.godot/imported/player_respawn.png-6711506d9e2421b29e0cf23ea3d836b5.ctex
Loading resource: res://assets/characters/player_interact.png
Loading resource: res://.godot/imported/player_interact.png-321dc2368f547749c59501183d04f4c3.ctex
Loading resource: res://assets/characters/player_ability_acquire.png
Loading resource: res://.godot/imported/player_ability_acquire.png-4b16c2516cf783e3158a3cf5318c7b80.ctex
Loading resource: res://assets/characters/player_idle.png
Loading resource: res://.godot/imported/player_idle.png-57ac0c2f07b9c78d58884a3ea75b7817.ctex
Loading resource: res://assets/characters/player_attack_2.png
Loading resource: res://.godot/imported/player_attack_2.png-1c3f75e251b4adc983f5963fc1194ace.ctex
Loading resource: res://assets/characters/player_attack_3.png
Loading resource: res://.godot/imported/player_attack_3.png-a90ac90177309dd41c23d7a196b1ecc5.ctex
Loading resource: res://assets/enemies/enemy_014_walk.png
Loading resource: res://.godot/imported/enemy_014_walk.png-e4e99f5523c829dc486c2602f3fd26e6.ctex
Loading resource: res://assets/enemies/enemy_014_run.png
Loading resource: res://.godot/imported/enemy_014_run.png-b9a13f7a1d346b5e4493514b712fa763.ctex
Loading resource: res://assets/enemies/enemy_014_attack.png
Loading resource: res://.godot/imported/enemy_014_attack.png-2b0b92f5c3650777227f14affb3b930d.ctex
Loading resource: res://assets/enemies/enemy_014_hurt.png
Loading resource: res://.godot/imported/enemy_014_hurt.png-ba1d9599bb035eecffeb214f78848b16.ctex
Loading resource: res://assets/enemies/enemy_014_death.png
Loading resource: res://.godot/imported/enemy_014_death.png-694ff31c7a38ea53443a77058656cdf6.ctex
Loading resource: res://assets/enemies/enemy_000_idle.png
Loading resource: res://.godot/imported/enemy_000_idle.png-76c61c9d6383a2667495b6e586abbcc6.ctex
Loading resource: res://assets/enemies/enemy_014_idle.png
Loading resource: res://.godot/imported/enemy_014_idle.png-bf12a00d5cef957634a525669678bcd5.ctex
Loading resource: res://assets/enemies/enemy_016_walk.png
Loading resource: res://.godot/imported/enemy_016_walk.png-8e84cb9152fcb6cf6f6fa332c589c02c.ctex
Loading resource: res://assets/enemies/enemy_016_run.png
Loading resource: res://.godot/imported/enemy_016_run.png-ab4076937512cdcd55bfc8e9a068f2c7.ctex
Loading resource: res://assets/enemies/enemy_016_attack.png
Loading resource: res://.godot/imported/enemy_016_attack.png-131e7feb362a63e6cf2ba4191ef21a8f.ctex
Loading resource: res://assets/enemies/enemy_016_hurt.png
Loading resource: res://.godot/imported/enemy_016_hurt.png-370c1bfa96d7a71c8e2b1a190a2d7db8.ctex
Loading resource: res://assets/enemies/enemy_016_death.png
Loading resource: res://.godot/imported/enemy_016_death.png-c8b93bc23d791c963923dda0c8fd61ea.ctex
Loading resource: res://assets/enemies/enemy_000_idle.png
Loading resource: res://.godot/imported/enemy_000_idle.png-76c61c9d6383a2667495b6e586abbcc6.ctex
Loading resource: res://assets/enemies/enemy_016_idle.png
Loading resource: res://.godot/imported/enemy_016_idle.png-919ba0d005ff70ad27c621d1cbd2e695.ctex
Loading resource: res://assets/enemies/enemy_018_walk.png
Loading resource: res://.godot/imported/enemy_018_walk.png-307c01d2a4d71e7597b6be8bb3e2da1e.ctex
Loading resource: res://assets/enemies/enemy_018_run.png
Loading resource: res://.godot/imported/enemy_018_run.png-5ff792a063ff1c1bf8a1d7f9eafaf077.ctex
Loading resource: res://assets/enemies/enemy_018_attack.png
Loading resource: res://.godot/imported/enemy_018_attack.png-b0fbf3a00718c77ee2c0d005288aaf38.ctex
Loading resource: res://assets/enemies/enemy_018_hurt.png
Loading resource: res://.godot/imported/enemy_018_hurt.png-f66711008ed1c9a2c25bd7634811fcba.ctex
Loading resource: res://assets/enemies/enemy_018_death.png
Loading resource: res://.godot/imported/enemy_018_death.png-09a099bf051b3e75f23a8605b89d4c3e.ctex
Loading resource: res://assets/enemies/enemy_000_idle.png
Loading resource: res://.godot/imported/enemy_000_idle.png-76c61c9d6383a2667495b6e586abbcc6.ctex
Loading resource: res://assets/enemies/enemy_018_idle.png
Loading resource: res://.godot/imported/enemy_018_idle.png-f2becea014807c5c9410cbf270822b54.ctex
Loading resource: res://assets/enemies/enemy_000_walk.png
Loading resource: res://.godot/imported/enemy_000_walk.png-b9934c5e5e1e3d2bcb09e4bb327e10e6.ctex
Loading resource: res://assets/enemies/enemy_000_run.png
Loading resource: res://.godot/imported/enemy_000_run.png-45edd7b3a3989eff3ac61d05d1e55295.ctex
Loading resource: res://assets/enemies/enemy_000_attack.png
Loading resource: res://.godot/imported/enemy_000_attack.png-3a0f7e3e71e8f09be1e3929a8fb9c16d.ctex
Loading resource: res://assets/enemies/enemy_000_hurt.png
Loading resource: res://.godot/imported/enemy_000_hurt.png-3acd4001a04d6d66beda720e1a6261a7.ctex
Loading resource: res://assets/enemies/enemy_000_death.png
Loading resource: res://.godot/imported/enemy_000_death.png-8b3e61caded7d7c2022f684297d5a61d.ctex
Loading resource: res://assets/enemies/enemy_000_idle.png
Loading resource: res://.godot/imported/enemy_000_idle.png-76c61c9d6383a2667495b6e586abbcc6.ctex
Loading resource: res://assets/enemies/enemy_000_idle.png
Loading resource: res://.godot/imported/enemy_000_idle.png-76c61c9d6383a2667495b6e586abbcc6.ctex
Loading resource: res://assets/enemies/enemy_002_walk.png
Loading resource: res://.godot/imported/enemy_002_walk.png-b417e82ff4a62fbbd0f62cef74c9fc96.ctex
Loading resource: res://assets/enemies/enemy_002_run.png
Loading resource: res://.godot/imported/enemy_002_run.png-df3913afec5e0e6f685d7fbdaba05b97.ctex
Loading resource: res://assets/enemies/enemy_002_attack.png
Loading resource: res://.godot/imported/enemy_002_attack.png-98f181f8445163967a847a4b21772e45.ctex
Loading resource: res://assets/enemies/enemy_002_hurt.png
Loading resource: res://.godot/imported/enemy_002_hurt.png-025717c52c6c38c8f632bc68fc760ba3.ctex
Loading resource: res://assets/enemies/enemy_002_death.png
Loading resource: res://.godot/imported/enemy_002_death.png-804c574e58e725364625bd6d2c2d3ac8.ctex
Loading resource: res://assets/enemies/enemy_000_idle.png
Loading resource: res://.godot/imported/enemy_000_idle.png-76c61c9d6383a2667495b6e586abbcc6.ctex
Loading resource: res://assets/enemies/enemy_002_idle.png
Loading resource: res://.godot/imported/enemy_002_idle.png-cb65520f1f23691a5ffb0a3b175c18c2.ctex
Loading resource: res://assets/enemies/enemy_002_fly.png
Loading resource: res://.godot/imported/enemy_002_fly.png-54f1dc9fe3e91d3316c43f2b3537eae9.ctex
Loading resource: res://scripts/shaders/water_surface.gdshader
JOURNEY_ROOM room_034
load_threaded_get_status(): No threaded load for resource path 'res://scenes/rooms/room_035.tscn' has been initiated or its result has already been collected.
Loading resource: res://scenes/rooms/room_035.tscn
Loading resource: res://assets/props/biome_0/biome_0_prop_8.png
Loading resource: res://.godot/imported/biome_0_prop_8.png-b15de6f6b4655c20288f53adf905da33.ctex
Loading resource: res://assets/props/biome_0/biome_0_prop_0.png
Loading resource: res://.godot/imported/biome_0_prop_0.png-73e40292eac12b3c1912a289dc9715a2.ctex
Loading resource: res://assets/props/biome_0/biome_0_prop_5.png
Loading resource: res://.godot/imported/biome_0_prop_5.png-bfec1b2adaa6e97f9e107371a92144db.ctex
Loading resource: res://assets/architecture/stormglass/conditions/frozen_icicles.png
Loading resource: res://.godot/imported/frozen_icicles.png-db8b015a227626141bf70bb37a08b0da.ctex
Loading resource: res://assets/architecture/stormglass/conditions/frozen_bell.png
Loading resource: res://.godot/imported/frozen_bell.png-53688fa9156757a0bede1ee61a03c465.ctex
Loading resource: res://assets/architecture/stormglass/conditions/frozen_window.png
Loading resource: res://.godot/imported/frozen_window.png-c9c00392928b8bb71dade459989767be.ctex
TRANSITION_PROFILE from=room_033 to=room_034 physics_wait_ms=0.24 resource_ms=0.05 instantiate_ms=134.23 presentation_ms=7.33 fade_out_ms=265.01 fade_out_remainder_ms=120.33 fade_in_ms=29.13 total_ms=294.18
JOURNEY_PROGRESS {"attacks":76,"bosses":["boss_000","boss_001","boss_002"],"health":40.0,"player":[734.442810058594,1471.97412109375],"room":"room_034","steps":37,"tMs":216428,"velocity":[0.0,0.0]}
Loading resource: res://assets/characters/player_walk.png
Loading resource: res://.godot/imported/player_walk.png-d859f324b180e620b35176465490dc5b.ctex
Loading resource: res://assets/characters/player_run.png
Loading resource: res://.godot/imported/player_run.png-5e1ce216cbd5012d226154b2ece4de96.ctex
Loading resource: res://assets/characters/player_attack.png
Loading resource: res://.godot/imported/player_attack.png-4863c0bf2c0460d3acf05ba44fde6f12.ctex
Loading resource: res://assets/characters/player_hurt.png
Loading resource: res://.godot/imported/player_hurt.png-c4194612d851672462e70be083dfc07f.ctex
Loading resource: res://assets/characters/player_death.png
Loading resource: res://.godot/imported/player_death.png-c449be6e42ed0b63a564aca0303227d9.ctex
Loading resource: res://assets/characters/player_idle.png
Loading resource: res://.godot/imported/player_idle.png-57ac0c2f07b9c78d58884a3ea75b7817.ctex
Loading resource: res://assets/characters/player_walk.png
Loading resource: res://.godot/imported/player_walk.png-d859f324b180e620b35176465490dc5b.ctex
Loading resource: res://assets/characters/player_jump_start.png
Loading resource: res://.godot/imported/player_jump_start.png-31b8f78669a8f177025dfe4f1c97a7c8.ctex
Loading resource: res://assets/characters/player_jump.png
Loading resource: res://.godot/imported/player_jump.png-9a86ba95e37eabc7f640245357b986c1.ctex
Loading resource: res://assets/characters/player_fall.png
Loading resource: res://.godot/imported/player_fall.png-94cc22ab1c11bd32466bca9f5ab527db.ctex
Loading resource: res://assets/characters/player_land.png
Loading resource: res://.godot/imported/player_land.png-bf586b100a0da4f0aa95acb11fbc1f7d.ctex
Loading resource: res://assets/characters/player_dash.png
Loading resource: res://.godot/imported/player_dash.png-7ae88d1d170590815fc6d555ac1c1b62.ctex
Loading resource: res://assets/characters/player_air_dash.png
Loading resource: res://.godot/imported/player_air_dash.png-a17aeeea7ab8931b27ac07da8a9a7ff2.ctex
Loading resource: res://assets/characters/player_double_jump.png
Loading resource: res://.godot/imported/player_double_jump.png-2618f84677f00029c0b113f21f999b50.ctex
Loading resource: res://assets/characters/player_wall_slide.png
Loading resource: res://.godot/imported/player_wall_slide.png-5768614b71e9b3e0872f45ce5135734d.ctex
Loading resource: res://assets/characters/player_wall_jump.png
Loading resource: res://.godot/imported/player_wall_jump.png-30d156fc0d137391c640850602e5d41b.ctex
Loading resource: res://assets/characters/player_swim.png
Loading resource: res://.godot/imported/player_swim.png-183785111f8e5e270807e4b8d3b4c206.ctex
Loading resource: res://assets/characters/player_swim_idle.png
Loading resource: res://.godot/imported/player_swim_idle.png-5e9711526bd3abf4e7493d936b3c405c.ctex
Loading resource: res://assets/characters/player_attack_2.png
Loading resource: res://.godot/imported/player_attack_2.png-1c3f75e251b4adc983f5963fc1194ace.ctex
Loading resource: res://assets/characters/player_attack_3.png
Loading resource: res://.godot/imported/player_attack_3.png-a90ac90177309dd41c23d7a196b1ecc5.ctex
Loading resource: res://assets/characters/player_ground_slam_start.png
Loading resource: res://.godot/imported/player_ground_slam_start.png-35670b6c1cb5778bb4084d6cda5fca78.ctex
Loading resource: res://assets/characters/player_ground_slam_fall.png
Loading resource: res://.godot/imported/player_ground_slam_fall.png-1ad4ff118b2f4c88029b7f2bd3933c92.ctex
Loading resource: res://assets/characters/player_ground_slam_impact.png
Loading resource: res://.godot/imported/player_ground_slam_impact.png-df1883c04ae51799d954a523995e2d38.ctex
Loading resource: res://assets/characters/player_grapple.png
Loading resource: res://.godot/imported/player_grapple.png-c9312f27489134016e09b62924ccfc54.ctex
Loading resource: res://assets/characters/player_phase.png
Loading resource: res://.godot/imported/player_phase.png-3f765db36d4f954395040195c665afcc.ctex
Loading resource: res://assets/characters/player_respawn.png
Loading resource: res://.godot/imported/player_respawn.png-6711506d9e2421b29e0cf23ea3d836b5.ctex
Loading resource: res://assets/characters/player_interact.png
Loading resource: res://.godot/imported/player_interact.png-321dc2368f547749c59501183d04f4c3.ctex
Loading resource: res://assets/characters/player_ability_acquire.png
Loading resource: res://.godot/imported/player_ability_acquire.png-4b16c2516cf783e3158a3cf5318c7b80.ctex
Loading resource: res://assets/characters/player_idle.png
Loading resource: res://.godot/imported/player_idle.png-57ac0c2f07b9c78d58884a3ea75b7817.ctex
Loading resource: res://assets/characters/player_attack_2.png
Loading resource: res://.godot/imported/player_attack_2.png-1c3f75e251b4adc983f5963fc1194ace.ctex
Loading resource: res://assets/characters/player_attack_3.png
Loading resource: res://.godot/imported/player_attack_3.png-a90ac90177309dd41c23d7a196b1ecc5.ctex
Loading resource: res://assets/enemies/enemy_015_walk.png
Loading resource: res://.godot/imported/enemy_015_walk.png-2e816a90bd410174be23b64cd1b93e4d.ctex
Loading resource: res://assets/enemies/enemy_015_run.png
Loading resource: res://.godot/imported/enemy_015_run.png-11e8e135e9fa27961b2202f7bddafdb9.ctex
Loading resource: res://assets/enemies/enemy_015_attack.png
Loading resource: res://.godot/imported/enemy_015_attack.png-26a34999b23f98c4a16add67fd48f8d6.ctex
Loading resource: res://assets/enemies/enemy_015_hurt.png
Loading resource: res://.godot/imported/enemy_015_hurt.png-f63484a262a2152bd340e45273767ee7.ctex
Loading resource: res://assets/enemies/enemy_015_death.png
Loading resource: res://.godot/imported/enemy_015_death.png-9f7b8d88d46620e2997b01045a6bdb87.ctex
Loading resource: res://assets/enemies/enemy_000_idle.png
Loading resource: res://.godot/imported/enemy_000_idle.png-76c61c9d6383a2667495b6e586abbcc6.ctex
Loading resource: res://assets/enemies/enemy_015_idle.png
Loading resource: res://.godot/imported/enemy_015_idle.png-abc2bb93ec30c2d93384792af092ee09.ctex
Loading resource: res://assets/enemies/enemy_017_walk.png
Loading resource: res://.godot/imported/enemy_017_walk.png-c9eef9c8853743370a960b9967800039.ctex
Loading resource: res://assets/enemies/enemy_017_run.png
Loading resource: res://.godot/imported/enemy_017_run.png-afa21e77096335216eaec1c4d5ec8426.ctex
Loading resource: res://assets/enemies/enemy_017_attack.png
Loading resource: res://.godot/imported/enemy_017_attack.png-2c656b42959e0b4e7a07b3b2d0d169cc.ctex
Loading resource: res://assets/enemies/enemy_017_hurt.png
Loading resource: res://.godot/imported/enemy_017_hurt.png-b55f859ba7da4854da32f8f3ee15995a.ctex
Loading resource: res://assets/enemies/enemy_017_death.png
Loading resource: res://.godot/imported/enemy_017_death.png-a8a95c50de66905016104648b6d31996.ctex
Loading resource: res://assets/enemies/enemy_000_idle.png
Loading resource: res://.godot/imported/enemy_000_idle.png-76c61c9d6383a2667495b6e586abbcc6.ctex
Loading resource: res://assets/enemies/enemy_017_idle.png
Loading resource: res://.godot/imported/enemy_017_idle.png-f1b9e784a786855f8d18c46b5170ec12.ctex
Loading resource: res://assets/enemies/enemy_019_walk.png
Loading resource: res://.godot/imported/enemy_019_walk.png-55189d8fc3078caea65ff07b827bfefe.ctex
Loading resource: res://assets/enemies/enemy_019_run.png
Loading resource: res://.godot/imported/enemy_019_run.png-e464c1cc7b16f891fbb9831baf4f573d.ctex
Loading resource: res://assets/enemies/enemy_019_attack.png
Loading resource: res://.godot/imported/enemy_019_attack.png-ef22248047c7eb09b80b7557ca8ac950.ctex
Loading resource: res://assets/enemies/enemy_019_hurt.png
Loading resource: res://.godot/imported/enemy_019_hurt.png-53783d98a1ff67a3064be3f6b6fcd6ab.ctex
Loading resource: res://assets/enemies/enemy_019_death.png
Loading resource: res://.godot/imported/enemy_019_death.png-c54d46b52f8ef8976f5b7fef31b07dd0.ctex
Loading resource: res://assets/enemies/enemy_000_idle.png
Loading resource: res://.godot/imported/enemy_000_idle.png-76c61c9d6383a2667495b6e586abbcc6.ctex
Loading resource: res://assets/enemies/enemy_019_idle.png
Loading resource: res://.godot/imported/enemy_019_idle.png-ac73f3527e4144092eb031cb426d5b1a.ctex
Loading resource: res://scripts/shaders/water_surface.gdshader
JOURNEY_ROOM room_035
load_threaded_get_status(): No threaded load for resource path 'res://scenes/rooms/room_036.tscn' has been initiated or its result has already been collected.
Loading resource: res://scenes/rooms/room_036.tscn
load_threaded_get_status(): No threaded load for resource path 'res://scenes/rooms/room_037.tscn' has been initiated or its result has already been collected.
Loading resource: res://scenes/rooms/room_037.tscn
Loading resource: res://assets/props/biome_0/biome_0_prop_4.png
Loading resource: res://.godot/imported/biome_0_prop_4.png-3e477cd9fd333a2f7bb1206d873841a1.ctex
Loading resource: res://assets/props/biome_0/biome_0_prop_3.png
Loading resource: res://.godot/imported/biome_0_prop_3.png-73daeec458904d2d8774f8d068ddf645.ctex
Loading resource: res://assets/props/biome_0/biome_0_prop_5.png
Loading resource: res://.godot/imported/biome_0_prop_5.png-bfec1b2adaa6e97f9e107371a92144db.ctex
Loading resource: res://assets/architecture/stormglass/conditions/frozen_window.png
Loading resource: res://.godot/imported/frozen_window.png-c9c00392928b8bb71dade459989767be.ctex
Loading resource: res://assets/architecture/stormglass/conditions/frozen_gears.png
Loading resource: res://.godot/imported/frozen_gears.png-a4c6c764ac4d28c4caeea5a55c40a0c0.ctex
Loading resource: res://assets/architecture/stormglass/conditions/frozen_bell.png
Loading resource: res://.godot/imported/frozen_bell.png-53688fa9156757a0bede1ee61a03c465.ctex
TRANSITION_PROFILE from=room_034 to=room_035 physics_wait_ms=0.17 resource_ms=0.04 instantiate_ms=104.51 presentation_ms=1.06 fade_out_ms=234.99 fade_out_remainder_ms=126.96 fade_in_ms=132.32 total_ms=367.34
JOURNEY_PROGRESS {"attacks":80,"bosses":["boss_000","boss_001","boss_002"],"health":40.0,"player":[780.5205078125,2195.98071289063],"room":"room_035","steps":38,"tMs":221449,"velocity":[90.0,-494.666687011719]}
Loading resource: res://assets/characters/player_walk.png
Loading resource: res://.godot/imported/player_walk.png-d859f324b180e620b35176465490dc5b.ctex
Loading resource: res://assets/characters/player_run.png
Loading resource: res://.godot/imported/player_run.png-5e1ce216cbd5012d226154b2ece4de96.ctex
Loading resource: res://assets/characters/player_attack.png
Loading resource: res://.godot/imported/player_attack.png-4863c0bf2c0460d3acf05ba44fde6f12.ctex
Loading resource: res://assets/characters/player_hurt.png
Loading resource: res://.godot/imported/player_hurt.png-c4194612d851672462e70be083dfc07f.ctex
Loading resource: res://assets/characters/player_death.png
Loading resource: res://.godot/imported/player_death.png-c449be6e42ed0b63a564aca0303227d9.ctex
Loading resource: res://assets/characters/player_idle.png
Loading resource: res://.godot/imported/player_idle.png-57ac0c2f07b9c78d58884a3ea75b7817.ctex
Loading resource: res://assets/characters/player_walk.png
Loading resource: res://.godot/imported/player_walk.png-d859f324b180e620b35176465490dc5b.ctex
Loading resource: res://assets/characters/player_jump_start.png
Loading resource: res://.godot/imported/player_jump_start.png-31b8f78669a8f177025dfe4f1c97a7c8.ctex
Loading resource: res://assets/characters/player_jump.png
Loading resource: res://.godot/imported/player_jump.png-9a86ba95e37eabc7f640245357b986c1.ctex
Loading resource: res://assets/characters/player_fall.png
Loading resource: res://.godot/imported/player_fall.png-94cc22ab1c11bd32466bca9f5ab527db.ctex
Loading resource: res://assets/characters/player_land.png
Loading resource: res://.godot/imported/player_land.png-bf586b100a0da4f0aa95acb11fbc1f7d.ctex
Loading resource: res://assets/characters/player_dash.png
Loading resource: res://.godot/imported/player_dash.png-7ae88d1d170590815fc6d555ac1c1b62.ctex
Loading resource: res://assets/characters/player_air_dash.png
Loading resource: res://.godot/imported/player_air_dash.png-a17aeeea7ab8931b27ac07da8a9a7ff2.ctex
Loading resource: res://assets/characters/player_double_jump.png
Loading resource: res://.godot/imported/player_double_jump.png-2618f84677f00029c0b113f21f999b50.ctex
Loading resource: res://assets/characters/player_wall_slide.png
Loading resource: res://.godot/imported/player_wall_slide.png-5768614b71e9b3e0872f45ce5135734d.ctex
Loading resource: res://assets/characters/player_wall_jump.png
Loading resource: res://.godot/imported/player_wall_jump.png-30d156fc0d137391c640850602e5d41b.ctex
Loading resource: res://assets/characters/player_swim.png
Loading resource: res://.godot/imported/player_swim.png-183785111f8e5e270807e4b8d3b4c206.ctex
Loading resource: res://assets/characters/player_swim_idle.png
Loading resource: res://.godot/imported/player_swim_idle.png-5e9711526bd3abf4e7493d936b3c405c.ctex
Loading resource: res://assets/characters/player_attack_2.png
Loading resource: res://.godot/imported/player_attack_2.png-1c3f75e251b4adc983f5963fc1194ace.ctex
Loading resource: res://assets/characters/player_attack_3.png
Loading resource: res://.godot/imported/player_attack_3.png-a90ac90177309dd41c23d7a196b1ecc5.ctex
Loading resource: res://assets/characters/player_ground_slam_start.png
Loading resource: res://.godot/imported/player_ground_slam_start.png-35670b6c1cb5778bb4084d6cda5fca78.ctex
Loading resource: res://assets/characters/player_ground_slam_fall.png
Loading resource: res://.godot/imported/player_ground_slam_fall.png-1ad4ff118b2f4c88029b7f2bd3933c92.ctex
Loading resource: res://assets/characters/player_ground_slam_impact.png
Loading resource: res://.godot/imported/player_ground_slam_impact.png-df1883c04ae51799d954a523995e2d38.ctex
Loading resource: res://assets/characters/player_grapple.png
Loading resource: res://.godot/imported/player_grapple.png-c9312f27489134016e09b62924ccfc54.ctex
Loading resource: res://assets/characters/player_phase.png
Loading resource: res://.godot/imported/player_phase.png-3f765db36d4f954395040195c665afcc.ctex
Loading resource: res://assets/characters/player_respawn.png
Loading resource: res://.godot/imported/player_respawn.png-6711506d9e2421b29e0cf23ea3d836b5.ctex
Loading resource: res://assets/characters/player_interact.png
Loading resource: res://.godot/imported/player_interact.png-321dc2368f547749c59501183d04f4c3.ctex
Loading resource: res://assets/characters/player_ability_acquire.png
Loading resource: res://.godot/imported/player_ability_acquire.png-4b16c2516cf783e3158a3cf5318c7b80.ctex
Loading resource: res://assets/characters/player_idle.png
Loading resource: res://.godot/imported/player_idle.png-57ac0c2f07b9c78d58884a3ea75b7817.ctex
Loading resource: res://assets/characters/player_attack_2.png
Loading resource: res://.godot/imported/player_attack_2.png-1c3f75e251b4adc983f5963fc1194ace.ctex
Loading resource: res://assets/characters/player_attack_3.png
Loading resource: res://.godot/imported/player_attack_3.png-a90ac90177309dd41c23d7a196b1ecc5.ctex
Loading resource: res://assets/props/interact/save_shrine.png
Loading resource: res://.godot/imported/save_shrine.png-7c7937d95488683935d79327ccf91acd.ctex
Loading resource: res://assets/npcs/npc_003_walk.png
Loading resource: res://.godot/imported/npc_003_walk.png-a807d847affc7fbcb39fdcdac6e7d19a.ctex
Loading resource: res://assets/npcs/npc_003_idle.png
Loading resource: res://.godot/imported/npc_003_idle.png-dc0268123e68dfbc3acc8d0ae5f7b49f.ctex
Loading resource: res://assets/npcs/npc_003_talk.png
Loading resource: res://.godot/imported/npc_003_talk.png-e8c68aa0a78908127d9be473458da13e.ctex
Loading resource: res://assets/npcs/npc_003_listen.png
Loading resource: res://.godot/imported/npc_003_listen.png-6cd3b70036e48d112b37dbd870f89cb0.ctex
Loading resource: res://assets/npcs/npc_003_idle.png
Loading resource: res://.godot/imported/npc_003_idle.png-dc0268123e68dfbc3acc8d0ae5f7b49f.ctex
Loading resource: res://assets/npcs/npc_003_talk.png
Loading resource: res://.godot/imported/npc_003_talk.png-e8c68aa0a78908127d9be473458da13e.ctex
Loading resource: res://assets/npcs/npc_003_listen.png
Loading resource: res://.godot/imported/npc_003_listen.png-6cd3b70036e48d112b37dbd870f89cb0.ctex
Loading resource: res://assets/npcs/npc_007_walk.png
Loading resource: res://.godot/imported/npc_007_walk.png-b85ce47882ab5c4dd873ba4c43555645.ctex
Loading resource: res://assets/npcs/npc_007_idle.png
Loading resource: res://.godot/imported/npc_007_idle.png-d0553250ad23db1ed7aadc9433ff9135.ctex
Loading resource: res://assets/npcs/npc_007_talk.png
Loading resource: res://.godot/imported/npc_007_talk.png-5983fac43b7a9afd2c0f9ef0ad740f50.ctex
Loading resource: res://assets/npcs/npc_007_listen.png
Loading resource: res://.godot/imported/npc_007_listen.png-1307c23edf3930e8342b453173b51dc2.ctex
Loading resource: res://assets/npcs/npc_007_idle.png
Loading resource: res://.godot/imported/npc_007_idle.png-d0553250ad23db1ed7aadc9433ff9135.ctex
Loading resource: res://assets/npcs/npc_007_talk.png
Loading resource: res://.godot/imported/npc_007_talk.png-5983fac43b7a9afd2c0f9ef0ad740f50.ctex
Loading resource: res://assets/npcs/npc_007_listen.png
Loading resource: res://.godot/imported/npc_007_listen.png-1307c23edf3930e8342b453173b51dc2.ctex
Loading resource: res://scripts/shaders/water_surface.gdshader
JOURNEY_ROOM room_036
load_threaded_get_status(): No threaded load for resource path 'res://scenes/rooms/room_038.tscn' has been initiated or its result has already been collected.
Loading resource: res://scenes/rooms/room_038.tscn
Loading resource: res://assets/props/biome_0/biome_0_prop_1.png
Loading resource: res://.godot/imported/biome_0_prop_1.png-86880268cfd1f58e2534f2c37198f718.ctex
Loading resource: res://assets/props/biome_0/biome_0_prop_6.png
Loading resource: res://.godot/imported/biome_0_prop_6.png-f1219e3c174ea13acd6cd2cbc22eafed.ctex
Loading resource: res://assets/architecture/stormglass/conditions/frozen_bell.png
Loading resource: res://.godot/imported/frozen_bell.png-53688fa9156757a0bede1ee61a03c465.ctex
Loading resource: res://assets/architecture/stormglass/conditions/frozen_icicles.png
Loading resource: res://.godot/imported/frozen_icicles.png-db8b015a227626141bf70bb37a08b0da.ctex
TRANSITION_PROFILE from=room_035 to=room_036 physics_wait_ms=0.10 resource_ms=0.03 instantiate_ms=103.35 presentation_ms=1.03 fade_out_ms=224.35 fade_out_remainder_ms=118.96 fade_in_ms=127.10 total_ms=351.47
JOURNEY_PROGRESS {"attacks":81,"bosses":["boss_000","boss_001","boss_002"],"health":100.0,"player":[1319.35522460938,676.229858398438],"room":"room_036","steps":39,"tMs":226458,"velocity":[0.0,900.0]}
Loading resource: res://assets/characters/player_walk.png
Loading resource: res://.godot/imported/player_walk.png-d859f324b180e620b35176465490dc5b.ctex
Loading resource: res://assets/characters/player_run.png
Loading resource: res://.godot/imported/player_run.png-5e1ce216cbd5012d226154b2ece4de96.ctex
Loading resource: res://assets/characters/player_attack.png
Loading resource: res://.godot/imported/player_attack.png-4863c0bf2c0460d3acf05ba44fde6f12.ctex
Loading resource: res://assets/characters/player_hurt.png
Loading resource: res://.godot/imported/player_hurt.png-c4194612d851672462e70be083dfc07f.ctex
Loading resource: res://assets/characters/player_death.png
Loading resource: res://.godot/imported/player_death.png-c449be6e42ed0b63a564aca0303227d9.ctex
Loading resource: res://assets/characters/player_idle.png
Loading resource: res://.godot/imported/player_idle.png-57ac0c2f07b9c78d58884a3ea75b7817.ctex
Loading resource: res://assets/characters/player_walk.png
Loading resource: res://.godot/imported/player_walk.png-d859f324b180e620b35176465490dc5b.ctex
Loading resource: res://assets/characters/player_jump_start.png
Loading resource: res://.godot/imported/player_jump_start.png-31b8f78669a8f177025dfe4f1c97a7c8.ctex
Loading resource: res://assets/characters/player_jump.png
Loading resource: res://.godot/imported/player_jump.png-9a86ba95e37eabc7f640245357b986c1.ctex
Loading resource: res://assets/characters/player_fall.png
Loading resource: res://.godot/imported/player_fall.png-94cc22ab1c11bd32466bca9f5ab527db.ctex
Loading resource: res://assets/characters/player_land.png
Loading resource: res://.godot/imported/player_land.png-bf586b100a0da4f0aa95acb11fbc1f7d.ctex
Loading resource: res://assets/characters/player_dash.png
Loading resource: res://.godot/imported/player_dash.png-7ae88d1d170590815fc6d555ac1c1b62.ctex
Loading resource: res://assets/characters/player_air_dash.png
Loading resource: res://.godot/imported/player_air_dash.png-a17aeeea7ab8931b27ac07da8a9a7ff2.ctex
Loading resource: res://assets/characters/player_double_jump.png
Loading resource: res://.godot/imported/player_double_jump.png-2618f84677f00029c0b113f21f999b50.ctex
Loading resource: res://assets/characters/player_wall_slide.png
Loading resource: res://.godot/imported/player_wall_slide.png-5768614b71e9b3e0872f45ce5135734d.ctex
Loading resource: res://assets/characters/player_wall_jump.png
Loading resource: res://.godot/imported/player_wall_jump.png-30d156fc0d137391c640850602e5d41b.ctex
Loading resource: res://assets/characters/player_swim.png
Loading resource: res://.godot/imported/player_swim.png-183785111f8e5e270807e4b8d3b4c206.ctex
Loading resource: res://assets/characters/player_swim_idle.png
Loading resource: res://.godot/imported/player_swim_idle.png-5e9711526bd3abf4e7493d936b3c405c.ctex
Loading resource: res://assets/characters/player_attack_2.png
Loading resource: res://.godot/imported/player_attack_2.png-1c3f75e251b4adc983f5963fc1194ace.ctex
Loading resource: res://assets/characters/player_attack_3.png
Loading resource: res://.godot/imported/player_attack_3.png-a90ac90177309dd41c23d7a196b1ecc5.ctex
Loading resource: res://assets/characters/player_ground_slam_start.png
Loading resource: res://.godot/imported/player_ground_slam_start.png-35670b6c1cb5778bb4084d6cda5fca78.ctex
Loading resource: res://assets/characters/player_ground_slam_fall.png
Loading resource: res://.godot/imported/player_ground_slam_fall.png-1ad4ff118b2f4c88029b7f2bd3933c92.ctex
Loading resource: res://assets/characters/player_ground_slam_impact.png
Loading resource: res://.godot/imported/player_ground_slam_impact.png-df1883c04ae51799d954a523995e2d38.ctex
Loading resource: res://assets/characters/player_grapple.png
Loading resource: res://.godot/imported/player_grapple.png-c9312f27489134016e09b62924ccfc54.ctex
Loading resource: res://assets/characters/player_phase.png
Loading resource: res://.godot/imported/player_phase.png-3f765db36d4f954395040195c665afcc.ctex
Loading resource: res://assets/characters/player_respawn.png
Loading resource: res://.godot/imported/player_respawn.png-6711506d9e2421b29e0cf23ea3d836b5.ctex
Loading resource: res://assets/characters/player_interact.png
Loading resource: res://.godot/imported/player_interact.png-321dc2368f547749c59501183d04f4c3.ctex
Loading resource: res://assets/characters/player_ability_acquire.png
Loading resource: res://.godot/imported/player_ability_acquire.png-4b16c2516cf783e3158a3cf5318c7b80.ctex
Loading resource: res://assets/characters/player_idle.png
Loading resource: res://.godot/imported/player_idle.png-57ac0c2f07b9c78d58884a3ea75b7817.ctex
Loading resource: res://assets/characters/player_attack_2.png
Loading resource: res://.godot/imported/player_attack_2.png-1c3f75e251b4adc983f5963fc1194ace.ctex
Loading resource: res://assets/characters/player_attack_3.png
Loading resource: res://.godot/imported/player_attack_3.png-a90ac90177309dd41c23d7a196b1ecc5.ctex
Loading resource: res://assets/bosses/boss_final_walk.png
Loading resource: res://.godot/imported/boss_final_walk.png-90d327fd304222dd5ef0a80173a0c054.ctex
Loading resource: res://assets/bosses/boss_final_run.png
Loading resource: res://.godot/imported/boss_final_run.png-e2436c3087e76c8ff0976788757af66f.ctex
Loading resource: res://assets/bosses/boss_final_attack.png
Loading resource: res://.godot/imported/boss_final_attack.png-765758524586c19a35e5a2727bbb88a5.ctex
Loading resource: res://assets/bosses/boss_final_hurt.png
Loading resource: res://.godot/imported/boss_final_hurt.png-0ae30d02877cc6651aa96985ce70a68f.ctex
Loading resource: res://assets/bosses/boss_final_death.png
Loading resource: res://.godot/imported/boss_final_death.png-57e02587d623006a01739bdbc9b4345f.ctex
Loading resource: res://assets/bosses/boss_final_idle.png
Loading resource: res://.godot/imported/boss_final_idle.png-a1564ea4af5a3b603eccd2f8d214241e.ctex
Loading resource: res://assets/bosses/boss_final_telegraph.png
Loading resource: res://.godot/imported/boss_final_telegraph.png-c3c10e7971698929ab3a65bcbc29fe43.ctex
Loading resource: res://assets/bosses/boss_final_recovery.png
Loading resource: res://.godot/imported/boss_final_recovery.png-91ab69018a5043c60cc9686134267203.ctex
Loading resource: res://assets/bosses/boss_final_attack_projectile.png
Loading resource: res://.godot/imported/boss_final_attack_projectile.png-9e86c807abb19787a7fa9cf9efb71b27.ctex
Loading resource: res://assets/bosses/boss_final_attack_burst.png
Loading resource: res://.godot/imported/boss_final_attack_burst.png-762bf83b03e1fbba13118507c389ece0.ctex
Loading resource: res://assets/bosses/boss_final_idle.png
Loading resource: res://.godot/imported/boss_final_idle.png-a1564ea4af5a3b603eccd2f8d214241e.ctex
Loading resource: res://assets/bosses/boss_final_telegraph.png
Loading resource: res://.godot/imported/boss_final_telegraph.png-c3c10e7971698929ab3a65bcbc29fe43.ctex
Loading resource: res://assets/bosses/boss_final_recovery.png
Loading resource: res://.godot/imported/boss_final_recovery.png-91ab69018a5043c60cc9686134267203.ctex
Loading resource: res://assets/bosses/boss_final_attack_projectile.png
Loading resource: res://.godot/imported/boss_final_attack_projectile.png-9e86c807abb19787a7fa9cf9efb71b27.ctex
Loading resource: res://assets/bosses/boss_final_attack_burst.png
Loading resource: res://.godot/imported/boss_final_attack_burst.png-762bf83b03e1fbba13118507c389ece0.ctex
Loading resource: res://scripts/shaders/water_surface.gdshader
Loading resource: res://audio/music/boss.wav
Loading resource: res://.godot/imported/boss.wav-394a0e64a4290d255e56b5ef22f0f495.sample
JOURNEY_ROOM room_038
load_threaded_get_status(): No threaded load for resource path 'res://scenes/rooms/room_039.tscn' has been initiated or its result has already been collected.
Loading resource: res://scenes/rooms/room_039.tscn
JOURNEY_COMBAT {"attacks":81,"boss":"boss_final","bossHealth":200.0,"bossY":1087.92529296875,"distance":1041.59997558594,"phase":1,"playerHealth":100.0,"playerY":1088.0}
Loading resource: res://assets/props/biome_0/biome_0_prop_8.png
Loading resource: res://.godot/imported/biome_0_prop_8.png-b15de6f6b4655c20288f53adf905da33.ctex
Loading resource: res://assets/props/biome_0/biome_0_prop_4.png
Loading resource: res://.godot/imported/biome_0_prop_4.png-3e477cd9fd333a2f7bb1206d873841a1.ctex
Loading resource: res://assets/architecture/stormglass/conditions/frozen_icicles.png
Loading resource: res://.godot/imported/frozen_icicles.png-db8b015a227626141bf70bb37a08b0da.ctex
Loading resource: res://assets/architecture/stormglass/conditions/frozen_bell.png
Loading resource: res://.godot/imported/frozen_bell.png-53688fa9156757a0bede1ee61a03c465.ctex
Loading resource: res://assets/architecture/stormglass/conditions/frozen_gears.png
Loading resource: res://.godot/imported/frozen_gears.png-a4c6c764ac4d28c4caeea5a55c40a0c0.ctex
TRANSITION_PROFILE from=room_036 to=room_038 physics_wait_ms=0.11 resource_ms=0.03 instantiate_ms=263.40 presentation_ms=5.74 fade_out_ms=949.07 fade_out_remainder_ms=122.89 fade_in_ms=153.71 total_ms=1102.81
JOURNEY_PROGRESS {"attacks":81,"bosses":["boss_000","boss_001","boss_002"],"health":100.0,"player":[755.24169921875,952.979675292969],"room":"room_038","steps":40,"tMs":231743,"velocity":[0.0,-249.666549682617]}
JOURNEY_COMBAT {"attacks":81,"boss":"boss_final","bossHealth":200.0,"bossY":1087.92529296875,"distance":187.826232910156,"phase":1,"playerHealth":100.0,"playerY":1087.92529296875}
Loading resource: res://scenes/enemies/Projectile.tscn
Loading resource: res://assets/vfx/ranged_projectile.png
Loading resource: res://.godot/imported/ranged_projectile.png-cf57c54979fe6b1c93302e0dd9a24a10.ctex
Loading resource: res://assets/vfx/projectile_trail.png
Loading resource: res://.godot/imported/projectile_trail.png-00b19686ba30c3b9f71c092ad7447538.ctex
Loading resource: res://scenes/enemies/Projectile.tscn
JOURNEY_PROGRESS {"attacks":87,"bosses":["boss_000","boss_001","boss_002"],"health":90.0,"player":[1071.28588867188,1087.92529296875],"room":"room_038","steps":40,"tMs":236749,"velocity":[90.0,0.0]}
JOURNEY_COMBAT {"attacks":90,"boss":"boss_final","bossHealth":120.0,"bossY":1087.92529296875,"distance":37.392333984375,"phase":1,"playerHealth":90.0,"playerY":1087.92529296875}
Loading resource: res://scenes/enemies/Projectile.tscn
Loading resource: res://assets/vfx/ranged_projectile.png
Loading resource: res://.godot/imported/ranged_projectile.png-cf57c54979fe6b1c93302e0dd9a24a10.ctex
Loading resource: res://assets/vfx/projectile_trail.png
Loading resource: res://.godot/imported/projectile_trail.png-00b19686ba30c3b9f71c092ad7447538.ctex
Loading resource: res://scenes/enemies/Projectile.tscn
Loading resource: res://assets/vfx/ranged_projectile.png
Loading resource: res://.godot/imported/ranged_projectile.png-cf57c54979fe6b1c93302e0dd9a24a10.ctex
Loading resource: res://assets/vfx/projectile_trail.png
Loading resource: res://.godot/imported/projectile_trail.png-00b19686ba30c3b9f71c092ad7447538.ctex
JOURNEY_PROGRESS {"attacks":100,"bosses":["boss_000","boss_001","boss_002"],"health":70.0,"player":[1310.66650390625,1087.92529296875],"room":"room_038","steps":40,"tMs":241755,"velocity":[0.0,0.0]}
Loading resource: res://scenes/enemies/Projectile.tscn
Loading resource: res://assets/vfx/ranged_projectile.png
Loading resource: res://.godot/imported/ranged_projectile.png-cf57c54979fe6b1c93302e0dd9a24a10.ctex
Loading resource: res://assets/vfx/projectile_trail.png
Loading resource: res://.godot/imported/projectile_trail.png-00b19686ba30c3b9f71c092ad7447538.ctex
JOURNEY_COMBAT {"attacks":102,"boss":"boss_final","bossHealth":0.0,"bossY":1087.92529296875,"distance":50.964111328125,"phase":2,"playerHealth":60.0,"playerY":1087.92529296875}
JOURNEY_RESULT {"passed":true,"reason":"","room":"room_038","stage":"","steps":40}
XR: Clearing primary interface
XR: Removed interface "Native mobile"
XR: Removed interface "OpenXR"
WARNING: ObjectDB instances leaked at exit (run with --verbose for details).
   at: cleanup (core/object/object.cpp:2641)
Leaked instance: RefCounted:9223373471038310975 - Reference count: 0
Leaked instance: RefCounted:9223373051205258283 - Reference count: 0
Leaked instance: RefCounted:9223372342988639310 - Reference count: 0
Leaked instance: RefCounted:9223372709436591445 - Reference count: 0
Leaked instance: RefCounted:9223373405774941720 - Reference count: 0
Hint: Leaked instances typically happen when nodes are removed from the scene tree (with `remove_child()`) but not freed (with `free()` or `queue_free()`).
